# The groups of orthologs are given as matrix with group per row
# and one genome per tab-separated column. Numbers refer to
# entry number as listed in the file "Map-SeqNum-id.map.
# Alternatively, use the OrthologousGroup.txt representation.
Aguila	Aliame	Alichi	Ambrad	Avestruz	Boa	Bufalo	Bufo	Bugar	Caballo	Calmil	Carcar	Chipla	Chodid	Cisnene	Cisnevul	Codorniz	Colicorto	Colimbo	Conejo	Cuco	Dasnov	Demonio	Dorexc	Elefante	Elgaweb	Emu	Equidna	Funhet	Gallina	Gallo	Gasacu	Gecko	Geose	Grulla	Hemicape	Hemoce	Humano	Hypsab	Inambu	Kiwi	Latcha	Lemur	Leueri	Manati	Mardo	Masarm	Melabo	Microuni	Mobhyp	Monito	Mouse	Mugcep	Murcielago	Musarana	Nandu	Ormela	Ornitorrinco	PatoCollar	Patozam	Pavo	Perdiz	Perro	Plewal	Podara	Porron	Pripec	Proann	Punpun	Ratem	Rhina	Rhityp	Scomax	Scycan	Sorex	Takfla	Tenrec	Toboba	Torchina	Tordia	Torver	Tuatara	Tupaia	Vencejo	Xetro	Zaraus
241	271	266	261	251	263	251	0	0	257	266	280	296	251	239	233	236	254	244	264	241	245	254	379	225	271	259	238	426	236	221	401	272	250	250	283	285	328	282	238	261	297	268	273	246	251	392	412	265	266	256	243	385	251	245	241	402	252	248	245	248	231	248	301	288	240	267	295	398	0	291	291	397	277	248	378	242	264	283	293	273	211	245	221	0	252
0	270	265	260	250	262	250	283	293	256	230	129	124	250	219	0	0	253	243	263	240	244	0	378	252	270	258	237	425	0	193	400	271	249	0	282	269	295	122	0	0	203	267	251	245	250	391	411	264	194	255	242	384	250	244	222	401	251	0	0	247	0	247	300	287	0	251	189	397	286	290	203	396	153	247	377	241	263	282	292	0	55	244	0	268	251
0	0	0	0	0	0	0	0	0	0	0	0	0	0	0	0	0	0	0	0	0	0	0	334	0	0	0	0	221	0	0	305	0	0	0	0	0	0	0	0	0	0	0	0	0	0	349	377	0	0	0	0	338	0	0	0	224	0	0	0	0	0	0	0	0	0	0	0	301	0	0	0	395	0	0	350	0	0	0	0	0	0	0	0	0	0
242	272	267	262	252	264	252	284	294	258	267	281	297	252	240	234	237	255	245	265	242	246	255	356	253	272	260	239	360	237	222	361	273	251	251	284	286	288	283	219	262	298	269	274	247	252	0	227	266	267	257	244	362	252	246	242	259	253	249	246	249	232	249	302	289	241	268	296	363	208	292	292	225	278	249	359	243	265	284	294	274	253	0	222	269	253
0	0	0	0	0	0	0	0	0	0	0	0	0	0	0	0	0	0	0	0	0	0	0	381	0	0	0	0	428	0	0	403	0	0	0	0	0	0	0	0	0	0	0	0	0	0	394	414	0	0	0	0	387	0	0	0	404	0	0	0	0	0	0	0	0	0	0	0	400	0	0	0	398	0	0	379	0	0	0	0	0	0	0	0	0	0
235	265	259	253	244	257	245	277	289	249	261	276	290	244	233	228	230	247	238	258	237	237	245	373	246	265	253	231	421	230	215	396	264	241	245	276	281	231	276	0	255	294	260	269	239	243	386	406	258	260	247	234	379	243	236	236	397	243	242	239	242	226	240	297	281	234	263	288	392	281	282	0	391	273	240	373	234	257	275	286	267	165	237	215	262	243
0	206	205	222	0	0	0	0	0	0	262	0	291	0	0	0	0	0	0	0	0	0	0	374	0	0	0	0	0	0	0	397	0	224	0	0	282	0	277	0	0	0	0	270	0	0	387	407	205	261	0	0	380	0	0	0	0	0	0	0	0	0	0	187	221	0	264	259	393	0	230	287	392	0	0	374	0	197	214	266	203	0	0	0	226	0
0	0	0	0	0	0	0	0	0	0	0	0	0	0	0	0	0	0	0	0	0	0	0	380	0	0	0	0	427	0	0	402	0	0	0	0	0	0	0	0	0	0	0	0	0	0	393	413	0	0	0	0	386	0	0	0	403	0	0	0	0	0	0	0	0	0	0	0	399	0	0	0	223	0	0	319	0	0	0	0	0	0	0	0	0	0
0	0	0	0	0	0	0	253	256	0	0	0	0	0	0	0	0	0	0	0	0	0	0	0	0	0	0	0	0	0	0	0	0	0	0	0	0	0	0	0	0	0	0	0	0	0	0	0	0	0	0	0	0	0	0	0	0	0	0	0	0	0	0	0	0	0	0	0	0	203	0	0	0	0	0	0	0	0	0	0	0	0	0	0	0	0
0	0	0	254	0	0	0	278	290	0	168	149	166	0	0	0	0	0	0	0	0	0	0	0	0	0	0	232	0	0	0	0	0	242	0	0	0	0	177	0	0	283	0	175	0	0	0	0	0	148	0	0	0	0	0	0	0	0	0	0	0	0	0	298	0	0	118	0	0	0	283	227	0	184	0	0	0	0	0	0	0	0	0	0	0	0
0	22	225	0	0	0	0	0	0	0	0	0	0	0	0	0	0	0	0	0	0	0	0	0	0	0	0	0	0	0	0	0	0	0	0	0	0	0	0	0	0	0	0	0	0	0	0	0	0	0	0	0	0	0	0	0	0	0	0	0	0	0	0	0	0	0	0	0	0	0	0	0	0	0	0	0	0	0	0	0	0	0	0	0	0	0
234	264	216	252	243	256	244	276	288	248	165	168	156	243	232	227	229	246	237	257	236	236	244	238	245	264	252	230	314	229	214	252	263	240	244	275	122	43	192	0	254	179	259	107	238	242	385	321	257	188	246	233	296	242	235	235	0	242	241	238	0	225	239	296	280	233	147	287	254	280	281	157	327	232	239	352	233	256	274	285	266	201	236	214	261	242
111	119	119	84	113	108	128	107	101	129	69	60	65	124	112	105	105	124	114	130	114	122	126	0	123	120	119	119	0	112	119	0	118	98	114	120	68	221	60	93	113	233	129	57	127	121	0	0	98	228	123	136	0	128	121	115	0	126	109	110	87	106	133	107	121	111	59	100	0	106	99	62	0	234	131	0	122	120	119	123	126	39	124	107	125	116
112	120	0	85	114	109	129	108	102	130	70	61	66	125	113	106	106	125	115	131	115	123	127	119	124	121	120	120	126	113	120	124	119	99	115	121	69	281	61	0	114	81	130	58	128	122	143	133	221	60	124	137	134	129	122	116	132	127	110	111	88	107	134	108	122	112	60	101	131	107	100	63	134	235	132	128	0	121	120	124	127	0	125	108	126	117
113	121	120	86	115	110	130	109	103	131	71	62	67	126	114	107	107	126	116	132	116	124	128	120	125	122	121	121	127	114	121	125	120	100	116	122	70	257	62	0	115	82	131	59	129	123	144	134	99	61	125	138	135	130	123	117	133	128	111	112	89	108	135	109	123	113	61	102	132	108	101	64	135	69	133	129	123	122	121	125	128	0	126	109	127	118
0	0	0	0	0	0	0	0	0	0	0	0	0	0	0	0	0	0	0	0	0	0	0	118	0	0	0	0	125	0	0	123	0	0	0	0	0	0	0	0	0	0	0	0	0	0	142	132	0	0	0	0	273	0	0	0	248	0	0	0	0	0	0	0	0	0	0	0	130	0	0	0	133	0	0	127	0	0	0	0	0	0	0	0	0	0
0	0	0	0	0	0	0	0	0	0	0	0	0	0	0	0	0	0	0	0	0	0	0	216	0	0	0	0	350	0	0	378	0	0	0	0	0	0	0	0	0	0	0	0	0	0	274	286	0	0	0	0	277	0	0	0	242	0	0	0	0	0	0	0	0	0	0	0	213	0	0	0	322	0	0	126	0	0	0	0	0	0	0	0	0	0
240	269	264	259	249	261	227	0	0	255	152	256	228	249	238	232	235	225	242	228	0	243	252	0	251	269	257	236	0	235	220	0	269	248	249	203	190	13	195	237	260	218	266	177	244	249	0	0	263	189	254	241	0	249	243	240	0	250	247	244	0	193	246	299	235	239	181	294	0	0	289	263	0	134	246	0	0	262	281	291	272	0	243	220	0	0
0	202	231	211	0	0	0	245	257	0	112	284	232	0	0	0	0	0	0	0	0	0	0	390	0	244	0	0	438	0	0	411	0	229	0	199	167	0	217	0	0	221	0	188	0	0	403	421	219	140	0	0	397	0	0	0	411	0	0	0	0	0	0	284	239	0	273	271	409	202	250	279	408	206	0	388	0	198	211	265	221	0	0	0	228	215
16	16	0	12	15	16	17	17	15	16	111	115	177	15	0	0	0	14	16	15	16	15	13	14	16	0	15	16	17	0	0	16	17	16	16	15	263	294	259	0	16	15	16	254	0	15	20	17	17	121	210	16	18	17	17	15	18	17	0	0	0	0	16	16	17	0	241	0	18	18	17	112	17	12	17	16	16	16	16	16	17	18	14	0	16	15
0	0	0	0	0	0	0	0	0	0	0	0	0	0	0	0	0	0	0	0	0	0	0	0	0	0	0	0	0	0	0	0	0	0	0	0	0	0	268	0	0	0	0	0	0	0	0	0	0	248	0	0	0	0	0	0	0	0	0	0	0	0	0	0	0	0	220	0	0	0	0	0	0	0	0	0	0	0	0	0	0	0	0	0	0	0
233	263	258	251	242	255	243	275	287	247	260	275	289	242	231	226	228	245	236	256	235	235	243	372	244	263	251	229	420	228	213	395	262	239	243	274	280	40	275	231	253	293	258	268	237	241	384	405	256	259	245	232	378	241	234	234	396	241	240	237	241	224	238	295	279	232	262	286	391	279	280	285	390	272	238	372	232	255	273	284	265	90	235	213	260	241
23	23	22	0	22	21	24	0	22	23	0	230	0	0	20	18	21	0	23	0	23	0	0	0	0	24	20	0	0	20	21	0	24	23	23	22	0	0	0	0	22	20	23	0	23	0	0	0	23	0	19	23	0	0	0	22	0	0	21	20	0	20	23	23	24	19	0	0	0	25	24	0	0	0	0	0	0	22	22	23	23	64	0	18	0	21
236	226	0	255	245	227	217	0	291	217	263	277	292	246	234	207	231	0	196	229	200	239	247	353	0	238	188	0	0	231	216	213	243	243	223	277	178	23	278	233	256	295	242	164	211	245	388	0	259	262	249	236	264	0	238	209	0	245	243	240	243	227	241	222	282	235	169	0	0	282	284	0	301	217	0	243	0	258	276	271	268	115	238	216	264	245
17	17	17	13	16	0	18	18	16	17	14	177	280	16	208	173	16	15	17	16	17	16	14	0	0	18	16	17	0	15	15	0	18	17	17	16	13	206	265	14	17	16	17	7	17	16	22	19	18	250	216	0	20	18	18	16	20	18	16	15	14	15	17	17	18	204	10	0	0	19	18	0	0	13	18	0	0	17	17	17	18	57	15	13	17	16
22	0	0	223	21	20	23	23	21	22	129	12	249	20	19	17	20	20	22	21	22	21	18	0	21	23	19	22	26	19	20	24	23	22	22	21	15	227	109	0	21	19	22	9	22	21	29	26	22	11	18	22	28	23	22	21	0	23	20	19	17	19	22	22	23	18	193	0	0	24	23	149	0	15	23	22	22	21	213	22	22	145	18	17	21	20
20	20	20	0	19	18	21	21	19	20	0	0	0	19	18	16	19	18	20	19	20	19	16	288	19	21	18	20	349	18	18	316	21	20	20	19	0	323	0	16	20	246	20	0	20	0	267	362	21	0	17	20	291	21	21	19	277	21	19	18	16	18	20	20	21	17	0	256	305	22	21	0	360	0	21	284	20	20	20	20	21	0	214	16	19	19
0	0	0	17	0	0	0	0	0	0	16	0	13	0	0	0	0	0	0	0	0	0	0	0	0	0	0	0	0	0	0	0	0	0	0	0	16	0	12	0	0	0	0	10	0	0	0	0	0	12	0	0	0	0	0	0	0	0	0	0	0	0	0	0	0	0	12	17	28	0	0	236	0	16	0	0	0	0	0	0	0	0	0	0	0	0
0	0	0	0	0	0	0	0	0	0	0	0	0	0	0	0	0	21	0	22	0	0	19	0	22	0	0	210	0	0	0	0	0	0	0	0	0	253	0	0	0	0	0	0	0	22	0	0	0	0	0	0	0	24	0	0	0	0	0	0	0	0	0	0	0	0	0	0	0	0	0	0	0	0	24	0	23	0	0	0	0	0	19	0	0	0
0	0	0	0	0	0	0	0	0	0	0	0	0	0	0	0	0	0	0	0	0	0	0	16	0	0	0	0	20	0	0	18	0	0	0	0	0	0	0	0	0	0	0	0	0	0	23	20	0	0	0	0	21	0	0	0	21	0	0	0	0	0	0	0	0	0	0	0	21	0	0	0	20	0	0	18	0	0	0	0	0	0	0	0	0	0
18	18	18	14	17	17	19	19	17	18	15	11	12	17	16	14	17	16	18	17	18	17	216	17	0	19	224	18	21	16	16	19	19	18	18	17	14	6	11	0	18	17	18	8	18	17	24	21	19	10	15	18	22	19	19	17	22	19	17	16	0	16	18	18	19	15	11	264	22	20	19	152	21	14	19	0	18	18	18	18	19	122	0	14	18	17
0	0	0	0	0	0	0	0	0	0	0	0	0	0	0	0	0	0	0	0	0	0	0	15	0	0	0	0	0	0	0	0	0	0	0	0	0	0	0	0	0	0	0	0	0	0	21	18	0	0	0	0	19	0	0	0	19	0	0	0	0	0	0	0	0	0	0	0	19	0	0	0	18	0	0	17	0	0	0	0	0	0	0	0	0	0
19	19	19	15	18	188	20	20	18	19	188	0	225	18	17	15	18	17	19	18	19	18	15	18	0	20	17	19	22	17	17	20	20	19	19	18	166	289	97	0	19	230	19	161	19	18	25	22	20	229	16	19	23	20	20	18	23	20	18	17	15	17	19	19	20	16	125	0	23	21	20	9	22	242	20	20	19	19	19	19	20	247	16	15	0	18
24	24	23	0	23	22	0	25	23	0	0	13	14	21	21	19	22	22	24	23	24	23	0	0	23	25	21	23	0	21	22	0	25	24	24	23	17	11	13	0	23	173	24	0	0	23	260	0	206	0	20	24	0	25	24	23	0	25	22	21	18	21	24	24	25	20	13	18	324	26	0	0	0	17	25	275	24	23	23	24	24	197	20	19	23	22
0	0	0	0	0	195	0	0	0	0	0	0	0	0	0	0	0	0	0	0	0	215	217	0	0	0	0	197	0	0	0	0	210	0	0	0	0	0	0	0	0	0	0	0	0	0	0	0	0	0	0	0	0	0	0	0	0	212	0	0	0	0	0	0	0	0	0	0	0	0	0	0	0	0	0	0	212	0	0	0	0	0	222	0	0	0
0	0	0	0	0	0	0	0	0	0	0	0	0	0	0	0	0	0	0	0	0	0	20	0	0	0	0	0	29	0	0	26	0	0	0	0	0	0	0	222	0	0	0	0	0	0	340	368	0	0	0	0	29	0	0	0	31	0	0	0	0	0	0	0	0	0	0	0	347	0	0	0	28	0	0	24	0	0	0	0	0	0	0	0	0	0
0	0	0	0	0	0	0	0	0	250	0	0	0	245	0	0	0	248	0	259	0	238	246	237	0	0	0	0	261	0	0	223	0	0	0	0	0	145	0	0	0	0	261	0	240	244	224	220	0	0	248	235	213	244	237	0	288	244	0	0	0	0	219	0	0	0	0	0	241	252	0	0	267	0	241	206	235	0	0	0	0	0	0	0	263	244
0	0	0	0	0	0	0	0	0	0	0	0	0	0	0	0	0	0	0	0	0	0	0	266	0	0	0	0	337	0	0	248	0	0	0	0	0	0	0	0	0	0	0	0	0	0	293	320	0	0	0	0	25	0	0	0	25	0	0	0	0	0	0	0	0	0	0	0	246	0	0	0	333	0	0	353	0	0	0	0	0	0	0	0	0	0
272	303	296	284	281	294	291	311	317	302	290	150	316	291	267	262	265	292	0	306	271	286	294	0	293	303	230	275	0	267	0	0	304	281	278	315	199	212	303	0	290	326	307	99	0	289	0	0	0	290	295	286	0	293	284	271	0	291	277	273	0	260	293	326	319	269	129	0	0	315	0	213	0	212	288	0	0	296	316	326	304	195	205	249	306	289
246	208	220	0	214	0	257	240	249	265	0	0	0	257	198	191	185	259	209	271	244	252	214	0	0	215	197	0	0	199	228	0	275	0	208	210	0	316	0	210	200	235	273	0	251	0	0	0	0	0	262	251	0	0	253	185	0	0	251	198	167	190	256	207	266	180	0	0	0	250	221	0	0	0	255	0	249	224	240	227	208	242	252	173	274	257
0	0	0	16	0	0	0	0	0	0	187	0	0	0	0	0	0	0	0	0	0	0	0	0	0	0	0	0	0	0	0	0	0	0	0	0	0	0	234	0	0	0	0	135	0	0	0	0	0	216	0	0	0	0	0	0	0	0	0	0	0	0	0	0	0	0	95	0	0	0	0	125	0	169	0	0	0	0	0	0	0	10	0	0	0	0
0	0	0	0	0	0	0	0	0	0	0	0	0	0	0	0	0	0	0	0	0	0	0	19	0	0	0	0	23	0	0	21	0	0	0	0	0	0	0	0	0	0	0	0	0	0	26	23	0	0	0	0	24	0	0	0	24	0	0	0	0	0	0	0	0	0	0	0	24	0	0	0	23	0	0	21	0	0	0	0	0	0	0	0	0	0
244	273	268	263	253	242	255	0	0	262	268	282	298	225	183	235	202	209	186	268	187	249	258	207	257	200	192	200	430	238	225	0	197	0	214	213	287	230	284	239	219	299	241	125	249	255	396	416	210	268	259	248	389	255	250	199	406	208	200	248	0	198	253	0	261	242	269	226	402	0	238	0	400	279	219	382	246	266	285	295	238	12	249	185	270	207
273	304	0	285	282	295	292	312	318	303	291	303	317	292	268	263	266	293	273	307	272	287	295	419	294	304	286	276	470	268	257	441	305	282	279	316	306	197	304	266	291	327	308	291	282	290	226	453	298	291	296	287	430	294	285	272	443	292	278	274	270	261	294	327	320	270	290	324	439	316	182	0	437	299	222	416	281	297	317	327	305	150	287	250	307	290
243	222	194	0	206	241	223	0	0	261	0	0	0	226	215	202	200	210	210	216	188	217	211	0	256	198	190	242	0	208	224	404	196	0	212	215	0	315	0	194	215	0	239	0	216	213	0	0	0	0	225	247	0	213	249	200	0	0	188	247	0	196	252	0	262	191	0	0	0	0	0	0	0	0	252	0	206	245	205	263	231	0	212	188	0	204
201	207	189	0	204	243	224	260	262	263	0	0	0	255	214	204	203	258	183	269	186	250	259	0	223	201	193	243	0	209	226	0	198	0	215	214	0	301	0	196	216	0	240	0	222	215	0	0	0	0	260	249	0	212	251	201	0	256	202	214	0	197	254	0	260	193	0	0	0	257	0	0	0	0	253	0	247	244	209	264	240	16	0	186	0	255
247	275	270	264	255	266	259	286	296	267	0	138	130	259	242	237	239	260	247	273	245	254	261	385	260	274	262	245	434	240	229	407	276	253	253	286	109	251	143	241	264	245	275	257	252	257	399	418	267	125	263	253	392	259	255	244	409	258	252	250	251	234	258	304	291	244	93	297	405	288	294	0	403	155	257	385	251	268	287	297	276	213	0	224	275	258
202	0	196	0	205	0	0	0	0	0	0	0	0	0	216	203	199	0	214	0	189	0	0	0	0	0	191	0	0	206	230	0	0	0	213	0	0	0	0	193	218	0	0	0	0	0	0	0	0	0	0	0	0	0	0	202	0	0	185	215	0	0	0	0	0	192	0	0	0	0	0	0	0	0	0	0	0	0	0	0	0	0	0	0	0	0
0	0	0	0	0	0	0	262	269	0	0	0	0	0	0	0	0	0	0	0	0	0	0	0	0	0	0	0	0	0	0	0	0	0	0	0	0	0	0	0	0	0	0	0	0	0	0	0	0	0	0	0	0	0	0	0	0	0	0	0	0	0	0	245	0	0	0	0	0	259	0	293	0	0	0	0	0	0	0	0	0	0	0	0	272	0
194	203	207	0	216	0	0	0	0	0	0	0	0	0	196	192	0	0	194	0	195	0	0	0	0	0	199	0	0	200	198	0	0	0	206	0	0	0	0	180	198	0	0	0	0	0	0	0	0	0	0	0	0	0	0	184	0	0	189	197	165	192	0	0	0	178	0	0	0	0	0	0	0	0	0	0	0	225	243	229	218	0	0	171	0	0
21	21	21	0	20	19	22	22	20	21	0	0	0	0	218	0	0	0	21	20	21	20	0	0	20	22	234	21	0	0	19	0	22	21	21	20	0	47	0	0	205	0	21	0	21	0	0	0	0	0	0	21	0	0	221	20	0	22	0	0	0	179	0	21	22	0	0	16	0	0	0	0	0	0	22	0	21	218	21	21	0	0	17	205	0	0
0	0	0	0	0	0	0	0	0	0	0	0	0	0	0	0	0	0	0	0	0	0	0	23	0	0	0	0	27	0	0	25	0	0	0	0	0	0	0	0	0	0	0	0	0	0	30	27	0	0	0	0	220	0	0	0	29	0	0	0	0	0	0	0	0	0	0	0	0	0	0	0	27	0	0	23	0	0	0	0	0	0	0	0	0	0
0	205	0	0	0	0	0	0	0	0	0	0	0	0	0	0	0	0	0	0	0	0	0	0	0	0	0	0	0	0	0	0	0	0	0	0	0	0	0	0	0	0	0	0	0	0	0	0	0	0	0	0	0	0	0	0	0	0	0	0	0	0	0	0	0	0	0	0	0	0	0	0	0	0	0	0	0	246	206	262	229	0	0	0	0	0
0	0	0	0	0	0	0	0	0	0	0	0	0	0	0	0	0	0	0	0	0	0	0	0	0	0	0	0	19	0	0	17	0	0	0	0	0	0	0	0	0	0	0	0	0	0	0	0	0	0	0	17	0	0	0	0	0	0	0	0	0	0	0	0	0	0	0	0	20	0	0	0	19	0	0	0	0	0	0	0	0	0	0	0	0	0
0	0	0	0	0	0	260	0	0	268	0	0	0	227	0	0	0	211	0	274	0	255	262	0	261	0	0	198	0	0	0	0	0	0	0	0	0	260	0	0	0	0	276	0	215	214	0	0	0	0	226	254	0	260	256	0	0	218	0	0	0	0	259	0	0	0	0	0	0	0	0	0	0	0	258	0	207	0	0	0	0	0	255	0	0	205
0	0	0	0	0	0	0	0	0	0	0	0	0	0	0	0	0	0	0	0	0	0	0	386	0	0	0	0	435	0	0	408	0	0	0	0	0	0	0	0	0	0	0	0	0	0	400	419	0	0	0	0	393	0	0	0	410	0	0	0	0	0	0	0	0	0	0	0	406	0	0	195	404	0	0	265	0	0	0	0	0	0	0	0	0	0
245	0	269	0	254	265	256	0	0	264	210	0	103	256	241	236	238	0	246	0	243	251	0	0	258	273	261	0	0	239	227	0	0	252	252	285	237	132	0	240	263	274	272	223	250	256	0	0	0	269	261	0	0	256	252	243	0	257	250	249	250	233	0	0	290	243	0	0	0	287	0	96	0	125	0	0	248	267	286	296	275	149	0	223	0	256
0	0	0	220	0	0	0	0	0	0	212	0	0	0	0	0	0	0	0	0	0	0	0	0	0	0	0	0	0	0	0	255	0	189	0	0	288	0	0	0	0	0	0	250	0	0	294	0	195	0	0	0	0	0	0	0	260	0	0	0	0	0	0	0	0	0	270	0	249	0	0	0	0	280	0	0	0	0	0	0	0	0	0	0	0	0
0	0	0	0	0	0	0	0	0	0	0	0	0	0	0	0	0	0	0	0	0	0	0	20	0	0	0	0	24	0	0	22	0	0	0	0	0	0	0	0	0	0	0	0	0	0	27	24	0	0	0	0	26	0	0	0	26	0	0	0	0	0	0	0	0	0	0	0	25	0	0	0	24	0	0	292	0	0	0	0	0	0	0	0	0	0
25	25	24	0	24	23	26	26	24	25	232	195	260	22	22	20	23	23	25	24	25	24	21	212	0	26	22	24	0	22	23	380	26	25	25	24	0	327	117	0	24	209	25	0	25	24	272	279	24	0	21	25	0	26	25	24	243	26	197	22	19	22	25	25	26	21	206	19	210	27	26	0	313	0	26	25	25	24	24	25	25	152	21	20	24	23
0	0	0	0	0	0	0	0	0	0	0	0	0	0	0	0	0	0	0	0	0	0	0	231	0	0	0	0	0	0	0	236	0	0	0	0	0	0	0	0	0	0	0	0	0	0	223	216	0	0	0	0	214	0	0	0	0	0	0	0	0	0	0	0	0	0	0	0	240	0	0	0	268	0	0	207	0	0	0	0	0	0	0	0	0	0
0	0	0	0	0	0	0	0	0	0	0	0	0	0	0	0	0	0	0	0	0	0	0	0	0	0	0	0	0	0	0	0	0	198	0	0	0	0	0	0	0	0	0	0	0	0	0	0	208	0	0	0	0	0	0	0	0	0	0	0	177	0	0	247	0	0	0	0	0	0	239	0	0	0	0	0	0	0	0	0	0	0	0	0	0	0
0	0	0	18	0	0	0	0	0	0	0	0	0	0	0	0	0	0	0	0	0	0	0	235	0	0	0	0	0	0	0	0	0	0	0	0	0	0	0	0	0	0	0	11	0	0	0	292	0	214	0	0	259	0	0	0	0	0	0	0	0	0	0	0	0	0	0	0	0	0	0	0	339	0	0	0	0	0	0	0	0	0	0	0	0	0
0	0	0	0	0	0	0	261	263	0	0	0	0	0	0	0	0	0	0	0	0	0	0	0	0	0	0	0	0	0	0	0	0	0	0	0	0	0	0	0	0	0	0	0	0	0	0	0	0	0	0	0	0	0	0	0	0	0	0	0	0	0	0	0	0	0	0	0	0	0	0	0	0	0	0	0	0	0	0	0	0	0	0	0	0	0
0	0	0	0	0	0	0	0	0	0	0	0	0	0	0	0	0	0	0	0	0	0	0	21	0	0	0	0	25	0	0	23	0	0	0	0	0	0	115	0	0	0	0	0	0	0	28	25	0	0	0	0	27	0	0	0	27	0	0	0	0	0	0	0	0	0	0	0	26	0	0	0	25	0	0	293	0	0	0	0	0	0	0	0	0	0
0	0	0	0	0	0	0	0	0	0	0	283	0	0	0	0	0	0	0	0	0	0	0	232	0	0	0	0	433	0	0	0	0	0	0	0	0	0	286	0	0	0	0	0	0	0	357	219	0	270	0	0	217	0	0	0	223	0	0	0	0	0	0	0	0	0	0	0	242	0	0	167	265	0	0	204	0	0	0	0	0	0	0	0	0	0
0	0	0	0	0	0	0	0	0	0	0	0	0	0	0	0	0	0	0	0	0	0	0	312	0	0	0	0	28	0	0	326	0	0	0	0	0	0	0	0	0	0	0	0	0	0	259	289	0	0	0	0	255	0	0	0	30	0	0	0	0	0	0	0	0	0	0	0	316	0	0	0	342	0	0	272	0	0	0	0	0	0	0	0	22	0
0	0	0	0	0	0	25	0	0	24	0	0	0	0	0	0	0	0	0	0	0	0	0	0	0	0	0	0	0	0	0	0	0	0	0	0	0	0	0	0	0	0	0	0	24	0	0	0	0	0	0	0	0	0	0	0	0	0	0	0	0	0	0	0	0	0	0	0	0	0	25	0	0	0	0	0	0	0	0	0	0	0	0	0	0	0
270	0	0	282	279	191	288	309	315	299	288	300	313	289	265	260	263	290	270	303	269	283	291	415	290	300	284	272	467	265	254	437	301	279	276	312	303	207	301	0	288	260	304	289	218	286	434	0	295	288	292	283	426	290	281	269	439	288	275	271	269	258	290	324	257	267	288	322	436	313	317	303	434	297	285	413	0	293	313	323	301	99	284	247	304	286
0	0	0	0	0	0	0	0	0	0	0	0	0	0	0	0	0	0	0	0	0	0	0	22	0	0	0	0	0	0	0	0	0	0	0	0	0	0	0	0	0	0	0	0	0	0	0	0	0	0	0	0	0	0	0	0	28	0	0	0	0	0	0	0	0	0	0	277	27	0	0	0	26	0	0	0	0	0	0	0	0	0	0	0	0	0
232	260	0	250	240	252	238	272	284	242	259	273	288	237	228	224	225	242	234	250	232	233	240	371	240	261	249	225	419	225	210	394	258	238	241	272	279	4	274	0	250	292	253	266	234	238	383	404	255	258	240	228	377	235	231	231	395	237	237	234	0	222	232	293	277	229	261	284	390	276	279	0	389	270	234	371	229	253	271	282	262	67	231	212	257	238
0	0	0	0	0	0	0	0	0	0	0	0	0	0	0	0	0	0	0	0	0	0	0	225	0	0	0	0	333	0	0	214	0	0	0	0	0	0	0	0	0	0	0	0	0	0	317	302	0	0	0	0	317	0	0	0	236	0	0	0	0	0	0	0	0	0	0	0	239	0	0	0	346	0	0	317	0	0	0	0	0	0	0	0	0	0
195	225	206	0	215	0	0	0	0	0	0	0	0	0	197	193	186	0	187	0	194	0	0	0	0	0	198	0	0	198	223	0	0	0	207	0	0	0	0	0	199	0	0	0	0	0	0	0	0	0	0	0	0	0	0	186	0	0	190	200	164	191	0	0	0	179	0	0	0	0	0	0	0	0	0	0	0	0	241	225	0	11	0	172	0	0
0	274	0	194	0	0	0	285	295	0	0	0	0	0	0	0	0	0	0	270	0	0	260	0	0	0	0	244	0	0	0	0	274	0	0	0	0	0	0	0	0	0	0	0	0	0	0	0	242	0	0	250	0	0	0	0	0	0	0	0	0	0	255	303	0	0	0	161	0	0	293	0	0	0	254	0	0	0	221	0	0	0	251	0	273	0
0	0	0	0	0	0	0	0	0	0	0	0	0	0	0	0	0	0	0	0	0	0	0	0	0	0	0	203	0	0	0	0	0	0	0	0	0	0	0	0	0	0	0	0	0	0	0	0	0	0	0	0	0	257	0	0	0	222	0	0	0	0	0	0	0	0	0	199	0	0	0	0	0	0	0	0	0	0	0	0	0	0	0	0	0	0
0	0	0	218	0	0	0	0	0	0	0	0	0	0	0	0	0	0	0	0	0	0	0	316	0	0	0	0	291	0	0	0	0	0	0	0	0	0	0	19	0	0	0	208	0	0	371	0	0	0	0	0	275	0	0	0	358	0	0	0	0	0	0	0	0	0	0	0	0	0	0	0	355	0	0	290	0	0	0	0	0	0	0	0	0	0
0	0	0	0	0	0	0	0	0	0	0	0	0	213	0	0	0	19	0	0	0	0	17	0	0	0	0	0	0	0	0	0	0	0	0	0	0	0	0	0	0	18	0	0	0	20	0	0	0	115	0	0	0	22	0	0	0	0	0	0	0	0	21	0	0	0	0	0	0	0	0	0	0	0	0	0	0	0	0	0	0	0	0	0	0	0
0	0	0	0	0	0	0	0	0	0	0	0	0	0	0	0	0	0	0	0	0	0	0	0	24	0	0	0	397	0	0	27	0	0	0	0	0	0	0	0	0	0	0	0	0	0	0	357	0	0	0	0	0	0	0	0	0	0	0	0	0	0	0	0	0	0	0	0	349	0	0	0	0	0	0	0	0	0	0	0	0	0	0	0	0	0
0	0	0	0	0	0	253	0	0	259	0	0	0	253	0	0	0	256	0	266	0	247	256	0	254	0	0	0	0	0	0	0	0	0	0	0	0	182	0	0	0	0	270	0	248	253	0	0	0	0	211	245	0	253	247	0	0	0	0	0	0	0	250	0	0	0	0	0	0	0	0	0	0	0	250	0	244	0	0	0	0	0	247	0	0	201
0	0	0	0	0	0	0	0	0	0	0	0	0	0	0	0	0	0	0	0	0	0	0	110	0	0	0	0	0	0	0	0	0	0	0	0	0	0	0	0	0	0	0	0	0	0	132	122	0	0	0	0	125	0	0	0	123	0	0	0	0	0	0	0	0	0	0	0	121	0	0	0	123	0	0	118	0	0	0	0	0	0	0	0	0	0
0	0	0	196	0	0	0	280	0	0	0	0	222	0	0	0	0	249	0	0	0	0	248	0	0	0	0	0	0	0	0	0	0	0	0	0	179	0	263	0	0	0	262	165	0	246	0	0	0	0	250	0	0	245	0	0	0	246	0	0	0	0	0	0	283	0	0	0	0	0	285	0	0	0	242	0	0	0	0	0	0	0	239	0	0	0
0	0	0	0	0	0	0	0	0	0	0	0	0	0	0	0	0	0	0	0	0	0	0	418	0	0	0	0	469	0	0	440	0	0	0	0	0	0	0	0	0	0	0	0	0	0	437	452	0	0	0	0	429	0	0	0	442	0	0	0	0	0	0	0	0	0	0	0	438	0	0	0	436	0	0	415	0	0	0	0	0	0	0	0	0	0
0	0	0	0	0	0	0	0	0	0	0	0	0	0	0	0	0	0	0	0	0	0	0	0	17	0	0	0	0	0	0	0	0	0	0	0	0	0	0	0	0	0	0	0	0	0	0	0	0	0	0	0	0	0	0	0	0	0	0	0	0	0	0	0	0	0	0	14	0	0	0	0	0	0	0	0	17	0	0	0	0	0	0	0	0	0
0	0	0	0	0	0	0	0	0	0	0	100	0	0	0	0	0	0	0	0	0	0	0	0	0	0	0	0	432	0	0	406	0	0	0	0	0	0	285	0	0	0	0	0	0	0	398	0	0	0	0	0	391	0	0	0	408	0	0	0	0	0	0	0	0	0	226	0	404	0	0	0	402	0	0	384	0	0	0	0	0	0	0	0	0	0
0	0	0	0	0	0	0	0	0	0	0	0	0	0	0	0	0	221	0	0	0	0	220	0	0	0	0	0	0	0	0	0	0	0	0	0	0	0	0	0	0	0	0	0	0	211	0	0	0	0	222	0	0	0	0	0	0	0	0	0	0	0	0	0	0	0	0	0	0	0	0	0	0	0	0	0	0	0	0	0	0	0	0	0	0	210
0	0	0	0	0	0	0	0	0	0	0	0	0	0	0	0	0	0	0	0	0	0	0	108	0	0	0	0	116	0	0	113	0	0	0	0	0	0	0	0	0	0	0	0	0	0	264	120	0	0	0	0	123	0	0	0	121	0	0	0	0	0	0	0	0	0	0	0	119	0	0	0	121	0	0	116	0	0	0	0	0	0	0	0	0	0
268	299	0	144	277	290	286	307	0	297	0	0	0	287	263	258	261	288	268	301	267	0	289	351	288	298	282	270	219	263	252	0	299	278	274	0	0	37	155	262	286	0	302	242	278	284	246	0	294	232	290	281	424	288	279	267	0	286	273	270	0	256	288	0	315	265	286	321	0	311	315	0	302	0	283	0	277	291	311	321	299	252	282	245	301	284
0	0	0	0	0	0	0	0	0	0	0	0	0	0	0	0	0	220	0	0	0	0	221	0	0	0	0	0	0	0	0	0	0	0	0	0	0	0	0	0	0	0	0	0	0	212	0	0	0	0	220	0	0	0	0	0	0	0	0	0	0	0	0	0	0	0	0	0	0	0	0	0	0	0	0	0	0	0	0	0	0	0	0	0	0	206
0	0	0	0	0	0	0	0	0	0	286	124	119	0	0	0	0	0	0	0	0	0	0	290	0	0	0	0	315	0	0	207	0	0	0	0	255	285	0	0	0	0	0	0	0	0	0	337	0	0	0	0	307	0	0	0	296	0	0	0	0	0	0	0	0	0	0	0	0	0	0	302	350	295	0	0	0	0	0	0	0	0	0	0	0	0
0	0	0	0	0	0	0	0	0	0	0	0	0	0	0	0	0	0	0	0	0	0	0	273	0	0	0	0	299	0	0	0	0	0	0	0	0	0	0	0	0	0	0	0	0	0	0	318	0	0	0	0	295	0	0	0	0	0	0	0	0	0	0	0	0	0	0	0	0	0	0	0	326	0	0	380	0	0	0	0	0	0	0	0	0	0
102	231	107	77	104	0	117	97	92	119	0	119	116	114	103	95	98	112	105	119	103	110	114	200	0	108	109	108	358	103	108	112	108	89	105	108	246	273	128	86	103	194	117	245	115	204	0	234	89	212	111	125	122	0	109	105	120	115	99	101	80	97	121	96	109	102	245	89	118	94	219	173	120	143	120	115	111	108	107	111	114	66	114	97	113	104
0	0	0	0	0	0	0	0	0	0	0	133	0	0	0	0	0	0	0	0	0	0	0	0	0	0	0	0	0	0	0	0	0	0	0	0	0	0	0	0	0	0	0	0	0	0	0	0	0	0	0	0	0	0	0	0	0	0	0	0	0	0	0	0	0	0	0	0	0	23	22	0	0	0	0	0	0	0	0	0	0	0	0	0	20	0
0	0	0	0	0	0	0	0	0	0	0	0	0	0	0	0	0	0	0	0	0	0	0	0	0	0	0	0	0	0	0	0	0	199	0	0	0	0	0	0	0	0	0	0	0	0	0	0	207	0	0	0	0	0	0	0	0	0	0	0	0	0	0	0	0	0	0	0	0	0	240	0	0	0	0	0	0	0	0	0	0	0	250	0	0	0
0	0	0	0	0	0	0	0	0	0	0	0	0	0	0	0	0	0	0	0	0	0	0	0	0	214	0	0	0	0	0	0	220	0	0	217	0	0	0	0	0	0	0	0	0	0	0	0	0	0	0	0	0	0	0	0	0	0	0	0	0	0	0	0	264	0	0	0	0	0	0	0	0	0	0	0	0	0	239	228	0	234	0	0	0	0
0	0	0	0	0	0	0	194	186	0	0	0	0	0	0	0	0	0	0	0	0	0	0	0	0	0	0	0	0	0	0	0	0	0	0	0	0	0	0	0	0	0	0	0	0	0	0	0	0	0	0	0	0	0	0	0	0	0	0	0	0	0	0	0	0	0	0	0	0	234	0	0	0	0	0	0	0	0	0	0	0	0	0	0	326	0
0	0	0	0	0	0	0	0	0	0	0	0	0	0	0	0	0	0	0	0	0	0	0	383	0	0	0	0	431	0	0	405	0	0	0	0	0	0	0	0	0	0	0	0	0	0	397	417	0	0	0	0	390	0	0	0	407	0	0	0	0	0	0	0	0	0	0	0	403	0	0	0	401	0	0	383	0	0	0	0	0	0	0	0	0	0
0	0	0	0	0	0	0	0	0	0	0	0	0	0	0	0	0	0	0	0	0	0	0	0	0	0	0	0	0	0	0	0	0	0	0	0	18	0	0	0	0	0	0	0	0	0	0	0	0	13	0	0	0	0	0	0	0	0	0	0	0	0	0	0	0	0	0	0	0	0	0	171	0	266	0	0	0	0	0	0	0	0	0	0	0	0
0	0	0	0	0	0	0	0	0	0	0	0	0	0	0	0	0	0	0	0	0	0	0	0	0	0	0	0	0	0	0	0	0	0	0	0	0	0	0	0	0	0	0	0	0	0	279	0	0	0	0	0	0	0	0	0	0	0	0	0	0	0	0	0	0	0	0	0	0	0	0	0	0	0	0	0	0	0	0	0	0	0	246	0	0	0
0	236	0	0	0	0	0	241	0	0	292	304	318	0	0	0	0	0	0	0	0	0	0	0	0	0	0	0	0	0	0	0	0	188	0	0	307	0	305	0	0	328	0	0	0	0	0	0	182	292	0	0	0	0	0	0	0	0	0	0	0	0	0	0	0	0	291	197	0	0	0	307	0	300	0	0	0	0	245	0	0	80	0	0	325	0
0	0	0	0	0	0	0	0	0	0	0	0	0	0	0	0	0	0	0	0	0	0	0	0	0	0	0	0	352	0	0	0	0	0	0	0	0	0	0	0	0	0	0	0	0	0	0	0	0	0	0	0	0	0	0	0	202	0	0	0	0	0	0	0	0	0	0	0	0	0	0	0	0	0	0	0	0	0	0	0	0	0	0	0	0	0
0	0	0	0	0	0	254	0	0	260	0	0	0	254	0	0	0	257	0	267	0	248	257	0	255	0	0	241	0	0	0	0	0	0	0	0	0	137	0	0	0	0	271	0	225	254	0	0	0	0	258	246	0	254	248	0	0	224	0	0	0	0	251	0	0	0	0	0	0	0	0	0	0	0	251	0	245	0	0	0	0	0	248	0	0	254
269	300	293	281	278	291	287	308	314	298	287	299	312	288	264	259	262	289	269	302	268	282	290	414	289	299	283	271	466	264	253	436	300	0	275	311	302	19	300	263	287	323	303	288	279	285	433	449	0	287	291	282	425	289	280	268	438	287	274	184	268	257	289	0	316	266	287	184	435	312	316	0	433	296	284	412	278	292	312	322	300	0	283	246	302	285
0	0	0	0	0	0	0	0	0	0	0	0	0	0	0	0	0	0	0	0	0	0	0	0	0	0	0	0	0	0	0	0	0	177	0	0	0	0	0	0	0	0	0	0	0	0	0	0	180	0	0	0	0	0	0	0	0	0	0	0	0	0	0	0	0	0	0	0	0	0	181	0	0	0	0	0	0	0	0	0	0	0	0	0	0	0
0	0	0	0	0	0	0	0	0	0	0	0	0	0	0	0	0	0	0	0	0	0	0	0	0	0	0	0	0	0	0	0	0	0	0	0	0	0	0	0	0	0	0	0	0	0	0	0	0	0	0	0	0	0	0	0	0	254	0	0	0	0	0	0	0	0	0	0	0	0	0	0	0	0	0	0	0	226	0	0	211	0	0	0	0	0
101	107	106	76	103	0	116	96	91	118	62	54	58	113	102	94	97	111	104	118	102	109	113	0	0	107	108	107	114	102	107	0	107	88	104	107	59	272	52	85	102	71	116	50	114	110	0	118	88	56	110	124	121	117	108	104	118	114	98	100	0	96	120	95	108	101	51	88	0	93	92	54	118	60	119	0	110	107	106	110	113	228	113	96	112	103
0	0	0	0	0	240	0	0	0	0	0	0	0	0	0	0	0	0	0	0	0	0	0	0	0	199	0	0	0	0	0	0	195	0	0	216	0	0	0	0	0	0	0	0	0	0	0	0	0	0	0	0	0	0	0	0	0	0	0	0	0	0	0	0	263	0	0	0	0	0	0	0	0	0	0	0	0	0	0	0	0	0	0	0	0	0
0	0	0	0	0	0	0	279	0	0	0	0	0	0	0	0	0	0	0	0	0	0	0	0	0	0	0	0	326	0	0	0	0	0	0	0	0	266	0	0	0	0	0	0	0	0	0	0	0	0	0	0	0	0	0	0	368	0	0	0	0	0	0	0	0	0	0	290	0	0	0	288	0	0	0	0	0	0	0	0	0	0	0	0	0	0
0	109	109	0	0	100	119	99	94	121	0	0	0	116	0	0	0	114	0	121	0	112	0	0	114	110	111	110	0	0	0	0	0	91	0	110	0	152	0	0	105	0	119	0	0	112	0	0	91	0	113	0	0	119	0	0	0	117	0	0	0	0	123	98	111	0	0	269	0	96	0	0	0	0	122	0	0	110	109	113	116	113	0	0	115	106
0	0	0	0	0	0	0	0	0	0	0	0	0	0	0	0	0	0	0	0	0	0	0	382	0	0	0	0	0	0	0	0	0	0	0	0	0	0	0	0	0	0	0	0	0	0	395	415	0	0	0	0	388	0	0	0	405	0	0	0	0	0	0	0	0	0	0	0	401	0	0	0	399	0	0	381	0	0	0	0	0	0	0	0	0	0
0	0	0	0	0	0	0	230	219	0	0	0	0	0	0	0	0	0	0	0	0	0	0	0	0	0	0	0	0	0	0	0	0	0	0	0	0	0	0	0	0	0	0	0	0	0	0	0	0	0	0	0	0	0	0	0	0	0	0	0	0	0	0	191	0	0	0	0	0	227	231	0	0	0	0	0	0	0	0	0	0	0	0	0	303	0
0	0	0	0	0	0	0	0	0	0	0	176	0	0	0	0	0	0	0	0	0	0	0	0	0	0	0	0	0	0	0	0	0	0	0	0	0	0	0	0	0	0	0	0	0	0	0	0	0	0	0	0	0	0	0	0	0	0	0	0	0	0	0	0	0	0	0	15	0	0	0	0	0	0	0	0	0	0	0	0	0	0	0	0	0	0
0	0	0	0	0	0	0	0	0	0	0	0	0	0	0	0	0	0	0	0	0	0	0	107	0	0	0	0	115	0	0	111	0	0	0	0	0	0	0	0	0	0	0	0	0	0	129	119	0	0	0	0	260	0	0	0	119	0	0	0	0	0	0	0	0	0	0	0	117	0	0	0	119	0	0	114	0	0	0	0	0	0	0	0	0	0
0	0	0	0	0	0	215	0	0	0	0	0	0	0	0	0	0	226	0	227	0	0	0	0	0	224	0	0	0	0	0	0	246	0	0	204	0	0	0	0	0	0	0	0	0	0	0	0	0	0	0	0	0	0	0	0	0	0	0	0	0	0	0	0	233	0	0	0	0	0	0	0	0	0	0	0	0	0	0	0	0	0	0	0	0	220
0	0	0	0	0	0	0	0	0	0	0	0	0	0	0	0	0	0	272	0	0	0	0	0	0	0	202	0	0	0	256	0	0	0	0	0	0	0	0	0	0	0	0	0	0	0	0	0	0	0	0	0	0	0	0	0	0	0	0	0	0	0	0	0	0	0	0	0	0	0	0	0	0	0	0	0	280	0	0	0	0	0	217	0	0	0
0	0	0	0	0	0	0	0	0	0	139	147	191	0	0	0	0	0	0	0	0	0	0	0	0	0	0	0	0	0	0	0	0	0	0	0	249	0	245	0	0	190	0	0	0	0	0	0	0	144	0	0	0	0	0	0	0	0	0	0	0	0	0	0	0	0	202	0	0	0	0	237	0	167	0	0	0	0	0	0	0	0	0	0	0	0
0	0	0	0	0	98	0	0	0	0	0	0	0	0	0	0	0	0	0	0	0	0	0	106	0	0	0	0	0	0	0	110	0	0	0	0	0	0	0	0	0	0	0	0	0	0	128	0	0	0	0	0	0	0	0	0	0	0	0	0	0	0	0	0	0	0	0	0	116	0	0	0	0	0	0	113	0	0	0	0	0	0	0	0	0	0
103	108	108	78	105	99	118	0	0	0	63	268	250	115	104	96	99	113	106	120	104	111	115	0	113	109	110	109	0	104	109	0	109	90	106	109	60	264	112	0	104	72	118	0	116	111	0	0	90	100	112	126	0	118	110	106	0	116	100	102	81	98	122	97	110	103	187	90	0	95	93	0	0	0	121	0	112	109	108	112	115	141	115	98	114	105
0	0	0	0	0	0	0	0	0	0	0	0	0	0	0	0	0	0	0	0	0	0	0	0	0	0	0	0	0	0	0	0	0	0	0	0	0	265	0	0	0	0	0	0	0	0	0	0	0	0	0	0	0	0	0	0	0	0	0	0	0	0	0	0	0	0	0	0	0	0	0	0	0	0	0	19	0	0	0	0	0	0	0	0	0	0
0	0	0	0	0	0	0	0	0	0	0	0	0	0	0	0	0	0	0	0	0	0	0	275	0	0	0	0	260	0	0	280	0	0	0	0	0	0	0	0	0	0	0	0	0	0	305	239	0	0	0	0	345	0	0	0	326	0	0	0	0	0	0	0	0	0	0	0	282	0	0	226	245	0	0	304	0	0	0	0	0	0	0	0	0	0
0	0	0	0	0	0	0	0	0	0	0	0	0	0	0	0	0	0	0	0	0	281	0	0	0	0	0	0	0	0	0	220	0	0	0	0	0	0	0	0	0	0	0	0	0	0	0	303	0	0	0	0	0	0	0	0	206	0	0	0	0	0	0	0	0	0	0	0	245	0	0	0	0	0	0	228	0	0	0	0	0	0	0	0	0	0
161	176	170	121	166	160	189	156	145	192	0	0	89	0	163	153	155	184	164	193	166	0	186	0	185	178	169	173	0	160	173	0	172	151	166	178	97	157	89	142	0	0	191	85	190	183	0	0	150	89	183	198	0	191	181	165	0	181	155	156	0	153	196	0	179	159	237	143	0	155	0	0	0	96	193	0	181	174	0	182	182	179	182	153	188	175
0	0	0	0	0	0	246	0	171	251	0	0	0	0	0	0	0	0	0	260	0	0	0	0	247	0	0	0	0	0	0	0	265	244	0	278	0	161	0	0	0	0	0	0	0	0	0	0	200	0	0	0	0	0	239	0	0	0	0	0	0	0	242	221	0	0	0	0	0	0	0	0	0	0	0	0	0	0	277	287	0	0	0	0	0	0
0	0	0	0	0	0	0	0	0	0	0	0	0	0	0	0	0	0	0	0	0	0	0	109	0	0	0	0	386	0	0	347	0	0	0	0	0	0	0	0	0	0	0	200	0	0	131	121	0	0	0	0	124	0	0	0	122	0	0	0	0	0	0	0	0	0	0	0	120	0	0	0	122	61	0	117	0	0	0	0	0	0	0	0	0	0
0	0	0	0	0	0	0	0	0	0	0	0	0	0	0	0	0	0	0	0	0	0	0	0	0	0	0	0	0	0	0	0	0	0	0	0	0	0	0	0	0	0	0	0	0	0	0	0	0	0	0	0	0	0	0	0	0	0	0	0	0	0	0	0	0	0	0	0	0	258	0	0	0	0	0	0	0	0	0	0	0	0	0	0	271	0
0	0	0	64	0	0	0	0	80	0	0	0	0	0	0	0	85	0	0	0	0	0	100	0	0	0	0	0	0	0	0	0	0	0	0	0	0	0	47	0	0	0	0	44	0	98	0	0	0	0	0	0	0	0	0	0	0	101	0	0	0	0	0	0	0	0	0	0	0	0	0	0	0	0	0	0	0	0	0	0	100	0	0	0	0	0
0	0	0	0	0	0	0	0	0	0	98	0	0	187	0	0	0	0	0	0	0	0	0	226	0	0	0	0	179	0	0	178	0	0	0	0	0	0	0	0	0	0	0	0	0	0	202	191	0	0	0	0	194	0	0	0	185	0	0	0	0	0	0	0	0	0	0	0	190	0	152	0	200	0	0	187	0	0	0	0	0	0	0	0	0	0
175	191	184	133	181	176	206	172	159	208	104	96	92	0	178	167	170	200	178	0	0	0	203	280	202	193	183	187	192	216	188	191	188	168	180	193	200	103	93	0	177	124	207	88	205	199	329	207	165	94	200	215	208	0	196	179	265	198	169	171	141	167	212	175	195	173	88	171	206	171	168	93	214	281	0	201	0	190	192	196	198	237	197	167	205	192
0	0	0	0	0	0	258	0	0	266	0	0	0	258	0	0	0	0	0	272	0	253	0	0	259	0	0	0	0	0	0	0	0	0	0	0	0	261	0	0	0	0	274	0	0	0	0	0	0	0	0	252	0	258	254	0	0	0	0	0	0	0	257	0	0	0	0	0	0	0	0	0	0	0	256	0	250	0	0	0	0	0	253	0	0	0
0	0	0	0	0	0	0	0	0	0	0	0	0	0	0	0	0	0	0	0	0	0	0	247	0	0	0	0	277	0	0	195	0	0	0	0	0	0	0	0	163	0	0	0	0	0	307	230	0	0	0	0	349	0	0	0	319	0	0	0	0	0	0	0	0	0	0	0	283	0	0	0	235	0	0	330	0	0	176	0	0	0	0	0	0	0
0	0	0	0	0	0	0	0	0	0	0	0	0	0	0	0	0	0	0	0	0	0	0	115	0	0	0	0	121	0	0	118	0	0	0	0	0	0	0	0	0	0	0	0	0	0	137	127	0	0	0	0	130	0	0	0	127	0	0	0	0	0	0	0	0	0	0	0	125	0	0	0	128	0	0	122	0	0	0	0	0	0	0	0	0	0
0	0	0	0	0	0	121	0	0	123	0	0	0	118	0	0	0	0	0	123	107	0	118	0	116	0	0	0	0	0	0	364	112	0	0	0	0	33	0	0	0	0	121	0	0	114	265	0	0	0	115	0	361	121	0	0	0	0	0	0	0	0	125	100	0	0	0	0	364	98	0	0	125	0	0	119	0	112	111	0	118	72	0	100	117	108
0	0	0	0	0	0	0	0	0	0	0	0	0	0	0	0	0	0	0	0	180	0	0	180	0	0	0	0	191	0	0	190	0	0	0	0	0	0	0	0	0	0	0	0	0	0	233	206	0	0	0	0	207	207	0	0	381	0	0	0	0	0	0	0	0	0	0	0	205	0	0	0	213	0	210	200	198	0	0	0	0	0	0	0	0	0
135	147	146	0	138	133	158	129	123	160	132	0	0	155	137	128	129	155	139	161	140	153	156	0	154	146	144	144	0	0	146	0	143	0	140	147	0	309	0	117	136	168	160	0	158	152	0	0	120	0	153	167	0	159	150	137	154	153	133	132	0	129	164	128	148	134	0	0	160	128	123	0	0	0	162	156	151	145	146	151	152	230	152	131	155	0
109	0	0	0	110	106	124	105	99	126	0	126	0	120	110	102	0	120	112	126	111	117	122	350	119	116	116	115	362	110	115	212	116	96	112	0	0	155	56	0	111	76	125	54	0	0	290	0	96	0	119	132	311	124	115	112	0	122	106	108	84	104	128	104	0	109	55	96	227	102	97	0	354	65	127	329	0	116	115	119	122	0	0	104	224	0
0	196	201	0	0	0	0	193	203	0	0	0	0	0	0	0	0	0	0	0	0	0	0	181	0	0	0	0	193	0	0	192	0	184	0	0	0	0	0	0	0	126	0	0	0	0	219	208	187	0	0	0	209	0	0	0	194	0	0	0	0	0	0	264	0	0	0	0	207	233	203	0	215	0	0	0	0	214	230	217	234	0	0	0	207	0
134	146	145	0	137	132	0	128	0	0	0	0	0	0	136	127	128	0	138	0	139	0	0	0	0	145	143	0	0	133	145	0	142	0	139	146	0	0	0	161	135	0	0	0	0	0	0	0	0	0	0	0	0	0	0	136	0	0	132	131	107	128	0	0	147	133	0	0	0	0	0	0	0	0	0	0	0	144	145	150	151	151	0	130	0	0
132	144	143	0	135	130	155	126	120	157	0	77	100	152	134	0	0	152	136	158	137	150	153	0	0	143	141	0	0	0	0	0	140	171	137	144	82	130	0	0	133	145	157	0	155	149	0	0	117	124	150	0	0	156	147	134	0	0	130	0	0	0	0	125	145	0	72	119	0	125	120	0	0	0	159	0	148	142	143	148	149	175	149	128	152	142
176	192	185	134	182	177	207	181	160	209	105	97	93	202	179	168	171	201	179	210	181	197	204	0	203	194	184	188	0	174	189	0	189	0	181	194	103	75	233	155	178	125	208	89	206	200	0	0	166	95	201	216	0	208	197	180	0	199	170	172	0	168	213	176	196	174	98	0	0	172	0	217	0	102	211	0	199	191	193	197	199	144	198	168	206	0
0	142	141	0	0	0	0	0	0	155	0	0	0	150	133	124	0	150	0	156	0	148	0	135	0	141	0	141	0	0	0	0	0	0	0	0	0	228	0	0	131	0	155	0	153	0	0	152	0	0	148	162	155	154	145	133	148	0	129	0	104	0	159	123	143	0	0	0	0	0	118	0	0	0	0	0	146	0	0	0	0	0	0	0	0	0
271	302	295	283	280	293	290	0	0	301	289	302	315	0	266	261	264	0	271	305	270	285	293	417	292	302	285	274	468	266	255	439	303	280	277	314	305	269	302	265	289	325	306	290	281	288	436	451	297	289	294	285	428	292	283	270	441	290	276	272	0	259	292	325	318	268	289	323	0	0	319	305	435	298	287	414	279	295	315	325	303	41	286	248	0	288
9	8	0	8	9	9	9	9	8	9	9	9	8	8	9	9	8	8	9	8	8	0	8	10	8	9	9	9	11	8	8	13	9	9	9	8	9	286	9	0	9	10	8	0	9	8	12	12	9	7	8	9	13	9	9	9	13	9	9	9	7	8	9	8	9	9	8	8	13	9	9	0	12	8	9	11	9	8	9	8	9	0	8	8	10	8
0	0	0	102	0	0	0	0	0	0	0	216	174	0	0	0	0	0	0	0	0	0	0	0	0	0	0	0	0	0	0	0	0	0	0	0	133	0	168	0	0	0	0	72	0	0	0	0	0	163	0	0	0	0	0	0	0	0	0	0	0	0	0	0	0	0	0	122	0	0	0	123	0	160	0	0	0	0	0	0	0	0	0	0	0	145
0	0	0	0	0	0	0	0	0	0	108	242	128	0	0	0	0	0	0	0	0	0	0	0	0	0	0	0	0	0	0	0	0	0	0	0	272	0	0	0	0	0	0	0	0	0	0	0	0	183	0	0	0	0	0	0	0	0	0	0	0	0	0	0	0	0	235	0	0	0	0	0	0	151	0	0	0	0	0	0	0	0	0	0	0	0
52	0	57	0	54	0	0	0	0	0	0	0	0	0	50	47	51	0	54	0	54	0	0	0	0	0	56	0	0	51	55	0	0	0	53	0	0	0	0	0	54	0	0	0	0	0	0	0	0	0	0	0	0	0	0	55	0	0	51	50	43	49	0	0	0	51	0	0	0	0	0	0	0	0	0	0	0	0	0	0	60	0	0	47	0	0
0	0	0	0	0	0	0	0	0	0	0	0	0	0	0	0	0	0	0	0	0	0	0	0	0	0	228	0	0	0	0	0	0	0	0	0	0	0	0	264	0	0	0	0	0	0	0	0	0	0	0	0	0	0	0	0	0	0	0	0	0	0	0	0	0	0	0	0	0	0	0	0	0	0	0	0	0	0	0	0	0	0	0	0	0	0
130	0	0	0	0	0	0	124	239	0	0	0	0	0	0	0	0	0	0	0	0	0	0	0	0	0	140	0	0	131	142	0	0	0	135	0	0	0	0	0	0	0	0	0	0	0	0	0	115	0	0	0	0	0	0	0	0	0	0	0	0	125	0	0	0	130	0	0	155	0	0	0	158	0	0	150	0	0	0	0	0	0	0	0	0	0
0	209	238	201	0	184	261	0	0	269	123	201	220	260	0	0	0	261	0	275	0	256	264	0	262	203	0	247	0	0	0	0	194	222	0	236	181	99	0	0	0	282	277	171	253	259	0	0	0	0	265	257	0	263	257	0	0	261	0	0	0	0	260	0	243	0	176	299	0	0	0	131	0	223	259	0	252	236	255	244	248	0	257	0	0	260
0	301	294	0	0	292	289	310	316	300	114	0	314	290	0	0	0	291	0	304	0	284	0	248	291	301	0	273	0	0	0	273	302	223	0	313	304	274	0	0	0	324	305	246	280	0	306	240	296	210	293	0	350	291	282	0	318	289	0	0	0	0	291	181	317	0	247	249	0	314	318	304	233	145	286	259	0	294	314	324	302	0	0	0	305	0
0	0	0	0	0	0	0	0	0	0	0	0	0	0	0	0	0	0	0	0	0	0	0	328	0	0	0	0	285	0	0	219	0	0	0	0	0	0	0	0	0	0	0	0	0	0	314	307	0	0	0	0	318	0	0	0	205	0	0	0	0	126	0	0	0	0	0	0	236	0	0	0	284	0	0	316	0	0	0	0	0	0	0	0	0	0
104	110	110	79	106	101	120	100	95	122	138	55	59	117	105	97	100	115	107	122	106	113	117	111	0	111	112	111	118	105	110	114	111	92	107	111	61	20	53	88	106	73	120	51	118	113	133	123	92	57	114	128	126	120	112	107	124	118	101	103	82	99	124	99	112	104	52	0	122	97	237	55	124	62	123	0	114	111	110	114	117	109	117	99	116	107
5	0	0	4	5	5	5	5	4	5	159	258	231	5	5	5	5	5	5	5	5	213	5	0	4	5	5	5	216	5	5	264	5	5	5	5	192	45	207	0	5	265	5	178	5	5	7	260	5	184	5	5	243	5	5	5	322	5	5	5	4	5	5	0	5	5	179	4	262	5	5	0	362	131	5	0	5	5	5	5	5	59	208	5	6	5
0	0	0	0	0	0	0	0	118	0	0	0	0	0	0	0	0	0	0	0	136	0	151	0	0	0	0	0	0	0	0	144	0	0	0	0	0	0	0	0	0	0	0	0	0	147	163	0	0	0	0	0	0	0	0	0	0	149	0	0	0	0	0	0	0	0	0	0	0	0	0	0	0	0	0	0	0	141	141	0	0	0	0	0	150	140
261	292	287	275	270	283	279	301	308	289	282	296	309	280	256	251	254	280	261	294	260	274	282	409	281	291	275	263	459	256	245	431	292	271	267	303	118	177	298	0	279	318	295	108	271	277	425	443	287	145	283	273	417	281	272	260	432	278	266	263	0	249	280	317	308	258	144	195	429	305	309	163	428	291	276	406	270	284	304	314	292	204	275	238	294	278
274	305	298	0	283	296	293	313	319	304	0	0	0	293	269	264	267	294	274	308	273	288	296	0	295	305	287	277	0	269	258	0	306	283	280	238	0	121	0	267	292	142	309	0	283	291	0	0	299	0	297	288	0	295	286	273	0	293	279	275	271	262	295	328	321	271	0	325	0	317	321	0	0	0	289	0	282	298	318	328	306	112	288	251	308	291
250	278	273	265	258	269	265	288	0	273	209	110	110	265	245	239	243	265	250	279	248	260	267	0	0	277	264	251	0	244	233	360	279	257	256	289	253	240	126	244	267	199	281	236	257	263	0	0	273	224	269	0	0	0	261	248	210	265	255	252	253	238	0	307	294	247	234	302	244	292	295	139	0	250	0	0	0	271	291	300	279	0	261	227	280	264
0	0	0	0	0	0	0	0	0	0	0	0	0	0	0	0	0	0	0	0	0	0	0	4	0	0	0	0	4	0	0	5	0	0	0	0	0	0	0	0	0	0	0	0	0	0	292	5	0	0	0	0	5	0	0	0	5	0	0	0	0	0	0	0	0	0	0	0	5	0	0	0	5	0	0	5	0	0	0	0	0	0	0	0	0	0
0	0	0	0	0	0	0	0	0	0	0	0	0	0	0	0	0	0	0	0	0	0	0	0	0	0	0	0	342	0	0	369	0	0	0	0	0	0	0	0	0	0	0	0	0	0	230	354	0	0	0	0	0	0	0	0	0	0	0	0	0	0	0	0	0	0	0	0	0	0	0	0	218	0	0	306	0	0	0	0	0	0	0	0	0	0
136	148	147	103	139	134	159	130	124	161	0	80	80	156	138	129	130	156	140	162	141	154	157	0	155	147	145	145	0	0	147	0	144	122	141	148	0	46	74	118	137	101	161	0	159	153	0	0	121	74	154	168	0	160	151	138	0	154	134	133	0	130	165	129	149	135	0	0	0	0	124	0	0	84	163	0	152	146	147	152	153	124	153	132	156	146
0	113	0	235	0	104	0	0	0	0	0	0	61	0	0	0	102	118	0	0	109	0	0	0	0	114	0	0	0	108	113	250	114	94	110	114	63	0	0	0	109	0	0	0	0	116	0	0	94	105	117	0	0	0	0	110	0	121	104	106	0	102	0	102	0	107	0	94	250	0	95	0	0	64	0	0	0	114	113	117	120	0	0	102	0	109
105	111	0	236	0	102	0	101	96	0	64	0	0	0	106	98	101	0	108	0	0	0	0	0	0	112	113	0	0	106	111	115	0	0	108	0	0	0	54	0	107	74	0	52	0	0	0	0	0	0	0	0	127	0	0	108	0	0	102	104	0	100	0	0	113	105	0	92	123	0	0	0	0	0	0	0	0	0	0	115	0	0	0	0	0	0
0	0	230	0	0	0	0	0	0	0	0	0	0	0	0	0	0	0	0	0	0	0	0	0	0	0	0	0	0	0	0	0	0	0	0	0	0	0	0	95	0	0	0	0	0	0	0	0	0	0	0	0	0	0	0	0	0	0	0	0	0	0	0	0	0	0	0	0	0	0	0	0	0	0	0	0	0	0	0	0	0	205	0	0	0	0
0	115	115	81	0	0	0	0	0	0	224	0	62	0	0	0	0	0	0	0	0	0	0	0	0	0	0	0	0	0	0	0	0	0	0	116	64	0	0	0	0	0	0	0	0	0	0	0	0	236	0	0	0	0	0	0	0	0	0	0	0	0	0	0	117	0	0	0	0	0	0	58	0	0	0	0	0	0	0	0	0	0	0	0	0	0
4	4	4	3	4	4	4	4	0	4	5	6	5	4	4	4	4	4	4	4	4	4	4	5	3	4	4	4	6	4	4	7	4	4	4	4	6	32	6	4	4	6	4	262	4	4	6	7	4	4	4	4	7	4	4	4	7	4	4	4	3	4	4	4	4	4	5	3	7	4	4	0	7	5	4	6	4	4	4	4	4	54	4	4	5	4
0	0	0	0	0	215	211	0	0	0	0	0	0	0	0	0	0	0	0	234	0	0	0	0	0	0	0	0	0	0	0	0	0	0	0	205	0	0	0	0	0	0	0	0	0	0	0	0	0	0	0	0	0	0	0	0	0	0	0	0	0	0	0	0	234	0	0	0	0	0	0	0	0	0	0	0	0	0	0	0	0	0	0	0	0	0
177	193	213	0	183	178	208	0	0	210	0	0	0	203	180	169	172	202	180	231	0	198	205	0	204	195	185	189	0	175	190	0	190	0	0	195	0	258	0	156	179	0	0	0	0	201	0	0	0	0	202	217	0	209	198	181	0	200	171	173	142	169	214	0	197	175	0	0	0	0	0	0	0	0	212	0	200	192	194	198	200	0	199	0	0	193
100	106	105	75	102	97	115	95	271	117	61	53	57	112	101	93	96	110	103	117	101	108	112	104	112	106	107	106	112	101	106	109	106	87	103	106	194	192	269	84	101	201	115	49	113	109	126	117	87	249	109	123	119	116	107	103	116	113	97	99	79	95	119	94	259	100	218	87	114	92	91	132	116	137	118	111	109	106	105	109	112	154	112	95	111	102
0	0	0	0	0	0	0	0	0	0	0	0	0	0	0	0	0	0	0	0	0	0	0	0	0	0	0	0	0	0	0	0	0	0	0	0	0	0	0	0	0	0	0	0	0	0	0	0	0	0	0	0	0	0	23	0	0	24	0	0	0	0	0	0	0	0	0	0	0	0	0	0	0	0	0	0	0	0	0	0	0	0	0	0	0	0
0	0	0	174	0	0	0	258	265	0	83	76	78	0	0	0	0	0	0	0	0	0	0	136	0	0	0	0	145	0	0	0	0	195	0	0	81	0	71	0	0	98	0	0	0	0	164	153	0	71	0	0	156	0	0	0	149	0	0	0	0	0	0	248	0	0	71	0	0	254	241	75	159	80	0	0	0	0	0	0	0	0	0	0	215	0
94	99	99	69	95	0	0	88	84	110	0	112	112	105	95	87	90	103	97	236	95	101	105	98	105	99	100	99	369	95	100	0	99	81	97	99	257	17	101	0	94	136	108	238	107	103	119	111	81	234	102	116	112	110	101	96	110	106	91	93	0	89	112	87	101	94	236	80	278	85	85	0	109	139	111	104	103	100	98	103	105	0	0	89	103	96
0	0	16	0	0	0	0	0	0	0	0	0	0	0	0	0	0	0	0	0	0	0	0	0	0	17	0	0	0	0	0	0	0	0	0	0	0	0	0	0	0	0	0	0	16	0	0	0	0	0	0	0	0	0	0	0	0	0	0	0	0	0	0	0	0	0	0	13	0	0	0	0	0	0	0	0	0	0	0	0	0	0	0	0	0	0
1	1	1	1	1	1	1	1	1	1	4	4	4	1	1	1	1	1	1	1	1	1	1	0	1	1	1	1	0	1	1	0	1	1	1	1	4	220	4	1	1	4	1	4	0	1	0	0	1	3	1	1	0	1	1	1	0	1	1	1	1	1	1	1	1	1	4	1	231	1	1	0	0	4	1	0	1	1	1	1	1	172	1	1	1	1
0	0	0	0	0	0	0	0	0	0	0	0	0	0	0	0	0	0	0	0	0	0	0	242	0	0	0	0	0	0	0	246	0	0	0	0	0	0	0	0	0	0	0	0	0	0	295	0	0	0	0	0	0	0	0	0	0	0	0	0	0	0	0	0	0	0	0	0	255	0	0	0	325	0	0	355	0	0	0	0	0	0	0	0	0	0
3	3	3	206	3	3	3	3	3	3	195	5	243	3	3	3	3	3	3	3	3	3	0	296	0	3	3	3	5	3	3	6	3	3	3	3	5	270	5	3	3	5	3	193	0	3	5	6	3	239	3	3	6	3	3	3	6	3	3	0	0	3	3	3	3	3	196	263	6	3	3	222	6	237	3	237	3	3	3	3	3	0	3	3	4	3
0	0	0	0	0	0	0	0	0	0	0	0	0	0	0	0	0	0	0	0	0	0	0	0	0	0	0	0	0	0	0	0	0	197	0	0	0	0	0	0	0	0	0	0	0	0	0	0	0	0	0	0	0	0	0	0	0	0	0	0	173	0	0	0	0	0	0	0	0	0	0	0	0	0	0	0	0	0	0	0	0	0	0	0	0	0
0	0	0	0	0	0	0	0	0	0	0	0	0	0	0	0	0	0	0	0	0	0	0	138	0	0	0	0	149	0	0	148	0	0	0	0	0	0	0	0	0	0	0	0	0	0	168	157	0	0	0	0	159	0	0	0	153	0	0	0	0	0	0	0	0	0	0	0	158	0	0	0	163	0	0	154	0	0	0	0	0	0	0	0	0	0
0	0	260	0	0	0	0	0	0	0	0	0	0	0	0	0	0	0	0	0	0	0	0	0	0	0	0	0	0	0	0	0	0	0	0	0	0	0	0	0	0	0	0	0	0	0	0	370	178	0	0	0	0	0	0	0	0	0	0	0	0	0	0	0	0	0	0	0	359	0	0	0	0	0	0	0	0	0	0	0	0	0	0	0	0	0
0	0	0	0	0	204	0	0	0	0	0	0	0	0	0	0	0	0	0	0	0	0	0	0	0	0	0	240	0	0	0	0	0	0	0	0	0	0	0	0	0	0	0	0	0	0	0	0	0	0	0	0	0	0	0	0	0	0	0	0	0	0	0	0	0	0	0	0	0	0	0	0	0	0	0	0	0	0	244	0	0	0	0	0	0	0
0	105	104	0	101	96	114	94	90	116	0	0	0	111	0	0	0	109	0	116	0	107	111	103	111	105	106	105	111	0	0	108	105	86	0	105	0	211	171	0	100	205	114	0	112	108	125	116	86	182	108	122	118	0	106	102	115	112	0	0	0	0	118	93	107	0	0	86	113	91	90	0	115	0	117	110	108	105	104	0	111	223	111	0	109	101
0	0	0	0	0	0	0	0	0	0	0	0	0	0	0	0	0	0	0	0	0	0	0	311	0	0	0	0	329	0	0	368	0	0	0	0	0	0	0	0	0	0	0	0	0	0	169	351	0	0	0	0	320	0	0	0	330	0	0	0	0	0	0	0	0	0	0	0	369	0	0	0	380	0	0	271	0	0	0	0	0	0	0	0	0	0
131	143	142	0	0	129	154	125	0	156	0	0	0	151	0	0	0	151	135	157	0	149	152	0	150	142	0	142	0	0	0	0	139	118	136	143	0	241	0	0	132	0	156	0	154	148	0	0	116	0	149	163	0	155	146	0	0	150	0	0	0	0	160	0	144	0	0	0	0	0	119	0	0	0	158	0	147	0	142	147	148	202	148	0	0	141
0	0	0	0	0	0	0	0	0	0	0	57	0	0	0	0	0	0	0	0	0	0	120	267	0	0	0	0	331	0	0	0	0	0	0	0	0	0	55	0	0	75	0	0	0	0	298	323	0	0	0	0	294	0	0	0	0	0	0	0	0	0	0	0	0	0	54	0	0	0	0	0	332	0	0	351	0	0	0	0	0	0	0	0	0	0
0	0	0	0	0	0	0	0	0	0	85	0	0	0	0	0	0	0	0	0	0	0	0	140	0	0	0	0	150	0	0	149	0	0	0	0	126	0	0	0	0	0	0	0	0	0	170	159	0	0	0	0	161	0	0	0	155	0	0	0	0	0	0	0	0	0	75	0	161	0	0	77	166	0	0	157	0	0	0	0	0	0	0	0	0	0
133	145	144	101	136	131	156	127	121	158	0	78	79	153	135	126	127	153	137	159	138	151	154	0	152	144	142	0	0	132	144	0	141	119	138	145	83	14	72	0	134	99	158	0	156	150	0	0	118	72	151	165	0	157	148	135	0	151	131	130	106	127	162	126	146	132	73	120	0	126	121	0	0	82	160	0	149	143	144	149	150	0	0	129	153	143
0	0	0	0	0	0	0	0	0	0	0	56	60	0	0	0	0	0	0	0	0	0	0	0	0	0	0	0	119	0	0	0	0	0	0	0	62	0	0	0	0	0	0	0	0	0	134	124	0	58	0	0	0	0	0	0	0	0	0	0	0	0	0	0	0	0	53	0	0	0	0	56	0	63	0	0	0	0	0	0	0	0	0	0	0	0
0	0	0	0	0	0	0	0	0	0	0	79	0	0	0	0	0	0	0	0	0	0	0	0	0	0	0	0	0	0	0	0	0	0	0	0	0	0	73	0	0	0	0	71	0	0	0	0	0	73	0	0	0	0	0	0	0	0	0	0	0	0	0	0	0	0	74	0	0	0	0	76	0	83	161	0	0	0	0	0	0	0	0	0	154	0
0	0	0	0	0	0	262	0	0	270	0	0	0	261	0	0	0	262	0	276	0	257	265	0	263	0	0	248	0	0	0	0	0	0	0	0	0	329	0	0	0	0	278	0	254	260	0	0	0	0	266	0	0	264	258	0	0	262	0	0	0	0	261	0	0	0	0	0	0	0	0	0	0	0	260	0	253	0	0	0	0	0	258	0	0	261
0	0	0	0	0	0	0	0	0	0	0	301	0	0	0	0	0	0	0	0	0	0	0	416	0	0	0	0	250	0	0	438	0	228	0	0	0	0	131	0	0	0	0	0	0	0	435	450	0	0	0	0	427	0	0	0	440	0	0	0	0	0	0	0	0	0	0	0	437	0	0	0	0	0	0	0	0	220	0	0	0	0	0	0	0	0
95	100	100	70	96	92	0	89	85	111	58	51	55	106	96	88	91	104	98	111	96	102	106	99	106	100	101	100	303	96	101	103	100	82	98	100	57	164	49	0	95	68	109	46	108	104	120	112	82	55	103	117	113	111	102	97	267	107	92	94	0	90	113	88	102	95	49	81	108	86	86	52	110	58	112	105	104	101	99	104	106	0	0	90	104	0
0	0	0	0	0	0	0	0	0	0	0	0	0	0	0	0	0	0	0	0	0	0	0	0	0	0	0	0	146	0	0	146	0	0	0	0	0	0	0	0	0	0	0	0	0	0	165	154	0	0	0	0	157	0	0	0	0	0	0	0	0	0	0	0	0	0	0	0	156	0	0	0	160	0	0	152	0	0	0	0	0	0	0	0	0	0
0	0	0	0	0	0	0	0	0	0	0	0	0	0	0	0	0	0	0	0	0	0	0	112	0	0	0	0	0	0	0	0	0	0	0	0	0	0	0	0	0	0	0	0	0	0	0	224	0	0	0	0	0	0	0	0	125	0	0	0	0	0	0	0	0	0	0	0	0	0	0	0	0	0	0	0	0	0	0	0	0	0	0	0	0	0
0	0	0	0	0	0	0	98	93	0	0	0	0	0	0	0	0	0	0	0	0	0	0	0	0	0	0	0	0	0	0	0	0	0	0	0	0	0	0	0	0	0	0	0	0	0	0	0	0	0	0	0	0	0	0	0	0	0	0	0	0	0	0	0	0	0	0	0	0	0	0	0	0	0	0	0	0	0	0	0	0	0	0	0	0	0
0	0	0	0	0	0	0	0	0	0	0	92	0	0	0	0	0	0	0	0	0	183	0	0	0	0	0	0	0	0	0	0	0	0	0	0	0	0	0	0	0	0	0	0	0	0	0	0	0	0	0	0	0	0	0	0	0	0	0	0	130	0	0	0	0	0	0	0	0	0	0	0	0	0	0	0	0	0	0	0	0	0	0	0	0	0
265	296	291	186	274	287	283	305	312	294	146	192	213	284	260	255	258	285	265	298	264	278	286	411	285	295	279	267	462	260	249	0	296	275	271	307	149	131	199	259	283	321	299	148	275	281	429	446	291	202	287	278	420	285	276	264	435	283	270	267	266	253	285	321	312	262	132	0	432	309	312	202	430	107	280	409	274	288	308	318	296	182	279	242	299	0
42	48	47	0	44	46	49	39	36	48	0	0	0	47	40	37	40	47	44	50	44	47	47	0	48	48	46	48	49	40	43	46	48	40	43	48	0	147	0	38	44	206	47	0	48	48	53	48	38	0	46	52	51	52	48	46	48	53	40	40	0	39	51	0	49	40	0	0	47	40	0	0	49	0	51	44	48	48	47	49	50	76	47	37	0	44
0	0	0	0	0	0	0	0	0	0	0	0	0	0	0	0	0	0	0	0	0	0	0	0	0	0	0	0	0	0	0	0	0	0	0	0	0	0	0	0	0	116	0	0	0	0	0	0	0	0	0	0	0	0	0	0	0	0	0	0	0	0	0	158	0	0	0	0	0	0	0	0	0	0	0	0	0	0	0	0	0	0	0	0	0	0
0	0	0	0	0	0	0	0	0	0	0	0	0	0	0	0	0	0	0	0	0	0	0	97	0	0	0	0	271	0	0	102	0	0	0	0	0	0	0	0	0	0	0	0	0	0	118	110	0	0	0	0	111	0	0	0	109	0	0	0	0	0	0	0	0	0	0	0	107	0	0	0	108	0	0	103	0	0	0	0	0	0	0	0	0	0
98	103	102	73	99	0	112	92	88	114	154	249	265	109	99	91	94	107	101	114	99	105	109	101	109	103	104	103	109	99	104	106	103	84	101	103	223	72	134	0	98	0	112	210	110	107	123	114	84	113	106	120	116	114	211	100	113	110	95	97	77	93	116	91	105	98	210	84	111	89	88	53	113	201	115	108	107	103	102	107	109	51	109	93	107	99
0	0	0	0	0	0	0	0	0	0	0	0	0	0	0	0	0	0	0	0	0	0	0	0	0	0	0	0	0	0	0	28	0	0	0	0	0	0	0	0	0	0	0	0	0	0	0	0	0	0	0	0	0	0	0	0	298	0	0	0	0	0	0	0	0	0	182	0	0	0	0	0	29	0	0	0	0	0	0	0	0	0	0	0	0	0
0	0	0	0	0	0	0	0	0	0	0	0	0	0	0	0	0	0	0	0	0	0	0	265	0	0	0	0	0	0	0	12	0	0	0	0	0	0	0	0	0	0	0	0	0	0	296	11	0	0	0	0	12	0	0	0	12	0	0	0	0	0	0	0	0	0	0	0	12	0	0	0	331	0	0	10	0	0	0	0	0	0	0	0	0	0
0	0	0	0	0	0	0	0	0	0	0	0	0	0	0	0	0	0	0	0	0	0	0	137	0	0	0	0	147	0	0	147	0	0	0	0	0	0	144	0	0	0	0	0	0	0	166	155	0	0	0	0	359	0	0	0	151	0	0	0	0	0	0	0	0	0	0	0	280	0	0	0	161	81	0	358	0	0	0	0	0	0	0	0	0	0
0	0	218	0	0	0	0	0	0	0	0	0	0	0	0	0	0	0	0	0	0	0	0	0	0	0	0	0	0	0	0	0	0	0	0	0	0	0	0	229	0	0	0	0	0	0	0	0	0	0	0	0	0	0	0	0	0	0	0	0	238	0	0	0	0	0	0	0	0	0	0	0	0	0	0	0	0	0	0	0	0	0	0	0	0	0
264	295	290	278	273	286	282	304	311	293	285	210	311	283	259	254	257	284	264	297	263	277	285	348	284	294	278	266	245	259	248	306	295	274	270	306	301	3	162	258	282	153	298	123	274	280	427	379	290	286	286	277	344	284	275	263	212	282	269	266	0	252	284	320	311	261	167	318	302	308	311	0	296	294	279	345	273	287	307	317	295	0	278	241	298	281
0	0	0	0	0	0	267	0	0	275	0	0	0	267	0	0	0	0	0	281	0	262	269	0	268	0	0	0	0	0	0	0	0	0	0	0	0	268	0	0	0	0	283	0	259	265	0	0	0	0	0	0	0	269	263	0	0	267	0	0	0	0	266	0	0	0	0	0	0	0	0	0	0	0	0	0	258	0	0	0	0	0	263	0	0	266
107	0	113	0	108	0	123	103	98	125	65	0	0	0	108	100	0	0	110	0	0	0	0	0	118	0	114	0	0	0	0	0	0	0	0	0	0	219	0	0	0	0	123	0	0	0	0	0	0	0	0	131	0	123	0	0	126	0	0	0	0	0	127	0	115	0	0	0	0	100	0	0	0	0	126	0	0	0	0	0	0	129	0	0	119	0
0	0	0	0	0	128	0	0	0	0	0	0	0	0	0	0	0	0	0	0	0	0	0	0	0	0	0	0	0	0	0	0	138	117	0	0	0	0	0	0	0	0	0	0	0	0	0	0	0	0	0	0	0	0	0	0	0	0	0	0	0	0	0	0	0	0	0	0	0	0	0	0	0	0	0	0	0	0	0	146	147	0	0	0	0	0
0	0	0	38	0	0	0	0	0	0	0	0	223	0	0	0	0	0	0	0	0	0	0	0	0	0	0	0	0	0	0	0	0	0	0	0	0	0	0	0	0	0	0	25	0	0	0	0	0	0	0	0	0	0	0	0	0	0	0	0	0	0	0	0	0	0	0	0	0	0	0	98	0	218	0	0	0	0	0	0	0	0	0	0	0	0
0	0	0	0	0	0	0	0	297	0	0	0	0	0	0	0	0	0	0	0	0	0	0	298	266	0	0	0	236	0	0	0	0	0	0	0	0	0	0	0	0	0	0	0	0	0	412	298	0	0	0	0	263	0	0	0	0	0	0	0	0	0	0	0	0	0	0	0	0	0	0	0	300	0	0	0	0	0	0	0	0	0	0	0	0	0
0	0	0	0	0	0	0	0	0	0	0	0	0	0	0	0	0	0	0	0	0	0	0	0	0	0	0	0	203	0	0	330	0	0	0	0	0	0	0	0	0	0	0	0	0	0	240	214	0	0	0	0	331	0	0	0	378	0	0	0	0	0	0	0	0	0	0	0	328	0	0	0	0	0	0	235	0	0	0	0	0	0	0	0	0	0
6	5	6	5	6	6	6	6	5	6	6	7	6	6	6	6	6	6	6	6	6	5	6	0	0	6	6	6	247	6	6	8	6	6	6	224	7	184	7	6	6	7	6	167	6	6	8	8	6	5	6	6	8	6	6	6	8	0	6	6	5	6	6	5	6	6	6	5	8	6	0	0	8	6	6	7	6	0	6	6	6	243	5	6	7	6
99	104	103	74	100	95	113	93	89	115	60	52	56	110	100	92	95	108	102	115	100	106	110	102	110	104	105	104	110	100	105	107	104	85	102	104	58	90	51	83	99	70	113	48	111	0	124	115	85	0	107	121	117	115	105	101	114	111	96	98	78	94	117	92	106	99	50	85	112	90	89	0	114	59	116	109	216	104	103	108	110	160	110	94	108	100
129	0	140	100	133	127	152	123	117	154	82	75	77	149	132	123	124	149	134	155	135	147	150	0	148	140	139	140	0	130	141	0	137	116	134	141	79	322	70	115	130	97	154	69	152	146	0	0	114	70	147	161	0	153	0	132	0	148	128	127	103	124	158	122	142	129	70	116	0	0	117	74	0	79	156	0	145	140	140	145	146	0	146	127	149	139
0	0	0	0	0	0	0	0	0	0	0	0	0	0	0	0	0	0	0	0	0	0	0	330	0	0	0	0	338	0	0	331	0	0	0	0	0	0	0	0	0	0	0	0	0	0	254	158	0	0	0	0	160	0	0	0	0	0	0	0	0	0	0	0	0	0	0	0	0	0	0	0	165	0	0	0	0	0	0	0	0	0	0	0	0	0
108	114	114	0	109	105	0	0	178	0	116	0	0	0	109	101	103	0	111	0	110	0	0	0	0	115	115	0	0	109	114	0	115	95	111	115	0	0	0	0	110	129	0	0	0	0	0	0	95	0	0	0	0	0	0	111	0	0	105	107	0	103	0	103	116	108	0	95	0	0	96	0	0	0	0	0	0	115	114	118	121	0	0	103	0	0
237	266	261	256	246	258	247	281	292	252	264	278	293	222	235	229	232	250	239	215	238	240	249	376	248	266	254	233	423	232	217	398	266	245	246	279	283	142	279	234	257	296	263	271	241	247	389	409	260	263	251	238	382	246	0	237	399	247	244	241	0	228	243	0	284	236	265	291	395	284	286	289	393	274	243	375	237	259	278	288	269	142	240	217	266	247
0	0	0	0	0	0	0	0	0	0	0	0	0	0	0	0	0	0	0	0	0	0	0	171	0	0	0	0	181	0	0	180	0	0	0	0	0	0	0	0	0	0	0	0	0	0	0	193	0	0	0	0	197	0	0	0	261	0	0	0	0	0	0	0	0	0	0	0	193	0	0	0	203	0	0	0	0	0	0	0	0	0	0	0	0	0
248	276	271	0	256	268	263	208	205	271	0	0	0	263	243	238	241	0	248	277	246	258	0	394	264	276	231	249	443	242	231	0	277	255	254	288	0	53	290	242	265	305	279	0	255	261	0	0	272	0	0	258	0	265	259	246	0	263	253	251	0	236	262	0	292	245	275	0	0	290	259	0	0	0	261	0	0	269	289	298	277	192	259	225	278	0
91	96	96	66	92	88	105	85	82	107	56	49	0	103	92	84	87	100	94	108	92	98	102	94	102	96	97	96	104	92	97	99	96	78	94	96	56	238	48	0	91	66	105	45	104	100	115	107	78	53	99	113	106	107	98	93	105	103	88	90	74	86	109	84	98	91	48	77	105	82	82	50	105	57	108	98	100	97	95	100	102	71	103	86	100	93
0	0	0	183	0	0	0	0	0	0	203	184	204	0	0	0	0	0	0	0	0	0	0	0	0	0	0	0	0	0	0	0	0	0	0	0	177	0	249	0	0	0	0	138	0	0	0	0	0	168	0	0	0	0	0	0	0	0	0	0	0	0	0	0	0	0	111	0	0	0	0	102	0	177	0	0	0	0	0	0	0	0	0	0	0	0
0	0	0	0	0	0	0	0	0	0	0	0	0	0	0	0	0	0	0	0	0	0	0	45	0	0	0	0	50	0	0	47	0	0	0	0	0	0	0	0	0	0	0	0	0	0	54	49	0	0	0	0	52	0	0	0	49	0	0	0	0	0	0	0	0	0	0	0	252	0	0	0	50	0	0	45	0	0	0	0	0	0	0	0	0	0
106	112	112	80	230	103	122	102	97	124	0	0	0	0	107	99	0	117	109	124	108	0	119	209	117	113	204	113	304	107	112	0	113	93	109	113	0	42	0	0	108	275	122	104	120	115	234	223	93	0	116	130	218	122	0	109	382	120	103	0	0	101	126	101	114	106	0	0	0	99	0	0	224	163	125	225	116	113	112	116	119	0	119	101	118	0
0	0	0	0	0	0	0	0	0	60	0	0	0	58	0	0	0	222	0	61	0	219	0	0	59	0	0	0	0	0	0	0	0	0	0	0	0	0	0	0	0	0	0	0	60	0	0	0	0	0	57	0	0	63	0	0	0	0	0	0	0	0	63	0	0	0	0	0	0	0	0	0	0	0	63	0	60	0	0	0	0	0	0	0	0	218
0	0	0	0	0	0	0	0	0	0	0	240	0	0	0	0	0	0	0	0	0	0	0	0	0	0	0	0	404	0	0	0	0	0	0	0	143	0	0	0	0	0	0	0	0	19	0	0	0	0	0	0	0	0	0	0	0	0	0	0	0	0	0	0	0	0	0	0	0	0	0	0	0	0	0	0	0	0	0	0	0	0	0	0	0	0
267	298	292	280	276	289	285	0	0	296	177	181	203	286	262	257	260	287	267	300	266	280	288	251	287	297	281	269	465	262	251	266	298	277	273	309	174	76	254	261	285	198	301	140	277	283	432	315	293	173	289	280	423	287	278	266	305	0	272	269	0	255	287	323	314	264	109	0	259	0	314	180	376	179	282	300	276	290	310	320	298	0	281	244	0	283
0	0	0	0	0	0	0	0	0	0	0	0	0	0	0	0	0	0	0	0	0	0	0	0	18	0	0	0	0	0	0	0	0	0	0	0	0	0	0	0	0	0	0	0	0	0	0	0	0	0	0	0	0	0	0	0	0	0	0	0	0	0	0	0	0	0	0	0	0	0	0	0	0	0	0	0	0	0	0	0	0	0	215	0	0	0
97	102	200	72	98	94	111	91	87	113	172	158	151	108	98	90	93	106	100	113	98	104	108	100	108	102	103	102	0	98	103	105	102	83	100	102	273	154	221	0	97	69	111	109	109	106	122	113	83	135	105	119	115	113	104	99	112	109	94	96	0	92	115	90	104	97	157	83	110	88	87	107	112	189	114	107	106	102	101	106	108	29	108	92	106	98
263	294	289	277	272	285	281	303	310	292	213	111	97	282	258	253	256	283	263	296	262	276	284	0	283	293	277	265	0	258	247	0	294	273	269	305	247	82	166	257	281	259	297	159	273	279	0	0	289	152	285	276	0	283	274	262	0	281	268	265	265	251	283	319	310	260	223	317	0	307	206	243	0	166	278	0	272	286	306	316	294	139	277	240	297	280
171	187	180	0	177	172	202	169	156	204	0	0	0	198	174	163	166	196	174	205	176	193	199	0	198	189	179	183	0	170	184	0	184	164	176	189	101	168	0	151	173	0	203	0	202	195	0	0	161	0	196	211	0	203	192	175	0	194	165	167	137	163	208	171	191	169	0	154	0	167	164	0	0	0	206	0	194	186	188	192	194	240	193	163	201	188
96	101	101	71	97	93	110	90	86	112	59	244	192	107	97	89	92	105	99	112	97	103	107	303	107	101	102	101	357	97	102	341	101	0	99	101	156	28	50	82	96	172	110	47	0	105	239	333	0	165	104	118	305	0	103	98	275	108	93	95	76	91	114	89	103	96	104	82	330	87	0	235	279	205	113	323	105	0	100	105	107	162	107	91	105	97
0	247	190	0	0	212	216	229	216	291	284	298	0	0	0	0	0	0	0	0	0	0	222	345	0	216	0	0	293	0	0	0	0	205	0	258	300	0	0	0	0	0	0	287	0	0	0	0	0	0	219	275	0	0	217	0	0	280	0	0	0	0	282	0	229	0	0	0	294	231	0	0	292	0	0	0	0	227	238	223	244	0	210	0	0	214
0	0	0	0	0	0	0	0	0	0	0	0	0	0	0	0	0	0	0	0	0	0	0	134	0	0	0	0	143	0	0	142	0	0	0	0	0	0	0	0	0	0	0	0	0	0	161	150	0	0	0	0	153	0	0	0	146	0	0	0	0	0	0	0	0	0	0	0	153	0	0	0	0	0	0	149	0	0	0	0	0	0	0	0	0	0
7	6	7	6	7	7	7	7	6	7	7	8	7	0	7	7	7	0	7	7	7	6	0	8	6	7	7	7	9	7	7	10	7	7	7	6	8	169	8	7	7	8	7	5	7	0	10	9	7	6	0	7	10	7	7	7	10	7	7	7	6	7	7	6	7	7	7	6	10	7	7	0	10	7	7	9	7	6	7	7	7	125	6	7	8	0
92	97	97	67	93	89	106	86	83	108	0	50	54	0	93	85	88	101	95	109	93	99	103	257	103	97	98	97	0	93	98	0	97	79	95	97	0	66	0	0	92	67	106	0	105	101	0	0	79	54	100	114	108	108	99	94	106	104	89	91	75	87	110	85	99	92	0	78	0	83	83	0	0	0	109	100	101	98	96	101	103	174	0	87	101	94
0	0	0	0	0	0	0	0	0	0	0	0	0	0	0	0	0	0	0	0	0	0	0	203	0	0	0	0	237	0	0	335	0	0	0	0	0	0	0	0	0	0	0	0	0	0	257	277	0	0	0	0	252	0	0	0	196	0	0	0	0	0	0	0	0	0	0	0	336	0	0	0	294	0	0	151	0	0	0	0	0	0	0	0	0	0
0	0	0	0	0	0	0	0	0	0	0	0	0	0	0	0	0	0	0	0	0	0	0	56	0	0	0	0	61	0	0	208	0	0	0	0	0	0	0	0	0	0	0	0	0	0	0	61	0	0	0	0	266	0	0	0	369	0	0	0	0	0	0	0	0	0	0	0	58	0	0	0	63	0	0	56	0	0	0	0	0	0	0	0	0	0
0	0	0	0	0	0	0	0	0	0	0	174	224	0	0	0	0	0	0	0	0	0	0	0	0	0	0	0	0	0	0	0	0	0	0	0	0	0	0	0	0	0	0	0	0	0	0	0	0	0	0	0	0	0	0	0	0	0	0	0	0	0	0	0	0	0	170	0	0	0	0	0	0	214	0	0	0	0	0	0	0	0	0	0	0	0
0	0	0	0	0	0	0	0	0	0	0	143	0	0	0	0	0	0	0	0	0	0	0	0	0	0	0	0	0	0	0	0	110	0	0	0	0	0	0	0	0	0	0	0	0	0	0	0	0	0	0	127	0	0	111	0	0	0	0	0	0	0	0	0	0	0	0	0	0	0	0	0	0	0	0	0	0	0	0	0	0	0	0	0	0	0
93	98	98	68	94	90	107	87	0	109	57	212	0	104	94	86	89	102	96	110	94	100	104	96	104	98	99	98	107	94	99	101	98	80	96	98	0	298	0	80	93	0	107	0	106	102	117	109	80	0	101	115	110	109	100	95	108	105	90	92	0	88	111	86	100	93	0	79	0	84	84	51	107	0	110	102	102	99	97	102	104	37	104	88	102	95
168	184	177	127	174	169	199	166	153	201	0	228	236	0	171	160	163	193	171	202	173	0	196	214	195	186	176	180	207	167	181	374	181	161	173	186	170	114	215	148	170	175	200	186	199	192	212	280	158	138	193	208	274	200	189	172	244	191	162	164	0	160	0	168	188	166	185	151	375	164	161	182	312	209	203	264	191	183	185	189	191	0	190	160	198	185
0	0	111	0	0	0	0	0	0	0	0	0	0	0	0	0	0	116	0	0	0	114	0	0	0	0	0	112	0	0	0	0	0	0	0	0	0	0	0	0	0	0	0	0	119	0	0	0	0	0	0	0	0	0	113	0	0	119	0	0	0	0	0	0	0	0	0	0	0	0	0	0	0	0	124	0	115	0	0	0	0	0	118	0	0	0
90	95	95	65	91	87	104	84	81	106	0	179	0	102	91	83	86	99	93	107	91	97	101	93	101	95	96	95	0	91	96	98	95	77	93	95	0	210	0	79	90	65	104	0	103	99	113	106	77	0	98	112	105	106	97	92	104	102	87	89	0	85	108	83	97	90	116	76	104	81	81	49	104	56	107	97	99	96	94	99	101	170	102	85	99	92
0	0	0	0	0	0	0	0	0	0	0	0	0	0	0	0	0	0	0	0	0	0	0	0	0	0	0	0	0	0	0	0	0	0	0	0	0	0	0	0	0	0	0	0	0	0	0	0	0	227	0	0	0	0	0	0	0	0	0	0	0	0	0	0	0	0	0	0	0	0	0	0	0	213	0	0	0	0	0	0	0	0	0	0	0	0
0	0	0	0	0	0	0	0	0	0	0	0	0	0	0	0	0	0	0	0	0	0	0	0	0	0	0	0	0	0	0	0	0	0	0	0	0	0	0	175	0	0	0	0	0	0	0	0	186	0	0	0	0	0	0	0	0	0	0	0	0	0	0	0	0	0	0	0	0	0	320	0	0	0	0	0	0	0	0	0	0	0	0	0	0	0
118	129	127	89	122	0	0	0	0	0	0	64	0	0	121	112	114	0	123	0	124	0	0	0	0	128	128	0	0	119	130	0	125	0	123	129	72	0	64	0	119	0	0	61	0	0	0	139	0	62	0	0	0	0	0	121	0	0	117	116	0	113	0	0	130	118	63	0	0	0	0	66	0	70	142	134	0	0	128	132	134	0	0	116	0	0
0	0	0	156	0	0	0	0	0	0	270	0	301	0	0	0	0	0	0	0	0	0	0	0	0	0	200	0	0	0	0	415	0	0	0	0	291	0	0	0	0	0	0	278	0	0	409	427	0	274	0	0	402	0	0	0	416	0	0	0	0	0	0	306	0	0	0	0	413	0	0	204	413	283	0	0	0	0	0	0	0	0	0	0	0	0
0	0	0	0	0	0	0	0	0	0	0	0	0	0	0	0	0	0	0	0	0	0	0	358	0	0	0	0	230	0	0	0	0	0	0	0	0	0	0	0	0	0	0	0	0	0	167	156	0	0	0	0	158	0	0	0	152	0	0	0	0	0	0	0	0	0	0	0	157	0	0	0	162	0	0	153	0	0	0	0	0	0	0	0	0	0
0	0	0	0	0	0	140	0	0	141	0	0	0	136	0	0	0	136	0	142	0	134	138	0	135	0	0	0	0	0	0	0	0	0	0	0	0	198	0	0	0	0	141	0	139	133	0	0	0	0	135	148	0	140	131	0	0	0	0	0	94	0	145	0	0	0	0	106	0	0	0	0	0	0	143	0	132	0	0	0	0	244	136	0	0	128
0	0	0	0	0	0	0	0	0	0	0	0	0	0	0	0	0	0	0	0	0	0	0	219	0	0	0	0	296	0	0	197	0	0	0	0	0	0	0	0	0	0	0	0	0	0	320	254	0	0	0	0	234	0	0	0	345	0	0	0	0	0	0	0	0	0	0	0	215	0	0	0	262	0	0	219	0	0	0	0	0	0	0	0	0	0
0	0	0	0	0	0	0	0	0	0	0	0	0	0	0	0	0	0	0	0	0	0	0	0	0	0	0	0	0	0	0	188	0	0	0	0	0	0	0	0	0	0	0	0	0	0	216	203	0	0	0	0	206	0	0	0	0	0	0	0	0	0	0	0	0	0	0	0	203	0	0	0	211	0	0	0	0	0	0	0	0	0	0	0	0	0
266	297	192	279	275	288	284	306	313	295	181	209	185	285	261	256	259	286	266	299	265	279	287	0	286	296	280	268	0	261	250	0	297	276	272	308	128	56	165	260	284	176	300	122	276	282	0	0	292	169	288	279	0	286	277	265	0	284	271	268	267	254	286	322	313	263	285	320	0	310	313	210	0	262	281	0	0	289	309	319	297	200	280	243	300	282
262	293	288	276	271	284	280	302	309	290	283	297	310	281	257	252	255	281	262	295	261	275	283	410	282	292	276	264	460	257	246	432	293	272	268	304	299	276	299	256	280	319	296	286	272	278	426	444	288	284	284	274	418	282	273	261	433	279	267	264	264	250	281	318	309	259	283	316	430	306	310	301	429	292	277	407	271	285	305	315	293	146	276	239	295	279
0	0	0	0	0	0	0	0	0	0	0	0	0	0	0	0	0	0	0	0	0	0	0	105	0	0	0	0	113	0	0	0	0	0	0	0	0	0	0	0	0	0	0	0	0	0	127	0	0	0	0	0	120	0	0	0	117	0	0	0	0	0	0	0	258	0	0	0	115	0	0	0	117	0	0	112	0	0	0	0	0	0	0	0	0	0
251	280	275	266	259	271	0	290	299	0	273	288	0	0	246	240	244	0	251	0	249	0	0	398	0	279	265	253	447	245	234	419	281	259	257	291	0	0	210	245	268	154	0	183	0	0	0	431	275	276	0	262	406	0	0	249	0	0	256	253	0	239	0	308	296	248	137	304	417	293	297	0	0	267	264	395	0	273	293	302	281	82	0	228	0	0
249	277	272	157	257	207	264	287	0	272	0	287	0	264	244	190	242	264	249	278	247	0	266	395	265	221	263	250	444	243	232	0	278	256	255	212	0	135	0	243	266	0	280	0	256	262	0	428	202	231	268	259	0	266	260	247	417	264	254	196	252	237	263	0	293	246	276	301	414	291	218	0	414	0	262	392	255	270	290	299	0	249	260	226	244	263
0	0	0	0	0	0	0	0	0	0	0	0	0	0	0	0	0	0	0	0	0	0	0	338	0	0	0	0	108	0	0	104	0	0	0	0	0	0	0	0	0	0	0	0	0	0	121	380	0	0	0	0	114	0	0	0	111	0	0	0	0	0	0	0	0	0	0	0	109	0	0	0	111	0	0	106	0	0	0	0	0	0	0	0	0	0
0	0	0	0	0	0	0	0	0	0	271	0	214	0	0	0	0	0	0	0	0	259	0	0	0	0	0	0	0	0	0	0	0	0	0	0	198	0	174	0	0	157	0	279	0	0	0	0	0	0	0	0	0	0	0	0	0	0	0	0	0	0	0	278	0	0	0	0	0	0	0	0	0	210	0	0	0	0	0	0	278	0	0	0	0	0
0	0	0	0	0	0	0	0	0	0	0	0	0	0	0	0	0	0	0	0	0	0	0	3	0	0	0	0	202	0	0	4	0	0	0	0	0	0	0	0	0	0	0	0	0	0	4	4	0	0	0	0	4	0	0	0	4	0	0	0	0	0	0	0	0	0	0	0	4	0	0	0	4	0	0	4	0	0	0	0	0	0	0	0	0	0
0	0	0	0	0	0	0	0	0	0	0	0	0	0	0	0	0	0	0	0	0	0	0	95	0	0	0	0	106	0	0	100	0	0	0	0	0	0	0	0	0	0	0	0	0	0	116	108	0	0	0	0	109	0	0	0	107	0	0	0	0	0	0	0	0	0	0	0	106	0	0	0	106	0	0	101	0	0	0	0	0	0	0	0	0	0
0	0	0	0	0	0	0	0	0	0	140	172	159	0	0	0	0	0	0	0	0	0	0	0	0	0	0	0	0	0	0	359	0	0	0	0	139	0	0	0	0	0	0	0	0	0	0	0	0	147	0	0	0	0	0	0	0	0	0	0	0	0	0	0	0	0	94	0	0	0	0	206	0	0	0	0	0	0	0	0	0	0	0	0	0	0
0	0	0	0	0	0	157	0	122	159	0	0	0	154	0	0	0	0	0	160	0	152	155	0	153	0	0	0	0	0	0	0	0	120	0	0	0	194	0	0	0	0	159	0	157	151	0	0	119	0	152	166	0	158	149	0	0	0	0	0	0	0	163	127	0	0	0	0	0	127	0	0	0	0	0	0	150	0	0	0	0	0	151	0	0	0
0	0	0	0	0	0	0	0	0	0	84	0	0	0	0	0	0	0	0	0	0	0	0	0	0	0	0	0	0	0	0	202	0	0	0	0	0	0	0	0	0	0	0	0	0	0	0	0	0	0	0	0	0	0	0	0	0	0	0	0	0	0	0	0	0	0	0	0	223	0	0	0	0	0	0	0	0	0	0	0	0	0	0	0	0	0
117	128	126	0	121	114	0	112	106	0	0	65	70	0	120	111	113	135	122	0	123	0	137	0	0	0	127	0	0	118	129	0	124	0	122	128	119	0	227	103	118	0	0	0	0	132	0	0	0	221	134	0	0	0	0	120	0	0	116	115	0	112	0	0	129	117	145	0	0	114	0	0	0	228	0	0	0	127	127	131	133	0	0	115	137	127
8	7	8	7	8	8	0	0	0	8	8	113	195	0	8	8	0	0	8	0	0	0	0	0	7	8	8	8	10	0	0	11	213	8	8	7	164	310	121	8	8	0	0	155	8	0	11	10	8	155	0	8	11	8	8	8	11	8	8	8	0	0	8	7	8	8	121	7	11	0	8	106	11	256	0	0	8	7	8	0	8	130	0	0	0	0
0	0	0	0	0	0	0	0	0	0	0	0	0	0	0	0	0	0	0	0	0	0	0	0	0	0	0	0	0	0	0	0	0	0	0	0	0	0	0	0	0	0	0	0	0	0	0	0	0	0	0	0	0	0	0	0	0	0	0	0	246	195	0	0	0	186	0	0	0	0	0	0	0	0	0	0	0	0	0	0	0	0	0	0	0	0
169	185	178	0	175	170	200	167	154	202	102	94	160	196	172	161	164	194	172	203	174	191	197	178	196	187	177	181	188	168	182	0	182	162	174	187	100	303	91	149	171	121	201	0	200	193	213	201	159	92	194	209	204	201	190	173	191	192	163	165	136	161	206	169	189	167	86	152	201	165	162	91	209	100	204	197	192	184	186	190	192	102	191	161	199	186
43	49	48	30	45	47	50	40	37	49	182	104	23	48	41	38	41	0	45	51	45	48	48	46	49	49	47	49	264	41	44	0	49	41	44	49	161	129	99	0	45	250	48	154	49	49	55	329	39	154	47	53	53	53	49	47	50	54	41	41	36	0	52	43	50	41	23	38	338	41	43	0	51	27	52	324	49	49	48	50	51	0	48	38	48	45
44	50	49	31	46	48	51	41	38	50	26	22	24	49	42	39	42	49	46	52	46	49	49	47	50	50	48	50	51	42	45	48	50	42	0	50	28	236	21	40	46	31	49	20	50	50	56	50	40	20	48	54	54	54	50	48	51	55	42	42	37	41	53	44	51	42	24	39	48	42	44	22	52	28	53	46	50	50	49	51	52	255	49	39	49	46
0	52	51	34	48	51	54	43	39	53	169	24	26	52	44	41	44	52	48	54	48	52	52	48	53	53	50	53	54	44	48	50	53	45	47	53	30	326	23	43	48	34	52	21	53	53	59	53	43	23	51	57	57	57	52	50	219	58	44	44	39	43	56	47	53	44	25	42	50	45	47	25	54	31	56	47	53	52	51	53	54	171	52	41	52	49
0	198	221	238	0	238	0	8	7	0	3	3	3	0	0	0	0	224	0	0	0	0	215	0	0	246	0	0	3	0	0	3	248	179	0	235	3	0	3	0	0	0	0	3	0	216	3	3	246	2	224	0	3	0	0	0	3	0	0	0	0	0	0	277	254	0	3	188	3	8	187	2	3	3	8	3	0	207	225	207	241	0	7	0	9	208
0	0	0	0	0	0	0	0	0	0	0	0	0	0	0	0	0	0	0	0	0	0	0	113	0	0	0	0	120	0	0	116	0	0	0	0	0	0	0	0	0	0	0	0	0	0	135	125	0	0	0	0	128	0	0	0	0	0	0	0	0	0	0	0	0	0	0	0	124	0	0	0	126	0	0	120	0	0	0	0	0	0	0	0	0	0
0	0	0	0	0	0	0	0	0	0	0	0	0	0	0	0	0	0	0	0	0	0	0	0	0	0	0	0	214	0	0	319	0	0	0	0	0	0	0	0	0	0	0	0	0	0	0	305	0	0	0	0	0	0	0	0	0	0	0	0	0	0	0	0	0	0	0	0	222	0	0	0	0	0	0	0	0	0	0	0	0	0	0	0	0	0
0	0	0	0	0	0	0	0	0	0	0	0	0	0	0	0	0	0	0	0	0	0	0	0	0	0	0	0	0	0	0	143	0	0	0	0	0	0	0	0	0	0	0	0	0	0	162	151	0	0	0	0	154	0	144	0	147	0	0	0	0	0	0	0	0	0	0	0	154	0	0	0	157	0	0	0	0	0	0	0	0	0	0	0	0	0
276	308	300	286	286	298	295	316	322	308	293	306	259	297	271	266	270	297	277	312	276	292	299	421	299	308	290	281	472	272	262	443	310	286	281	320	308	102	307	0	295	330	313	292	287	294	439	455	301	293	301	292	432	299	290	276	445	297	282	277	274	265	299	330	324	273	293	329	441	320	323	0	439	301	293	418	0	301	321	331	308	116	292	254	313	295
228	255	254	247	235	247	233	267	279	237	241	234	188	232	224	220	222	237	230	245	228	228	235	365	235	256	245	220	414	221	206	388	253	233	237	268	144	117	231	226	246	290	248	133	229	233	377	396	251	217	235	223	371	230	226	227	389	232	234	230	234	218	227	289	272	225	96	281	384	272	276	219	387	173	229	366	224	250	267	277	258	32	226	209	251	233
0	0	0	0	0	0	0	104	0	0	0	0	0	119	0	0	0	0	0	0	0	116	0	0	0	0	0	0	0	0	0	0	0	0	0	0	106	0	216	0	0	0	0	0	0	0	0	0	0	142	0	0	0	0	0	0	0	0	0	0	0	0	0	0	0	0	255	0	0	0	0	0	0	0	0	0	0	0	0	0	0	0	0	0	0	0
0	0	0	0	0	0	153	0	0	0	0	0	0	0	0	0	0	0	0	0	0	0	0	0	149	0	0	0	0	0	0	0	0	0	0	0	0	0	0	0	0	0	0	0	0	0	0	0	0	0	0	0	0	0	0	0	0	0	0	128	0	0	0	0	0	0	0	117	0	0	0	0	0	0	157	0	0	0	0	0	0	0	147	0	0	0
0	0	0	0	0	0	226	0	0	0	0	0	0	0	0	0	0	0	0	0	0	0	0	0	0	0	0	0	0	0	0	0	0	0	229	0	0	0	0	0	0	0	0	224	0	0	0	0	0	0	0	0	0	0	0	0	0	0	0	0	0	0	0	0	0	0	0	0	0	0	0	0	0	0	0	0	0	0	0	0	0	0	0	0	0	0
0	0	0	0	0	0	0	0	0	0	0	0	0	0	0	0	0	0	0	0	0	0	58	0	0	59	0	202	0	0	0	0	59	194	0	0	0	0	264	0	0	0	0	0	0	59	0	0	0	29	0	0	0	0	0	0	295	64	0	0	0	0	0	0	59	0	0	48	0	0	248	0	0	0	0	0	0	57	219	59	0	89	0	0	0	0
0	0	0	0	0	0	0	0	0	0	0	0	0	0	0	0	0	0	0	0	0	0	0	349	0	0	0	0	307	0	0	211	0	0	0	0	0	0	0	0	0	0	0	0	0	0	67	0	0	0	0	0	310	0	0	0	0	0	0	0	0	0	0	0	0	0	0	0	0	0	0	0	0	0	0	333	0	0	0	0	0	0	0	0	0	0
0	0	0	0	0	0	0	0	0	0	0	0	0	0	0	125	126	0	0	0	0	0	0	0	151	0	0	0	0	183	0	0	0	0	0	0	0	0	0	0	0	0	0	0	0	0	0	0	0	0	0	0	0	0	0	0	0	0	0	129	105	0	161	0	0	131	0	0	0	0	0	0	0	0	0	0	0	0	0	0	0	0	0	0	0	0
0	0	0	0	0	0	0	0	0	0	0	0	0	0	0	0	184	0	0	0	0	0	0	0	0	252	0	0	0	0	0	0	221	0	0	219	0	0	0	0	0	0	0	0	0	0	0	0	0	0	0	0	0	0	0	0	0	0	0	0	0	0	0	0	265	0	0	0	0	0	0	0	0	0	0	0	0	0	0	0	0	0	0	0	0	0
0	0	0	0	0	0	0	111	105	0	0	0	0	0	0	0	0	0	0	0	0	0	0	0	0	0	0	0	0	0	0	0	0	104	0	0	0	0	0	0	0	0	0	0	0	0	0	0	102	0	0	0	0	0	0	0	0	0	0	0	0	0	0	0	0	0	0	0	0	113	0	144	0	0	0	0	0	0	0	0	0	0	0	0	136	0
180	220	223	33	198	50	53	178	270	52	27	194	0	51	185	208	194	51	202	53	213	51	51	276	52	52	220	52	53	211	47	49	52	44	220	52	29	16	22	42	183	33	51	149	52	52	58	52	42	22	50	56	56	56	0	208	53	57	194	178	156	205	55	46	0	197	131	41	354	44	46	24	53	30	55	255	52	240	201	252	206	254	51	193	51	48
0	0	0	0	221	165	0	162	150	197	166	154	0	192	168	157	160	190	0	0	170	187	192	173	191	182	208	177	0	0	0	0	177	157	0	182	208	216	0	0	0	118	0	0	195	188	0	0	154	0	189	204	0	196	218	169	0	187	159	161	0	0	202	0	184	0	127	0	0	161	0	0	0	0	199	0	187	179	181	186	187	199	0	157	194	181
238	267	262	257	247	259	248	282	258	253	265	279	294	247	236	230	233	251	240	0	239	241	250	377	249	267	255	0	424	233	218	399	267	246	247	280	284	171	280	235	258	131	264	272	242	0	390	410	261	264	252	239	383	247	241	238	400	248	245	242	244	229	244	276	285	237	266	292	396	285	287	290	394	275	244	376	238	260	279	289	270	107	241	218	267	248
257	288	283	163	266	279	275	297	0	284	150	157	153	276	252	247	250	276	257	289	256	270	278	293	277	0	271	259	224	251	240	318	288	267	263	299	239	120	225	251	275	312	291	116	267	273	335	294	283	136	279	269	254	277	267	256	237	274	262	259	0	245	275	313	304	254	151	312	315	301	305	214	337	188	272	276	266	0	0	309	288	84	271	234	290	274
209	306	202	232	284	0	0	314	320	305	161	305	319	0	202	174	268	295	275	309	274	289	297	0	296	306	288	278	0	270	259	0	307	0	0	317	234	202	306	268	293	329	310	225	0	292	0	0	244	101	298	289	0	296	287	274	0	294	280	218	272	263	296	232	322	205	292	326	0	318	322	0	0	0	290	0	283	299	319	329	220	48	289	252	310	292
258	289	284	272	267	280	276	298	0	285	277	291	304	277	253	248	251	0	258	290	257	271	279	404	278	288	272	260	454	252	241	426	289	268	264	300	294	178	293	252	276	313	292	282	268	274	420	437	284	279	280	270	412	278	268	257	427	275	263	260	0	246	276	314	305	255	279	313	424	302	306	0	423	0	0	401	267	281	301	310	289	136	0	235	291	275
0	0	0	0	0	0	0	0	0	0	0	0	0	0	0	0	0	0	0	0	0	0	0	396	0	0	0	0	445	0	0	417	0	0	0	0	0	0	0	0	0	0	0	0	0	0	411	429	0	0	0	0	404	0	0	0	418	0	0	0	0	0	0	0	0	0	0	0	415	0	0	0	415	0	0	393	0	0	0	0	0	0	0	0	0	0
0	0	0	0	0	0	0	0	0	0	0	0	0	0	0	0	0	0	0	0	0	0	0	0	0	0	0	0	208	0	0	0	0	0	0	0	0	0	0	0	0	0	0	0	0	0	0	0	0	0	0	0	0	0	0	0	0	0	0	0	0	0	0	0	0	0	0	0	0	0	0	0	340	0	0	0	0	0	0	0	0	0	0	0	0	0
0	0	0	0	0	0	0	0	0	0	0	0	0	0	0	0	0	0	0	0	0	0	0	0	0	0	0	0	0	0	0	0	0	0	0	0	0	0	206	0	0	0	0	0	0	0	0	0	0	198	0	0	0	0	0	0	0	0	0	0	0	0	0	0	0	0	146	0	0	0	0	0	0	0	0	0	0	0	0	0	0	0	0	0	0	0
0	0	0	0	0	0	0	0	0	0	0	0	0	0	0	0	0	0	0	0	0	0	0	327	0	0	0	0	254	0	0	354	0	0	0	0	0	0	0	0	0	0	0	0	0	0	370	200	0	0	0	0	219	0	0	0	357	0	0	0	0	0	0	0	0	0	0	0	200	0	0	0	358	0	0	299	0	0	0	0	0	0	0	0	0	0
0	0	0	0	0	0	0	207	206	0	0	0	0	0	0	0	0	0	0	0	0	0	0	0	0	0	0	0	0	0	0	0	0	0	0	0	0	0	0	0	0	0	0	0	0	0	410	0	0	0	0	0	0	0	0	0	0	0	0	0	0	0	0	0	0	0	0	0	0	0	258	0	0	0	0	0	0	0	0	0	0	0	0	0	279	0
0	0	0	0	0	0	0	0	0	140	0	0	0	135	0	0	0	0	0	141	0	133	0	124	134	0	0	126	132	0	0	0	0	0	0	0	0	7	0	0	0	0	140	0	138	0	149	0	0	0	0	147	0	139	130	0	0	0	0	0	0	0	144	0	0	0	0	0	0	0	0	0	144	0	0	135	131	0	0	0	0	0	135	0	0	0
0	0	0	0	0	0	0	0	0	0	0	0	0	0	0	0	0	0	0	0	0	0	0	0	0	0	0	0	62	0	0	58	0	0	0	61	0	0	0	0	0	0	0	0	0	0	68	63	0	0	0	0	66	0	0	0	61	0	0	0	0	0	0	54	0	0	0	0	59	0	0	0	64	0	0	0	0	0	0	0	0	0	0	0	0	0
0	0	0	137	0	0	0	0	0	0	218	117	144	0	0	0	0	0	0	0	0	0	0	0	0	0	0	0	0	0	0	0	0	0	0	0	265	0	262	0	0	281	0	253	0	0	0	0	0	119	0	0	0	0	0	0	0	0	0	0	0	0	0	259	0	0	238	252	0	0	0	169	0	149	0	0	0	0	0	0	0	0	0	0	0	0
46	53	52	35	49	52	55	44	40	54	28	25	27	53	45	42	45	53	49	55	49	53	53	49	54	54	51	54	55	45	49	51	54	46	48	54	31	217	24	44	49	35	53	22	54	54	60	54	44	24	52	58	58	58	53	51	54	59	45	45	40	44	57	48	54	45	26	43	51	46	185	26	55	32	57	48	54	53	52	54	55	132	53	42	53	50
0	0	0	0	0	0	0	0	0	0	0	0	0	0	0	0	0	0	0	0	0	0	0	0	0	0	0	0	105	0	0	0	0	0	0	0	0	0	0	0	0	0	0	0	0	0	0	0	0	0	0	0	107	0	0	0	0	0	0	0	0	0	0	0	0	0	0	0	0	0	0	0	0	0	0	99	0	0	0	0	0	0	0	0	0	0
259	290	285	273	268	281	277	299	306	287	278	292	305	278	254	249	252	278	259	291	258	272	280	405	279	289	273	261	455	254	25	427	290	269	265	301	295	139	294	253	277	314	293	283	269	275	421	439	285	280	281	271	413	279	269	258	428	276	264	261	261	247	278	315	306	256	280	314	425	303	307	297	424	287	274	402	268	282	302	312	290	189	273	236	292	276
0	0	0	0	0	0	0	206	180	0	0	128	132	0	0	0	0	0	0	0	0	0	0	0	0	0	0	0	0	0	0	0	227	182	0	0	260	0	185	0	0	231	0	0	0	0	0	0	169	159	0	0	0	0	0	0	0	0	0	0	0	0	0	220	200	0	253	0	0	244	190	97	0	0	0	0	0	219	212	0	0	0	0	0	54	0
0	0	0	0	0	0	0	0	0	0	0	0	0	0	0	0	0	0	0	0	0	0	0	7	0	0	0	0	8	0	0	9	0	0	0	0	0	0	0	0	0	0	0	0	0	0	9	347	0	0	0	0	9	0	0	0	9	6	0	0	0	0	0	0	0	0	0	0	9	0	6	0	9	0	0	8	0	0	0	0	0	0	0	0	0	0
0	0	0	0	0	0	0	0	0	0	0	0	0	0	0	0	0	0	0	0	0	0	0	0	0	0	0	0	0	0	0	0	0	76	0	0	0	0	0	0	0	0	0	0	0	0	0	0	0	0	0	0	0	0	0	0	0	0	0	0	0	0	0	0	0	0	0	0	0	0	80	0	0	0	0	0	0	0	0	0	0	0	0	0	0	0
0	0	0	0	0	0	0	0	0	0	0	0	0	0	0	0	0	0	0	0	0	0	0	185	0	0	0	0	48	0	0	338	0	0	0	0	0	0	0	0	0	0	0	0	0	0	245	47	0	0	0	0	333	0	0	0	380	0	0	0	0	0	0	0	0	0	0	0	329	0	42	0	275	0	0	0	0	0	0	0	0	0	0	0	47	0
0	0	0	0	0	0	0	0	0	0	0	0	0	0	0	0	0	0	0	0	0	0	0	0	0	0	0	0	0	0	0	0	0	0	0	0	0	0	0	0	0	0	0	0	0	0	326	0	0	0	0	0	0	0	0	0	0	0	0	0	0	0	0	0	0	0	0	0	0	0	0	0	263	0	0	0	0	0	0	0	0	0	0	0	0	0
196	217	242	160	220	196	0	238	240	0	0	166	162	0	195	194	187	0	218	0	224	0	0	0	0	222	206	0	0	201	199	0	216	190	205	201	123	0	213	0	207	0	0	106	0	0	0	0	220	141	0	0	0	0	0	0	0	0	209	199	0	187	0	230	244	181	143	0	0	251	220	117	0	233	0	0	0	0	242	226	0	0	0	175	321	0
0	0	0	178	0	0	0	0	0	0	120	237	189	0	0	0	0	0	0	0	0	0	0	0	0	0	0	0	0	0	0	0	0	0	0	0	145	0	232	0	0	0	0	134	0	0	0	0	0	222	0	0	0	0	0	0	0	0	0	0	0	0	0	263	0	0	102	0	0	0	0	218	0	174	0	0	0	0	0	0	0	0	0	0	0	0
0	0	0	0	0	0	0	0	0	0	0	0	0	0	0	0	0	0	0	0	0	0	0	0	0	0	0	143	144	0	0	0	0	0	0	0	0	0	0	0	0	0	0	0	0	0	0	0	0	0	0	0	0	0	0	0	0	152	0	0	0	0	0	0	0	0	0	0	0	0	0	0	0	0	0	0	0	0	0	0	0	0	0	0	0	144
0	0	0	0	0	0	0	0	0	0	0	0	0	0	0	0	0	0	0	0	0	0	0	0	0	0	0	0	0	0	0	231	0	0	0	0	0	0	0	0	0	0	0	0	0	0	0	335	0	0	0	0	0	0	0	0	293	0	0	0	0	0	0	0	0	0	0	0	0	0	0	0	0	0	0	0	0	0	0	0	0	0	0	0	0	0
225	252	251	246	234	244	230	264	276	234	186	270	284	229	221	217	219	235	227	242	225	225	232	0	232	253	242	217	0	218	204	0	250	230	234	265	197	96	266	223	243	289	245	231	223	230	373	392	248	255	232	220	367	227	223	224	385	229	231	227	231	215	224	286	269	222	219	279	0	269	273	282	0	0	226	0	221	247	264	274	255	187	223	206	248	230
0	0	0	192	0	0	0	0	0	0	219	0	0	0	0	0	0	0	0	0	0	0	0	0	0	0	0	0	0	0	143	0	0	0	0	0	0	0	0	0	0	0	0	70	0	0	0	0	0	0	0	0	0	0	0	0	0	0	0	0	0	0	0	0	0	0	0	0	0	0	0	110	0	0	0	0	0	0	0	0	0	0	0	0	0	0
227	254	253	179	219	246	232	266	278	236	256	271	285	231	223	219	221	0	229	244	227	227	234	0	234	255	244	219	412	220	205	386	252	232	236	267	277	181	271	225	245	130	247	263	228	232	375	394	250	256	234	222	369	229	225	226	387	231	233	229	233	217	226	288	271	224	258	280	382	271	275	142	385	269	228	364	223	249	266	276	257	31	225	208	250	232
256	287	282	0	265	278	274	296	304	283	0	0	0	275	251	246	249	275	222	288	255	269	277	0	276	286	270	258	0	250	239	0	287	266	262	298	0	267	0	250	274	174	290	0	266	272	0	0	0	0	278	268	0	276	0	255	0	273	261	258	259	244	274	312	303	253	0	0	0	300	304	0	0	0	271	0	265	279	299	308	287	98	270	233	289	273
0	0	0	0	0	0	0	0	0	0	0	0	0	0	0	0	0	0	0	0	0	0	0	0	0	0	0	0	0	0	0	0	0	0	0	0	0	0	0	0	0	0	0	0	122	0	0	0	0	0	0	0	0	0	0	0	0	0	0	0	0	0	0	0	0	0	0	0	0	0	0	0	0	0	0	0	118	0	0	0	0	0	0	0	0	111
0	0	0	0	213	0	0	0	0	0	0	0	0	0	0	0	0	0	0	0	0	0	0	0	0	0	229	0	0	0	0	0	0	0	0	0	0	0	0	0	0	0	0	0	0	0	0	0	0	0	0	0	0	0	0	0	0	0	0	0	0	0	0	0	0	0	0	93	361	0	0	0	0	0	0	0	0	0	0	0	0	0	0	0	0	0
165	180	0	125	224	0	195	0	0	0	0	0	0	0	0	0	0	0	168	198	0	0	0	0	0	0	173	0	0	0	0	182	0	0	170	0	0	0	173	0	0	0	196	100	0	0	207	0	0	90	0	0	199	0	0	0	187	0	0	0	0	157	0	0	0	0	0	0	195	0	157	0	0	97	0	192	0	0	0	0	0	0	0	0	0	0
0	0	0	0	0	0	0	0	0	0	0	0	0	0	0	0	0	0	0	0	0	0	0	0	0	0	0	0	182	0	0	181	0	0	0	0	0	0	0	0	0	0	0	0	0	0	206	194	0	0	0	0	198	0	0	0	186	0	0	0	0	0	0	0	0	0	0	0	194	0	0	0	363	0	0	191	0	0	0	0	0	0	0	0	0	0
252	281	276	267	260	272	268	291	300	276	124	262	251	268	247	241	245	268	252	282	250	263	270	399	269	280	266	254	448	246	235	420	282	260	258	292	213	209	107	0	269	307	284	199	0	266	415	432	276	251	272	263	407	270	264	250	421	268	257	254	255	240	267	0	297	249	190	305	418	294	298	0	418	116	265	396	259	274	294	303	282	0	0	229	283	267
0	0	0	0	0	0	0	0	0	0	0	0	0	0	0	0	0	0	0	0	0	0	0	268	0	0	0	0	413	0	0	387	0	0	0	0	0	0	0	0	0	0	0	0	0	0	376	395	0	0	0	0	370	0	0	0	388	0	0	0	0	0	0	0	0	0	0	0	383	0	0	0	386	0	0	365	0	0	0	0	0	0	0	0	0	0
0	0	0	0	0	0	0	0	0	0	0	0	0	0	0	0	0	0	0	0	0	0	0	308	0	0	0	0	461	0	0	433	0	0	0	0	0	0	0	0	0	0	0	0	0	0	428	445	0	0	0	0	419	0	0	0	434	0	0	0	0	0	0	0	0	0	0	0	431	0	0	0	286	0	0	408	0	0	0	0	0	0	0	0	0	0
226	253	252	180	0	245	231	265	277	235	118	236	190	230	222	218	220	236	228	243	226	226	233	0	233	254	243	218	0	219	197	0	251	231	235	266	140	243	0	224	244	0	246	0	227	231	0	0	249	218	233	221	0	228	224	225	0	230	232	228	232	216	225	287	270	223	101	0	0	270	274	190	0	172	227	0	222	248	265	275	256	0	224	207	249	231
0	0	0	0	0	0	0	0	0	0	0	0	0	0	0	0	0	0	0	0	0	0	0	294	0	0	0	0	332	0	0	210	0	0	0	0	0	0	0	0	0	0	0	0	0	0	285	339	0	0	0	0	313	0	0	0	218	0	0	0	0	0	0	0	0	0	0	0	0	0	0	3	349	0	0	328	0	0	0	0	0	0	0	0	0	0
0	0	0	0	0	0	0	0	0	0	0	0	0	0	0	0	0	0	0	0	0	0	0	403	0	287	0	0	0	0	0	425	0	0	0	0	0	0	0	0	0	0	0	0	0	0	284	386	0	0	0	0	324	0	0	0	0	0	0	0	0	0	0	0	0	0	0	0	423	0	0	0	222	0	0	321	0	280	300	0	0	0	0	0	0	0
0	0	0	0	0	0	0	0	0	0	0	0	0	0	0	0	0	0	0	0	0	0	292	0	0	0	0	0	251	0	0	0	0	0	0	0	0	0	0	0	0	0	0	0	0	287	0	0	0	0	0	284	0	0	0	0	0	0	0	0	0	0	0	0	0	0	0	0	0	0	0	0	0	0	0	0	0	0	0	0	0	94	285	0	0	287
0	0	0	0	0	0	0	0	0	0	0	0	0	0	0	0	0	0	0	0	0	0	0	412	0	0	0	0	463	0	0	434	0	0	0	0	0	0	0	0	0	0	0	0	0	0	430	447	0	0	0	0	421	0	0	0	436	0	0	0	0	0	0	0	0	0	0	0	433	0	0	0	431	0	0	410	275	0	0	0	0	0	0	0	0	0
0	0	0	240	0	0	0	0	0	0	184	185	281	0	0	0	0	0	0	0	0	0	0	0	0	0	0	0	0	0	0	0	0	0	0	0	196	0	96	0	0	0	0	230	0	0	0	0	0	245	0	0	0	0	0	0	0	0	0	0	0	0	0	0	0	0	222	0	0	0	0	247	0	0	0	0	0	0	0	0	0	0	0	0	0	0
0	0	0	0	0	0	0	0	0	0	0	0	0	0	0	0	0	0	0	0	0	0	0	0	0	0	0	0	436	0	0	409	0	0	0	0	0	0	0	0	0	0	0	0	0	0	401	420	0	0	0	0	394	0	0	0	0	0	0	0	0	0	0	0	0	0	0	0	407	0	0	0	405	0	0	0	0	0	0	0	0	0	0	0	0	0
0	11	240	200	12	183	0	0	0	0	244	200	217	0	12	0	11	9	0	0	11	0	0	0	0	12	223	0	0	11	11	0	12	11	12	11	183	0	191	172	12	12	0	170	0	11	0	0	12	203	0	0	0	0	0	195	0	12	196	11	10	11	0	11	12	189	175	202	0	0	12	0	0	224	0	0	0	11	11	11	12	0	0	10	0	0
0	0	0	0	0	0	0	0	0	0	0	0	0	0	0	0	0	0	0	0	0	0	0	0	0	0	0	0	383	0	0	0	0	0	0	0	0	0	0	187	0	0	0	0	0	0	0	0	0	0	0	0	0	0	0	0	0	0	0	0	0	0	0	0	0	0	0	0	0	0	0	0	0	0	0	0	0	0	0	0	0	0	0	0	0	0
0	0	0	0	0	0	0	0	0	0	0	0	0	0	0	0	0	0	0	0	0	0	0	0	0	0	0	0	0	0	0	0	0	0	0	0	0	0	0	170	0	0	0	0	0	0	0	0	0	0	0	0	0	0	0	0	0	0	0	0	206	0	0	0	0	0	0	0	0	0	0	0	0	0	0	0	0	0	0	0	0	0	0	0	0	0
0	0	0	138	0	0	0	0	0	0	226	118	179	0	0	0	0	0	0	0	0	0	0	0	0	0	0	0	0	0	0	0	0	0	0	0	264	0	261	0	0	215	0	256	0	0	0	0	0	120	0	0	0	0	0	0	0	0	0	0	0	0	0	0	0	0	240	0	0	0	0	234	0	150	0	0	0	0	0	0	0	0	0	0	0	0
0	0	0	128	0	0	0	0	0	0	0	0	0	0	0	0	0	0	0	0	0	0	0	0	0	0	0	0	0	0	0	187	0	0	0	0	0	0	0	0	0	0	0	87	0	0	0	0	0	0	0	0	0	0	0	0	0	0	0	0	0	0	0	0	0	0	0	0	0	0	0	0	0	0	0	0	0	0	0	0	0	0	0	0	0	0
0	0	0	0	0	0	0	0	0	0	0	0	0	0	0	0	0	0	0	0	0	0	0	364	0	0	0	0	411	0	0	385	0	0	0	0	0	0	0	0	0	0	0	0	0	0	374	393	0	0	0	0	368	0	0	0	386	0	0	0	0	0	0	0	0	0	0	0	381	0	0	0	384	0	0	363	0	0	0	0	0	0	0	0	0	0
0	0	0	0	0	0	0	0	0	0	0	0	0	0	0	0	0	0	0	0	0	0	0	0	0	0	0	0	131	0	0	129	0	0	0	0	0	0	0	0	0	0	0	0	0	0	148	0	0	0	0	0	142	0	0	0	247	0	0	0	0	0	0	0	0	0	0	105	140	0	0	0	143	0	0	0	0	0	0	0	0	239	0	0	0	0
0	0	0	0	0	248	234	268	280	238	0	0	0	233	0	0	0	238	0	246	0	229	236	0	236	257	0	221	0	0	0	0	254	234	0	248	0	140	0	0	0	0	249	0	230	234	0	0	193	0	236	224	0	231	227	0	0	233	0	0	0	0	228	258	225	0	0	0	0	0	214	0	0	0	230	0	225	216	232	215	209	0	227	0	252	234
0	0	0	162	0	0	0	0	0	0	151	163	154	0	0	0	0	0	0	0	0	0	0	0	0	0	0	0	0	0	0	0	0	0	0	0	238	0	226	0	0	0	0	117	0	0	0	0	0	137	0	0	0	0	0	0	0	0	0	0	0	0	0	0	0	0	155	0	0	0	0	116	0	187	0	0	0	0	0	0	0	0	0	0	0	0
275	307	299	231	285	297	0	315	321	307	162	208	0	296	270	265	269	296	276	311	275	291	218	0	298	307	289	280	0	271	261	0	309	285	228	319	233	275	180	270	294	188	312	0	286	218	0	0	300	102	300	291	0	298	289	275	0	296	281	276	273	264	298	329	323	272	208	328	0	319	254	0	0	247	292	0	285	300	320	330	307	101	291	253	312	294
0	0	0	0	0	0	0	0	0	0	0	0	0	0	0	0	0	0	0	0	0	0	0	0	0	0	0	0	410	0	0	384	0	0	0	0	0	0	0	0	0	0	0	0	0	0	0	0	0	0	0	0	0	0	0	0	0	0	0	0	0	0	0	0	0	0	0	0	380	0	0	0	0	0	0	362	0	0	0	0	0	0	0	0	0	0
45	51	50	32	47	49	52	42	260	51	136	23	0	50	43	40	43	50	47	225	47	50	50	205	51	51	49	51	52	43	46	268	51	43	46	51	158	41	170	41	47	32	50	153	51	51	57	51	41	21	49	55	55	55	51	49	52	56	43	43	38	42	54	45	52	43	112	40	49	43	45	23	357	29	54	257	51	51	50	52	53	44	50	40	50	47
0	0	0	0	0	0	0	0	0	0	0	0	0	0	0	0	0	7	0	0	0	0	7	0	0	0	0	0	0	0	0	0	8	0	0	0	0	0	0	0	0	0	0	0	0	7	0	0	0	0	7	0	0	0	0	0	0	0	0	0	0	0	0	0	0	0	0	0	0	0	0	0	0	0	0	0	0	0	0	0	0	0	0	0	0	7
0	0	0	241	0	0	0	0	0	0	185	186	279	0	0	0	0	0	0	0	0	0	0	0	0	0	0	0	0	0	0	0	0	0	0	0	195	0	267	0	0	0	0	229	0	0	0	0	0	246	0	0	0	0	0	0	0	0	0	0	0	0	0	0	0	0	221	0	0	0	0	266	0	135	0	0	0	0	0	0	0	0	0	0	0	0
210	238	241	0	197	187	294	0	0	306	0	0	0	295	203	175	209	0	203	310	196	290	298	0	297	250	203	279	0	217	260	0	308	0	230	318	0	174	0	269	204	0	311	0	285	293	0	0	0	0	299	290	0	297	288	211	0	295	186	217	151	210	297	0	205	206	0	0	0	0	0	0	0	0	291	0	284	205	223	205	223	53	290	197	0	293
0	0	0	0	0	0	0	0	0	0	0	0	0	0	0	0	0	0	0	0	0	0	0	347	0	0	0	0	232	0	0	251	0	0	0	0	0	0	0	0	0	0	0	0	0	0	297	0	0	0	0	0	298	0	0	0	279	0	0	0	0	0	0	0	0	0	0	0	251	0	0	0	334	0	0	357	0	0	0	0	0	0	0	0	0	0
0	0	0	0	0	0	0	0	0	0	0	141	0	0	0	0	0	119	0	0	0	0	121	114	0	0	0	0	335	0	0	117	0	0	0	0	0	0	0	0	0	77	124	0	0	117	136	126	0	0	118	0	129	0	0	0	377	0	0	0	0	0	0	0	0	0	0	0	327	0	0	0	127	0	0	121	0	0	0	0	0	0	0	0	0	110
0	0	0	0	0	0	0	0	0	0	0	0	0	0	0	0	0	0	0	0	0	0	0	0	0	0	0	0	103	0	0	0	0	0	0	0	0	0	0	0	0	0	0	0	0	0	114	0	0	0	0	0	0	0	0	0	0	0	0	0	0	0	0	0	0	0	0	0	0	0	0	0	0	0	0	0	0	0	0	0	0	0	0	0	0	0
0	0	0	130	0	0	0	0	0	0	0	155	122	0	0	0	0	0	0	0	0	0	0	0	0	0	0	0	0	0	0	0	0	0	0	0	0	0	220	0	0	0	0	111	0	0	0	0	0	132	0	0	0	0	0	0	0	0	0	0	0	0	0	0	0	0	0	0	0	0	0	0	0	194	0	0	0	0	0	0	0	0	0	0	0	0
0	0	0	0	0	0	0	0	0	0	73	0	0	0	0	0	0	0	0	0	0	0	0	0	0	0	0	0	0	0	0	0	0	103	0	0	0	0	0	0	0	248	0	0	0	0	0	0	101	0	0	0	0	0	0	0	0	0	0	0	0	0	0	0	0	0	0	0	0	0	106	0	0	0	0	0	0	0	0	0	0	0	0	0	0	0
0	132	0	139	0	209	0	242	198	144	0	123	114	0	0	0	0	139	0	145	0	0	0	0	138	229	0	0	0	0	0	0	229	225	0	211	243	196	127	0	0	87	144	244	0	136	339	222	189	213	137	0	224	143	0	0	203	138	0	0	0	0	148	182	202	0	246	109	0	191	201	225	250	142	146	0	0	130	130	135	205	0	0	0	227	131
0	0	0	0	0	0	0	0	0	0	0	0	0	0	0	0	0	0	0	0	0	0	0	0	0	0	0	0	189	0	0	0	0	0	0	0	0	0	0	0	0	0	0	0	0	0	215	202	0	0	0	0	205	0	0	0	0	0	0	0	0	0	0	0	0	0	0	0	0	0	0	0	210	0	0	198	0	0	0	0	0	0	0	0	0	0
0	0	0	9	0	10	10	0	0	10	0	203	218	9	0	10	0	0	0	9	9	8	0	0	9	0	0	10	12	0	9	224	0	0	0	0	185	149	187	0	0	11	9	174	0	9	13	13	0	207	9	10	268	10	0	0	367	0	10	0	0	0	10	0	0	0	171	9	14	0	0	0	307	220	10	233	10	0	0	9	10	0	9	0	0	9
166	181	0	0	171	166	196	0	151	198	0	0	0	193	169	158	161	191	169	199	171	188	193	0	0	183	174	0	0	0	179	183	178	158	171	183	0	320	0	0	168	0	197	0	196	189	208	196	155	0	190	205	200	197	186	170	188	188	160	162	0	158	203	165	185	164	0	0	196	0	158	0	205	0	200	0	188	0	0	0	0	0	188	158	0	182
10	9	10	0	10	0	0	10	9	0	10	0	221	0	10	0	9	0	10	0	0	0	0	292	0	10	10	0	364	9	0	203	10	10	10	9	187	0	0	10	10	0	0	0	0	0	289	338	10	0	0	0	308	0	0	10	0	10	0	180	8	9	0	9	10	0	0	0	230	10	10	278	348	0	0	338	208	9	251	0	0	118	0	9	234	0
0	0	0	0	0	0	0	0	0	0	0	0	0	0	0	0	0	0	0	0	0	0	0	222	0	0	0	0	148	0	0	0	0	0	0	0	0	0	0	0	0	0	0	0	0	0	0	252	0	0	0	0	0	0	0	0	0	0	0	0	0	0	0	0	0	0	0	0	0	0	0	0	0	0	0	0	0	0	0	0	0	0	0	0	0	0
0	0	0	0	0	0	0	192	211	0	0	0	0	0	0	0	0	0	0	0	0	0	0	0	0	0	0	0	0	0	0	0	0	0	0	0	0	0	0	0	0	0	0	0	0	0	0	0	0	0	0	0	0	0	0	0	0	0	0	0	0	0	0	0	0	0	0	0	0	242	0	0	0	0	0	0	0	0	0	0	0	0	0	0	253	0
205	199	228	168	223	208	214	233	232	286	280	294	307	208	209	198	188	228	193	293	199	218	219	407	213	210	214	196	457	202	243	429	215	192	209	264	297	0	296	182	217	316	211	0	221	209	423	441	192	282	217	0	415	0	0	192	430	225	192	201	0	186	277	267	228	185	282	166	427	248	222	299	426	289	218	404	217	228	249	230	243	155	221	0	222	217
0	0	0	0	0	0	0	0	0	0	0	0	0	0	0	0	0	0	0	0	0	0	0	0	0	0	0	0	0	0	0	416	0	0	0	0	0	0	0	0	0	0	0	0	0	0	0	0	0	0	0	0	403	0	0	0	0	0	0	0	0	0	0	0	0	0	0	300	0	0	0	0	0	0	0	0	0	0	0	0	0	0	0	0	0	0
0	0	0	0	0	0	0	0	0	0	0	0	0	0	0	0	0	0	0	0	0	0	0	413	0	0	0	0	464	0	0	435	0	0	0	0	0	0	0	0	0	0	0	0	0	0	431	448	0	0	0	0	422	0	0	0	437	0	0	0	0	0	0	0	0	0	0	0	434	0	0	0	432	0	0	411	0	0	0	0	0	0	0	0	0	0
0	0	0	172	0	0	0	0	0	0	0	0	171	0	0	0	0	0	0	0	0	0	0	0	0	0	0	0	0	0	0	0	0	0	0	0	127	0	163	0	0	0	0	121	0	0	0	0	0	174	0	0	0	0	0	0	0	0	0	0	0	0	0	0	0	0	163	0	0	0	0	164	0	258	0	0	0	0	0	0	0	0	0	0	0	0
0	0	0	0	0	0	0	0	0	0	0	0	0	0	0	0	0	0	0	0	0	0	0	0	0	0	0	0	0	0	0	0	0	0	0	0	0	0	0	202	0	0	0	0	0	0	0	0	0	0	0	0	0	0	0	0	0	0	0	0	183	0	0	0	0	0	0	0	0	0	0	0	0	0	0	0	0	0	0	0	0	0	219	0	0	0
0	0	0	0	0	0	0	0	0	0	0	0	0	0	0	0	0	0	0	0	0	0	0	0	0	0	0	0	399	0	0	0	0	0	0	0	0	0	0	0	0	0	0	0	0	0	0	0	0	0	0	0	321	0	0	0	328	0	0	0	0	0	0	0	0	0	0	0	370	0	0	0	0	0	0	0	0	0	0	0	0	0	0	0	0	0
0	0	0	0	0	0	0	0	0	0	0	274	0	0	0	0	0	0	0	0	0	0	0	0	0	0	0	0	0	0	0	0	0	0	0	0	0	0	0	0	0	0	0	267	0	0	0	0	0	0	0	0	0	0	0	0	0	0	0	0	0	0	0	0	0	0	0	0	0	0	0	284	0	271	0	0	0	0	0	0	0	0	0	0	0	0
0	0	0	0	0	0	0	0	0	0	0	0	0	0	0	0	0	0	0	0	0	0	0	0	0	0	0	0	0	0	0	0	0	0	0	0	0	0	0	0	0	0	0	0	0	0	0	0	0	0	0	0	0	0	0	0	0	0	0	0	0	0	0	0	0	0	0	0	0	0	0	0	0	0	0	0	0	215	231	216	212	0	0	0	0	0
0	0	0	0	0	0	0	0	0	0	0	0	0	0	0	0	0	0	0	0	0	0	0	123	0	0	0	0	0	0	0	130	0	0	0	0	0	0	0	0	0	0	0	0	0	0	0	0	0	0	0	0	0	0	0	0	136	0	0	0	0	0	0	0	0	0	0	0	141	0	0	0	0	0	0	0	0	0	0	0	0	0	0	0	0	0
53	59	58	0	55	57	61	50	47	0	0	0	0	59	51	48	52	0	55	62	55	0	59	0	60	60	57	59	0	52	56	0	60	0	54	60	121	252	0	0	55	234	60	0	61	60	0	0	0	0	58	66	0	0	59	56	0	65	0	51	0	50	64	0	0	52	142	0	0	0	0	0	0	0	64	0	61	58	57	0	61	238	0	48	60	55
260	291	286	274	269	282	278	300	307	288	279	293	306	279	255	250	253	279	260	292	259	273	281	406	280	290	274	262	456	255	242	428	291	270	266	302	296	125	295	254	278	315	294	284	0	276	422	440	286	281	282	272	414	280	270	259	429	277	265	262	262	248	279	316	307	257	281	315	426	304	308	298	425	288	275	403	0	283	303	313	291	0	274	237	293	277
0	0	0	0	0	0	0	0	0	0	0	0	0	0	0	0	0	0	0	0	0	0	0	0	0	0	0	0	0	0	0	0	0	186	0	254	0	307	0	0	0	0	0	0	0	0	0	0	0	0	0	0	0	0	0	0	0	0	0	0	0	0	0	0	0	0	0	0	0	0	0	0	0	0	0	0	0	0	254	247	0	0	0	0	0	0
0	0	0	0	0	0	0	220	214	0	0	0	0	0	0	0	0	0	0	0	0	0	0	0	0	0	0	0	231	0	0	0	0	0	0	0	0	0	0	0	0	0	0	0	0	0	0	334	247	0	0	0	303	0	0	0	270	0	0	0	0	0	0	250	0	0	0	0	0	225	249	0	280	0	0	325	0	0	0	0	0	0	0	0	311	0
0	0	0	0	0	0	0	0	0	0	0	0	0	0	0	0	0	0	0	0	0	0	0	0	0	0	0	0	0	164	178	0	0	0	0	0	0	0	0	0	167	0	0	0	0	0	0	0	0	0	0	0	0	0	0	0	0	0	0	0	0	0	0	0	0	163	0	0	0	0	0	0	204	0	0	0	0	0	0	0	0	0	0	0	0	0
0	256	255	0	0	0	0	0	0	0	0	0	0	0	0	0	0	0	0	0	0	0	0	0	0	0	0	0	442	0	0	0	0	0	0	0	0	0	0	0	0	0	0	0	0	0	0	0	0	0	0	0	0	0	0	0	0	0	0	0	0	0	0	0	0	0	0	0	0	0	0	0	0	0	0	0	0	0	0	0	0	0	0	0	0	0
0	0	0	0	0	0	0	0	0	0	0	0	0	0	0	0	0	263	0	0	0	0	0	0	0	0	0	0	0	0	0	0	0	0	0	0	0	0	0	0	0	0	0	0	0	0	0	0	0	0	267	0	0	0	0	0	0	0	0	0	0	0	0	0	0	0	0	0	0	0	0	0	0	0	0	0	254	0	0	0	0	0	0	0	0	262
0	0	0	0	0	0	0	0	0	0	0	0	0	0	0	0	0	0	0	0	0	0	0	139	0	0	0	0	198	0	0	274	0	0	0	0	0	0	0	0	0	0	0	0	0	0	302	237	0	0	0	0	360	0	0	0	316	0	0	0	0	0	0	0	0	0	0	0	159	0	0	0	164	0	0	155	0	0	0	0	0	0	0	0	0	0
0	216	208	0	0	0	0	244	247	310	0	0	0	0	0	0	0	298	0	0	0	216	300	422	216	219	0	207	473	0	0	444	249	181	0	0	0	109	0	0	0	331	0	209	213	0	440	456	170	294	206	294	433	301	292	0	446	223	0	0	0	0	301	280	210	0	0	234	442	263	198	0	440	0	0	419	0	201	250	257	215	49	294	0	245	221
0	0	0	0	0	0	0	0	119	0	0	0	0	0	0	0	0	0	0	0	0	0	0	0	0	0	0	0	0	0	0	0	0	0	0	0	0	0	0	0	0	0	0	0	0	0	0	0	0	0	0	0	0	0	0	0	0	0	0	0	0	0	0	0	0	0	0	0	0	124	0	0	0	0	0	0	0	0	0	0	0	0	0	0	151	0
0	0	0	0	0	0	60	0	0	0	0	0	0	0	0	0	0	0	0	0	0	0	0	0	0	0	0	0	0	0	0	0	0	0	0	0	0	0	0	0	0	0	59	0	0	0	0	0	0	0	0	65	0	0	58	0	0	0	0	0	0	0	0	0	0	0	0	0	0	0	0	0	0	0	0	0	0	0	0	0	0	0	0	0	0	0
50	56	55	37	52	55	58	47	44	58	31	0	30	0	48	45	49	57	52	0	52	0	56	0	0	57	54	57	0	49	53	0	57	50	51	57	34	0	27	47	52	39	0	24	58	57	0	0	48	27	55	0	0	0	0	54	58	62	49	48	42	47	61	51	57	49	29	46	0	48	50	105	0	35	61	0	0	56	55	57	58	95	56	46	57	53
0	0	0	0	0	0	0	0	0	0	0	0	0	0	0	0	0	0	0	0	0	0	0	0	0	0	0	0	262	0	0	0	0	0	0	0	0	0	0	0	0	0	0	0	0	0	0	0	0	0	0	0	0	0	0	0	0	0	0	0	0	0	0	0	0	0	0	0	274	0	0	0	0	0	0	0	0	0	0	0	0	0	0	0	0	0
0	0	0	0	0	0	0	51	48	0	0	0	0	0	0	0	0	0	0	0	0	0	0	0	0	0	0	0	197	0	0	0	0	0	0	0	0	0	0	0	0	0	0	0	0	0	0	0	0	0	0	0	0	0	0	0	0	0	0	0	0	0	0	0	0	0	0	0	0	0	0	0	290	0	0	0	0	0	0	0	0	0	0	0	0	0
0	0	0	0	0	0	0	0	0	0	0	0	0	0	0	0	0	0	0	0	0	0	0	393	0	0	0	0	0	0	0	414	0	0	0	0	0	0	0	0	0	0	0	0	0	0	406	426	0	0	0	0	401	0	0	0	415	0	0	0	0	0	0	0	0	0	0	0	412	0	0	0	412	0	0	391	0	0	0	0	0	0	0	0	0	0
0	0	0	0	0	0	0	52	0	0	0	0	0	0	0	0	0	0	0	63	0	0	0	0	0	0	0	0	353	0	0	0	0	0	0	0	0	0	0	0	0	0	0	0	0	0	262	0	0	0	0	0	223	0	0	0	200	0	0	0	0	0	0	0	0	0	0	0	60	0	0	0	0	0	0	0	0	0	0	0	0	0	0	0	0	0
203	215	210	214	287	0	0	0	0	0	0	0	0	0	191	213	206	0	198	0	210	0	0	0	0	0	219	282	0	197	263	0	0	0	282	0	0	0	149	162	209	0	0	0	0	0	318	0	0	0	0	0	0	0	0	191	0	298	181	195	0	211	0	234	0	214	0	0	0	0	195	0	0	302	0	0	0	200	218	258	214	218	0	204	0	0
0	0	234	0	0	0	0	0	0	0	0	0	173	0	0	0	0	282	0	0	0	0	0	0	0	0	0	0	0	0	0	304	0	0	0	259	0	0	0	0	0	320	0	0	0	0	354	376	198	285	0	0	339	0	0	0	211	0	0	0	0	0	0	0	230	0	284	0	0	0	0	0	0	0	0	342	0	0	0	0	0	241	0	0	296	0
253	282	277	268	261	273	269	292	301	277	272	232	240	269	248	242	246	269	253	283	251	264	271	260	270	281	267	255	396	247	236	322	283	261	259	293	193	26	209	246	270	225	285	182	261	267	0	296	277	187	273	264	0	271	265	251	0	269	258	255	0	241	268	309	298	250	135	306	313	295	299	262	0	268	266	0	260	275	295	304	283	83	265	230	284	268
0	0	0	0	0	0	0	0	0	0	0	0	0	0	0	0	0	0	0	0	0	0	0	0	0	0	0	0	0	0	0	0	0	0	0	0	0	0	0	232	0	0	0	0	0	0	0	0	0	0	0	0	0	0	0	0	290	0	0	0	0	0	0	0	0	0	0	0	0	0	0	0	0	0	0	0	0	0	0	0	0	0	0	0	0	0
121	133	131	0	125	118	144	115	109	145	0	0	0	140	124	115	117	140	126	146	127	138	0	0	139	131	131	0	0	122	133	0	128	0	126	132	0	203	0	107	122	88	145	0	143	137	0	0	0	0	138	152	0	144	135	124	0	139	120	119	96	116	149	116	133	121	0	0	0	0	0	0	0	0	147	0	136	131	131	136	137	134	140	119	140	132
0	0	0	0	0	0	0	0	0	0	0	0	0	0	0	0	0	0	0	0	0	0	0	0	0	0	0	0	0	0	0	0	0	0	0	0	0	0	0	199	0	0	0	0	0	0	0	0	0	0	0	0	0	0	0	0	0	0	0	0	200	0	0	0	0	0	0	0	0	0	0	0	0	0	0	0	0	0	0	0	0	0	0	0	0	0
0	0	0	221	0	0	0	0	0	0	125	263	252	0	0	0	0	0	0	0	0	0	0	0	0	0	0	0	0	0	0	0	0	0	0	0	209	0	108	0	0	0	0	198	0	0	0	0	0	252	0	0	0	0	0	0	0	0	0	0	0	0	0	0	0	0	189	0	0	0	0	264	0	120	0	0	0	0	0	0	0	0	0	0	0	0
0	0	0	0	0	0	0	0	0	0	0	0	0	0	0	0	179	0	226	0	105	0	0	0	0	0	0	0	0	0	0	0	0	0	0	0	0	0	0	0	0	0	0	0	117	0	0	0	0	0	0	0	0	0	0	0	0	0	0	0	0	0	0	0	0	0	0	0	0	0	94	0	0	0	0	0	113	0	0	0	0	0	116	0	0	0
48	54	53	36	50	53	56	46	42	56	30	27	0	54	46	43	47	55	50	57	50	54	54	52	55	55	52	55	58	47	51	54	0	48	49	55	33	124	26	45	50	37	55	166	56	55	63	57	46	26	53	61	61	59	55	52	56	60	47	46	41	46	59	49	55	47	28	44	54	47	48	129	58	34	59	52	56	54	53	55	56	227	54	44	55	51
0	0	0	0	0	0	0	0	0	0	0	0	0	0	0	0	0	0	0	0	0	0	0	0	0	0	0	0	0	0	0	0	0	0	0	0	0	0	0	0	0	0	0	0	0	0	286	336	0	0	0	0	0	0	0	0	0	0	0	0	0	0	0	0	0	0	0	0	0	0	0	0	353	0	0	0	0	0	0	0	0	0	0	0	0	0
0	0	0	0	0	91	108	0	0	0	167	0	0	0	0	0	0	0	0	223	0	0	0	0	0	0	0	0	0	0	0	0	0	0	0	0	0	0	0	81	0	0	0	0	0	0	0	0	0	0	0	0	0	0	0	0	0	0	0	0	0	0	0	0	0	0	0	0	0	0	0	0	0	0	0	0	0	0	0	0	0	153	105	0	0	0
0	0	0	0	0	0	0	219	227	0	0	0	0	0	0	0	0	0	0	0	0	0	0	0	0	0	0	0	0	0	0	0	0	0	0	0	0	0	0	0	0	196	0	0	0	0	0	0	0	0	0	0	0	0	0	0	0	0	0	0	0	0	0	0	0	0	0	0	0	226	0	113	0	0	0	0	0	0	0	0	0	0	0	0	0	0
0	0	0	225	0	0	0	251	245	0	0	264	247	0	0	0	0	0	0	0	0	0	0	0	0	0	0	0	0	0	0	0	0	0	0	0	309	0	0	0	0	0	0	202	0	0	316	0	0	0	0	0	0	0	0	0	0	0	0	0	0	0	0	281	0	0	195	0	0	266	0	184	0	0	0	0	0	0	0	0	0	0	0	0	0	0
0	0	176	126	173	168	198	165	152	200	0	0	219	195	170	159	162	0	170	201	172	190	0	0	194	185	175	179	0	166	180	0	180	160	172	185	0	306	186	0	169	223	199	176	0	0	0	198	157	208	0	207	0	199	0	171	0	0	161	163	0	159	205	167	187	165	172	150	198	193	160	0	207	219	202	0	190	182	184	188	190	0	189	159	0	0
170	186	179	129	176	171	201	168	155	203	0	0	274	197	173	162	165	195	173	204	175	192	198	191	197	188	178	182	301	169	183	336	183	163	175	188	230	304	133	0	172	238	202	211	201	194	214	389	160	0	195	210	330	202	191	174	383	193	164	166	0	162	207	170	190	168	0	153	337	166	163	133	277	202	205	231	193	185	187	191	193	214	192	162	200	187
0	0	0	0	0	0	0	0	0	0	0	0	0	217	0	0	0	0	0	0	0	0	0	0	0	0	0	0	0	0	0	0	0	0	0	0	0	0	0	0	0	0	0	0	0	0	0	352	0	0	0	0	0	0	0	0	0	0	0	185	0	0	0	0	0	0	0	0	0	0	0	0	0	0	0	0	0	0	0	0	0	0	0	0	0	0
0	0	0	0	0	0	0	243	241	0	189	0	299	0	0	0	0	0	0	0	0	0	0	0	0	0	0	0	0	0	0	0	0	0	0	0	120	0	0	0	0	151	0	103	0	0	0	0	0	190	0	0	0	0	0	0	0	0	0	0	0	0	0	231	0	0	150	0	0	253	0	198	0	229	0	0	0	0	0	0	0	0	0	0	27	0
0	0	0	0	0	0	0	0	0	0	0	0	0	0	0	0	0	0	0	0	0	30	27	0	0	30	0	0	0	0	0	0	0	0	0	0	0	31	0	0	0	0	0	0	0	0	0	0	0	0	0	31	0	32	0	0	0	32	0	0	0	0	31	0	0	0	0	0	0	0	0	0	0	0	0	0	0	0	0	0	0	0	27	0	0	0
0	0	0	0	0	0	0	0	0	0	0	0	0	56	0	0	0	0	0	59	0	0	0	54	57	0	0	0	59	0	0	56	0	0	0	0	0	305	0	0	0	0	0	0	0	0	65	59	0	0	0	0	64	61	213	0	0	0	0	0	0	0	0	0	0	0	0	0	56	0	0	0	61	0	0	54	58	0	0	0	0	0	0	0	0	0
0	0	0	188	0	0	0	0	0	0	130	226	198	0	0	0	0	0	0	0	0	0	0	0	0	0	0	0	0	0	0	0	0	221	0	0	162	0	103	0	0	254	0	158	0	0	0	0	228	151	0	0	0	0	0	0	0	0	0	0	0	0	0	215	0	0	120	0	0	0	264	187	0	254	0	0	0	0	0	0	0	0	0	0	240	0
47	221	219	239	228	239	225	45	41	55	29	26	28	219	210	176	46	214	224	56	191	203	213	0	208	247	225	193	0	46	50	0	55	47	233	237	32	302	25	0	201	36	54	23	55	217	0	0	45	25	223	59	0	216	54	0	0	214	46	0	170	45	58	275	255	46	27	241	0	187	188	27	0	33	58	0	55	208	224	208	230	34	213	43	246	212
0	0	0	0	0	0	0	0	0	0	0	0	0	0	0	0	0	0	0	0	0	0	0	0	0	0	0	0	0	0	0	0	0	0	0	142	0	0	0	0	0	0	0	0	0	0	0	0	0	0	0	0	0	0	0	0	0	0	0	0	0	0	0	0	0	0	0	0	0	123	0	0	0	0	0	0	0	0	0	0	0	0	0	0	0	0
0	0	0	0	0	0	0	0	0	0	0	0	0	0	0	0	0	0	0	0	0	0	0	284	0	0	0	0	0	0	0	0	0	0	0	0	0	0	0	0	0	0	0	0	0	0	0	0	0	0	0	0	0	0	0	0	285	0	0	0	0	0	0	0	0	0	0	0	308	0	0	0	0	252	0	285	0	0	0	0	0	0	0	0	0	0
0	0	0	0	0	0	143	0	0	0	0	0	0	139	0	0	0	0	0	0	0	137	141	0	0	0	0	130	0	0	0	0	0	0	0	0	0	0	0	0	0	0	0	0	0	0	0	0	0	0	0	151	0	0	134	0	0	0	0	0	0	0	0	0	0	0	0	0	0	0	0	0	0	0	0	0	0	0	0	0	0	0	139	0	0	0
49	55	54	0	51	54	57	179	43	57	0	196	207	55	47	44	48	56	51	58	51	55	55	53	56	56	53	56	270	48	52	55	0	49	50	56	152	108	0	46	51	38	56	0	57	56	64	58	47	192	54	62	63	60	56	53	57	61	48	47	168	206	60	50	56	48	141	45	55	176	49	181	60	110	60	53	57	55	54	56	57	245	55	45	56	52
0	0	0	0	0	0	0	0	0	0	0	0	0	0	0	0	0	0	0	0	0	0	0	0	0	0	0	0	0	0	0	0	0	0	0	0	0	0	188	0	0	0	0	173	0	0	0	0	0	206	0	0	0	0	0	0	291	0	0	0	0	0	0	0	0	0	177	0	0	0	0	0	0	221	0	0	0	0	0	0	0	0	0	0	0	0
0	0	0	0	0	0	0	0	0	0	0	0	0	0	0	0	0	0	0	0	0	0	0	420	0	0	0	0	471	0	0	442	0	0	0	0	0	0	0	0	0	0	0	0	0	0	438	454	0	0	0	0	431	0	0	0	444	0	0	0	0	0	0	0	0	0	0	327	440	0	0	0	438	0	0	417	0	0	0	0	0	0	0	0	0	0
0	279	274	0	0	0	266	289	298	274	0	0	0	266	0	0	0	266	0	280	0	261	268	0	267	0	0	252	0	0	0	0	0	258	0	290	0	61	291	0	0	0	282	0	258	264	0	0	274	0	270	261	0	268	262	0	419	266	0	0	0	0	265	180	0	0	0	303	416	0	296	0	0	0	0	0	257	272	292	301	0	114	262	0	0	265
0	0	94	0	0	0	0	0	0	0	0	0	0	0	0	0	0	0	0	0	0	0	0	0	0	0	0	0	0	0	0	0	0	0	0	0	0	0	0	197	0	0	0	0	0	0	0	0	0	0	0	0	0	0	0	0	0	0	0	0	0	0	0	0	0	0	0	270	0	0	0	0	0	0	0	0	0	0	0	0	0	0	0	0	0	0
0	0	0	90	0	0	0	0	0	0	0	0	0	0	0	0	0	0	0	0	0	0	0	0	0	0	0	0	0	0	0	0	0	0	0	0	0	0	0	0	0	0	0	101	0	0	0	0	0	0	0	0	0	0	0	0	0	0	0	0	0	0	0	0	0	0	0	0	0	0	0	0	0	0	0	0	0	0	0	0	0	0	0	0	0	0
0	0	0	0	0	0	0	0	0	309	0	0	0	298	0	0	0	0	0	0	0	0	208	0	0	0	0	0	0	0	0	0	0	0	0	0	0	0	0	0	0	0	0	0	0	295	0	0	0	0	302	0	0	300	0	0	0	0	0	0	0	0	300	0	0	0	0	0	0	0	193	0	0	0	294	0	0	0	0	0	0	0	0	0	0	0
13	13	13	0	13	13	14	14	12	14	0	0	0	12	13	12	13	0	13	12	13	12	11	0	13	14	12	14	0	12	12	0	14	0	14	13	0	39	0	12	13	0	13	0	13	13	0	0	0	0	12	14	0	14	14	12	0	14	13	12	11	12	0	0	14	13	0	0	0	0	0	0	0	0	14	0	13	13	13	13	14	24	0	11	0	12
0	0	0	195	0	0	0	0	0	0	2	2	2	0	0	0	0	0	0	0	0	0	0	2	0	0	0	0	2	0	0	2	0	193	0	0	2	0	2	0	0	2	0	2	0	0	2	2	199	0	0	0	2	0	0	0	2	0	0	0	0	0	0	225	0	0	2	242	2	0	247	183	2	2	0	2	0	0	0	0	0	0	0	0	3	0
116	125	123	88	119	112	0	0	0	0	0	0	0	0	117	109	0	0	120	0	121	0	133	0	0	125	126	124	0	117	126	0	122	0	121	126	0	0	0	100	117	0	0	60	0	128	0	0	0	204	130	0	0	0	0	119	0	0	114	114	92	111	0	0	126	116	0	0	0	0	0	0	0	0	0	0	0	125	124	128	132	0	131	113	0	123
123	136	134	94	127	121	146	118	111	148	76	69	73	143	126	117	119	143	128	149	129	141	145	329	142	134	133	134	137	124	135	350	131	110	128	135	74	321	67	109	124	91	148	63	146	140	155	144	108	65	141	155	302	147	138	126	0	142	122	121	0	118	152	117	136	123	66	0	146	117	111	69	151	73	150	142	139	134	134	139	140	0	142	121	143	133
51	57	0	0	0	56	59	48	45	59	0	0	0	57	49	46	50	58	53	60	0	57	57	55	58	58	55	58	60	50	0	57	58	51	52	58	35	290	0	0	53	40	58	0	59	58	66	60	49	0	56	64	65	62	57	0	59	63	50	49	0	0	62	52	58	50	0	0	57	49	51	0	62	261	62	55	59	0	56	58	59	0	57	0	58	54
0	0	0	0	0	0	0	0	0	0	0	170	0	0	0	0	0	0	0	0	0	0	0	0	0	0	0	0	0	0	0	0	0	0	0	0	80	0	0	0	0	0	0	0	0	0	0	0	0	0	0	0	0	0	0	0	0	0	0	0	0	0	0	0	0	0	0	121	0	0	0	0	0	0	0	0	0	0	0	0	0	0	0	0	0	0
0	0	0	0	0	0	0	0	0	0	0	0	0	0	0	0	0	0	0	0	0	0	0	0	0	0	0	127	0	0	0	0	0	0	0	0	0	0	0	0	0	0	0	0	0	0	0	0	0	0	0	0	0	0	0	0	0	135	0	0	0	0	0	0	0	0	0	0	0	0	0	0	0	0	0	0	0	0	0	0	0	0	0	0	0	0
0	0	0	224	0	0	0	0	0	0	127	265	248	0	0	0	0	0	0	0	0	0	0	0	0	0	0	0	0	0	0	0	0	0	0	0	207	0	110	0	0	0	0	201	0	0	0	0	0	99	0	0	0	0	0	0	0	0	0	0	0	0	0	0	0	0	194	0	0	0	0	176	0	121	0	0	0	0	0	0	0	0	0	0	0	0
2	2	2	2	2	2	2	2	2	2	1	1	1	2	2	2	2	2	2	2	2	2	2	1	2	2	2	2	1	2	2	1	2	2	2	2	1	50	1	2	2	1	2	1	2	2	1	1	2	1	2	2	1	2	2	2	1	2	2	2	2	2	2	2	2	2	1	2	1	2	2	1	1	1	2	1	2	2	2	2	2	0	2	2	2	2
122	135	133	93	126	120	0	117	110	147	75	68	0	142	125	116	118	142	127	148	128	140	144	0	141	133	132	133	0	123	134	0	130	109	127	134	0	55	66	108	123	90	147	62	145	139	0	0	107	64	140	154	0	146	137	125	0	141	121	120	97	117	151	0	135	122	65	0	0	0	0	68	0	0	149	0	138	133	133	138	139	0	0	120	142	0
219	201	232	0	212	218	0	196	197	0	0	0	0	0	193	189	0	0	207	0	215	0	0	177	0	226	205	0	0	0	0	186	242	0	232	207	0	0	204	0	0	120	0	0	0	0	211	199	0	91	0	0	203	0	0	0	0	0	174	194	0	0	0	0	232	184	183	0	0	241	0	0	208	0	0	196	0	206	257	224	239	0	0	182	217	0
0	0	0	0	0	0	0	0	0	0	0	0	0	0	0	0	0	0	0	0	0	0	0	0	0	0	0	0	0	0	0	412	0	0	0	0	0	0	0	0	0	0	0	0	0	0	0	0	270	0	0	256	0	0	0	0	413	0	0	0	0	0	0	0	0	0	0	0	0	0	0	0	0	0	0	0	0	0	0	0	0	0	0	0	0	0
0	0	0	190	0	0	0	0	0	0	131	137	196	0	0	0	0	0	0	0	0	0	0	0	0	0	0	199	0	0	0	0	0	220	0	0	163	0	240	0	0	0	0	157	0	0	0	0	226	156	0	0	0	0	0	0	0	204	0	0	0	0	0	214	0	0	122	0	0	0	213	186	0	253	0	0	0	0	0	0	0	0	0	0	237	0
0	0	0	0	0	0	0	0	0	0	0	0	0	0	0	0	0	0	0	0	0	0	0	211	0	0	0	0	0	0	0	381	0	0	0	0	0	0	0	0	0	0	0	0	0	0	270	0	0	0	0	0	0	0	0	0	0	0	0	0	0	0	0	0	0	0	0	0	211	0	0	0	0	0	0	263	0	0	0	0	0	0	0	0	0	0
0	0	0	0	0	0	0	0	0	0	0	0	170	0	0	0	0	0	0	0	0	0	0	0	0	0	0	0	0	0	0	0	0	0	0	0	132	0	159	0	0	0	0	0	0	0	0	0	0	177	0	0	0	0	0	0	0	0	0	0	0	0	0	0	0	0	168	0	0	0	0	165	0	259	0	0	0	0	0	0	0	0	0	0	0	0
0	0	0	0	29	0	0	0	0	0	0	0	0	28	0	0	0	0	0	0	0	0	0	0	30	0	27	0	0	0	0	0	218	0	0	0	0	0	0	0	29	0	0	0	0	0	0	0	0	0	0	32	0	0	0	29	0	0	0	0	0	0	0	0	0	0	0	0	0	0	0	0	0	119	0	0	0	0	0	0	0	0	0	0	0	0
0	46	204	0	0	0	0	0	0	0	0	0	0	0	0	0	0	45	0	0	0	0	0	0	207	0	0	0	0	0	0	0	0	0	0	200	0	0	0	0	0	0	0	260	0	0	0	0	0	219	0	0	0	50	46	0	0	51	0	0	0	0	0	0	0	38	0	35	0	262	0	0	0	0	0	0	0	0	0	0	222	0	0	0	45	0
0	0	0	0	0	0	0	0	0	0	0	225	197	0	0	0	0	0	0	0	0	0	0	0	0	0	0	0	0	0	0	0	0	0	0	0	159	0	102	0	0	0	0	0	0	0	0	0	0	150	0	0	0	0	0	0	0	0	0	0	0	0	0	0	0	0	124	0	0	0	0	0	0	251	0	0	0	0	0	0	0	0	0	0	0	0
0	0	0	0	0	0	0	0	0	0	0	0	72	0	0	0	0	0	0	0	0	0	0	0	0	0	0	0	0	0	0	0	0	0	0	0	73	0	0	0	0	0	0	0	0	0	0	0	0	0	0	0	0	0	0	0	0	0	0	0	0	0	0	0	0	0	0	0	0	0	0	0	0	72	0	0	0	0	0	0	0	0	0	0	0	0
0	0	0	0	0	0	0	38	35	0	0	0	0	0	0	0	0	0	0	0	0	0	0	0	0	0	0	0	0	0	0	0	0	0	0	0	0	0	0	0	0	0	0	0	0	0	0	0	0	0	0	0	0	0	0	0	0	0	0	0	0	0	0	0	0	0	0	0	0	0	0	0	0	0	0	0	0	0	0	0	0	0	0	0	0	0
120	131	129	92	124	117	142	114	108	143	192	259	229	138	123	114	116	138	125	144	126	136	0	0	137	130	130	129	0	121	132	0	127	106	125	131	189	92	205	0	121	86	143	180	141	135	0	142	104	0	136	150	0	142	133	123	0	137	119	118	0	115	147	115	132	120	178	108	0	115	0	252	0	132	145	0	134	129	0	134	136	0	0	118	139	0
0	0	0	0	0	0	0	0	0	0	228	0	0	0	0	0	0	0	0	0	0	0	0	0	0	0	0	0	0	0	0	0	0	0	202	0	0	0	0	0	0	0	0	0	0	0	0	226	0	0	0	0	0	0	0	0	0	0	0	0	0	0	0	0	0	0	0	0	0	0	0	0	0	0	0	0	0	0	0	0	0	0	206	0	0	0
0	0	130	0	0	0	0	0	0	0	0	0	0	0	0	0	0	0	0	0	217	0	0	244	0	0	0	0	135	0	0	133	0	0	0	0	0	0	0	0	0	0	0	0	0	0	0	235	0	0	0	0	0	0	0	0	327	0	0	0	0	0	0	0	0	0	0	0	276	0	0	0	147	0	0	138	0	0	0	0	0	236	0	0	0	0
0	283	278	0	0	0	270	254	302	278	0	0	0	270	0	0	0	270	0	284	0	265	272	0	271	282	0	256	0	0	0	0	284	262	0	294	0	208	0	0	0	0	286	0	262	268	0	0	278	0	274	265	0	272	0	0	0	270	0	0	0	0	0	0	299	0	0	0	0	296	300	0	419	0	267	0	261	0	0	0	0	0	0	0	285	269
119	130	0	0	123	116	141	113	107	142	121	0	71	137	122	113	115	137	124	143	125	135	139	0	136	129	129	128	133	120	131	131	126	105	124	130	180	113	182	105	120	85	142	0	140	134	150	0	0	205	0	149	144	141	132	122	137	136	118	117	0	114	146	114	131	119	173	107	142	211	108	67	145	0	144	136	133	128	129	133	135	0	137	117	0	129
0	0	0	0	0	0	0	0	0	313	0	307	0	0	0	0	0	0	0	317	0	0	0	0	0	0	0	0	0	0	0	0	0	0	0	0	0	187	0	0	296	0	0	0	0	0	0	0	0	0	0	0	0	0	0	0	0	0	0	0	0	0	0	0	0	0	0	0	0	0	0	0	0	0	0	0	0	0	0	0	0	0	0	0	0	0
0	0	0	0	0	0	0	0	0	0	0	0	0	0	0	0	0	0	0	0	0	0	0	0	0	0	0	0	0	0	0	0	0	0	0	0	0	0	0	0	0	0	0	0	0	0	227	0	0	0	0	0	0	0	0	0	0	0	0	0	0	0	0	0	0	0	0	0	0	0	0	306	0	0	0	0	0	0	0	0	0	0	0	0	0	0
0	0	0	0	0	0	0	0	0	0	0	0	0	0	0	0	0	0	0	0	0	0	0	122	0	0	0	0	130	0	0	128	0	0	0	0	0	0	0	0	0	0	0	0	0	0	147	138	0	0	0	0	140	0	0	0	135	0	0	0	0	0	0	0	0	0	0	0	138	0	0	0	141	0	0	132	0	0	0	0	0	0	0	0	0	0
0	0	0	0	0	0	0	12	10	0	122	0	0	0	0	0	0	0	0	0	0	0	0	11	0	0	0	12	13	0	0	15	0	0	0	0	0	0	0	0	0	0	0	0	0	0	15	14	0	0	0	0	15	0	0	0	0	0	0	0	0	0	0	0	0	0	0	0	16	0	0	0	13	0	0	12	0	0	0	0	0	0	0	0	11	0
0	0	0	0	0	0	135	0	0	136	0	0	0	131	0	0	0	131	0	137	0	129	0	0	130	0	0	0	0	0	0	0	0	0	0	0	0	143	0	0	0	0	136	0	134	0	0	0	0	0	0	143	0	135	220	0	0	131	0	0	0	0	140	0	0	0	0	0	0	0	103	0	0	0	138	0	127	0	0	0	0	0	0	0	132	0
0	183	0	0	0	0	0	0	0	0	0	0	0	0	0	0	0	0	0	0	0	0	195	0	0	0	0	0	0	0	0	0	0	0	0	0	0	0	0	0	0	0	0	0	0	191	0	0	0	0	192	0	0	0	0	0	0	0	0	0	0	0	0	0	0	0	0	0	0	0	0	0	0	0	0	0	0	0	0	0	0	0	0	0	0	0
32	35	34	0	36	34	0	0	0	0	0	0	0	0	29	27	30	0	34	0	32	0	0	0	0	36	35	36	0	30	31	0	35	0	32	35	0	0	0	28	34	0	0	0	0	0	0	0	29	0	33	0	0	0	0	36	0	0	29	29	25	29	0	31	36	28	0	0	0	29	0	0	0	0	0	0	0	35	35	37	0	14	0	26	33	0
0	0	0	0	0	0	0	0	0	0	0	0	0	0	0	0	0	0	0	0	0	0	0	0	0	0	0	0	0	0	0	0	0	0	0	0	0	0	0	0	0	0	0	0	0	0	0	140	0	0	0	0	143	0	0	0	241	0	0	0	0	0	0	0	0	0	0	0	0	0	0	0	0	0	0	0	0	0	0	0	0	0	0	0	0	0
0	0	0	0	0	0	296	0	0	0	0	0	0	0	0	0	0	0	0	0	0	0	0	0	300	0	0	0	0	0	0	0	0	0	0	0	0	0	0	0	0	0	314	0	288	0	0	0	0	0	0	0	0	0	291	0	0	0	0	0	0	0	0	0	0	0	0	0	0	0	191	0	0	0	0	0	287	0	0	0	0	0	293	0	0	0
0	0	0	0	0	0	0	110	104	0	0	0	0	0	0	0	0	0	0	0	0	0	0	0	0	0	0	0	0	0	0	0	0	101	0	0	0	0	0	0	0	0	0	0	0	0	0	0	0	0	0	0	0	0	0	0	0	0	0	0	0	0	0	0	0	0	0	0	0	111	0	0	0	0	0	0	0	0	0	0	0	0	0	0	0	0
0	0	0	0	0	0	0	0	0	0	0	0	0	0	0	0	0	0	0	0	0	0	0	402	0	0	0	0	452	0	0	424	0	0	0	0	0	0	0	0	0	0	0	0	0	0	419	436	0	0	0	0	411	0	0	0	425	0	0	0	0	0	0	0	0	0	0	0	422	0	0	0	422	0	0	400	0	0	0	0	0	0	0	0	0	0
0	0	0	0	0	0	0	0	0	0	0	0	0	0	0	0	0	0	0	0	0	0	0	315	0	0	0	0	0	0	0	0	0	0	0	0	0	0	0	0	0	0	0	0	0	0	0	0	0	0	0	0	0	0	0	0	341	0	0	0	0	0	0	0	0	0	0	0	202	0	0	0	0	0	0	0	0	0	0	0	0	0	0	0	0	0
0	0	0	23	31	29	32	0	0	32	145	238	180	29	24	22	25	28	29	32	27	31	29	26	31	0	30	31	381	25	26	0	31	0	0	0	146	150	236	25	0	239	31	127	31	30	32	29	0	180	28	34	31	33	215	31	32	34	24	24	0	24	33	27	31	23	99	23	29	0	28	12	31	246	33	26	30	30	31	32	32	0	29	0	28	29
0	134	132	0	0	119	145	116	163	146	0	67	0	141	0	0	0	141	0	147	0	139	143	0	140	132	0	132	226	0	0	135	129	108	0	133	0	153	156	0	0	89	146	0	144	138	153	0	106	118	139	153	147	145	136	0	140	140	0	0	0	0	150	0	134	0	0	0	144	116	110	0	0	0	148	140	137	132	132	137	138	0	141	0	141	0
0	268	263	0	248	260	249	0	0	254	178	0	0	248	237	0	234	252	241	262	0	242	251	0	250	268	256	235	0	234	219	0	268	247	248	281	0	151	252	236	259	177	265	139	243	248	0	0	262	176	253	240	0	248	242	239	0	249	246	243	245	230	245	0	286	238	0	0	0	0	288	0	0	0	245	0	239	261	280	290	271	222	0	219	0	249
164	179	0	124	170	0	194	161	149	196	171	93	282	0	0	0	0	0	167	0	169	0	0	0	0	0	172	176	0	0	177	0	176	156	169	181	98	0	90	0	0	117	0	228	0	187	205	0	153	106	0	0	0	0	0	168	0	186	158	160	0	0	201	0	0	212	85	0	0	160	156	135	0	0	0	190	0	178	0	185	186	0	0	156	0	0
0	0	0	0	0	0	0	0	0	0	0	0	0	0	0	0	0	0	0	0	0	0	0	0	0	0	0	0	0	0	0	0	0	0	0	0	0	0	0	0	0	0	0	0	0	0	0	284	0	0	0	0	269	0	0	0	0	0	0	0	0	0	0	0	0	0	0	0	0	0	0	0	0	0	0	0	0	0	0	0	0	0	0	0	0	0
0	0	0	0	0	0	0	0	0	37	0	0	0	0	0	0	0	33	0	0	0	0	34	0	36	0	0	0	0	0	0	0	0	30	0	0	0	0	0	0	0	0	0	0	36	35	0	0	0	0	0	0	0	0	35	0	0	0	0	0	0	0	0	0	0	0	0	0	0	0	32	0	0	0	0	0	0	0	0	0	0	0	0	0	0	34
0	0	0	0	0	0	0	29	248	0	0	0	0	0	0	0	0	0	0	0	0	36	0	0	0	0	0	0	0	0	0	0	0	0	0	0	0	0	0	0	0	0	0	0	0	0	0	0	0	0	0	0	0	0	0	0	0	39	0	0	0	0	0	0	0	0	186	28	0	0	0	0	0	0	0	0	0	0	0	0	0	0	0	0	0	0
0	0	0	0	0	0	0	0	0	0	100	257	90	0	0	0	0	0	0	0	0	0	0	0	0	0	0	0	0	0	0	0	0	0	0	0	99	0	0	0	0	0	0	0	0	0	0	0	0	0	0	0	0	0	0	0	0	0	0	0	0	0	0	0	0	0	0	0	0	0	0	90	0	99	0	0	0	0	0	0	0	0	0	0	0	0
0	0	0	0	0	0	0	0	0	0	0	0	0	0	0	0	0	0	0	0	0	0	0	291	0	0	0	0	365	0	0	206	0	0	0	0	0	0	0	0	0	0	0	0	0	0	291	343	0	0	0	0	306	0	0	0	294	0	0	0	0	0	0	0	0	0	0	0	229	0	0	0	351	0	0	336	0	0	0	0	0	0	0	0	0	0
0	0	0	0	0	0	0	0	0	0	0	0	0	0	0	0	0	0	0	0	0	0	0	0	0	0	0	0	0	0	0	0	0	0	0	0	0	0	0	0	0	0	0	0	0	0	0	0	0	0	0	260	0	267	0	0	0	0	0	0	0	0	264	0	0	0	0	0	0	0	0	0	0	0	263	0	256	0	0	0	0	0	0	0	0	0
0	0	0	0	0	211	0	0	0	0	237	0	165	0	0	0	0	0	0	0	0	0	0	0	226	0	0	0	0	0	0	233	0	0	0	0	0	0	0	0	0	0	0	0	0	0	0	0	0	0	0	0	0	0	0	0	0	0	0	0	176	0	0	0	0	0	0	0	0	0	0	0	0	0	0	0	0	0	0	0	0	0	0	0	0	0
0	0	0	0	0	0	0	0	0	0	0	0	0	0	0	0	0	0	0	0	0	0	0	196	0	0	0	0	225	0	0	342	0	0	0	0	0	0	0	0	0	0	0	0	0	0	0	0	0	0	0	0	0	0	0	0	0	0	0	0	0	0	0	0	0	0	0	0	340	0	0	0	0	0	0	212	0	0	0	0	0	0	0	0	0	0
216	218	124	0	201	0	0	197	254	0	0	0	0	0	118	216	0	0	121	0	214	0	0	271	131	227	211	0	201	192	0	0	0	0	225	208	0	0	0	101	194	0	0	0	0	0	347	258	0	0	0	144	239	0	0	187	314	0	198	182	0	0	141	257	0	221	0	0	269	240	0	0	0	0	0	236	0	0	125	250	0	0	0	180	133	0
0	0	0	0	0	0	0	250	246	0	0	0	0	0	0	0	0	0	0	0	0	0	0	0	0	0	0	0	0	0	0	0	0	0	0	0	0	0	0	0	0	0	0	0	0	0	0	0	0	0	0	0	0	0	0	0	0	0	0	0	0	0	0	0	0	0	0	0	0	264	0	0	0	0	0	0	0	0	0	0	0	0	0	0	319	0
0	0	0	0	0	12	0	0	0	0	11	10	9	0	0	0	0	0	0	0	0	0	0	0	0	13	0	13	0	0	0	0	13	12	0	12	10	0	260	0	0	13	0	255	0	0	0	0	13	8	0	0	0	0	0	0	0	13	0	0	0	0	0	0	13	0	239	0	0	0	13	6	0	9	0	0	0	12	12	12	13	0	0	0	0	0
0	0	0	0	0	0	139	0	0	0	0	0	0	0	0	0	0	0	0	0	0	0	0	0	0	127	0	0	0	0	0	0	0	0	199	0	0	0	0	0	0	0	0	0	0	0	0	0	0	0	0	0	0	0	0	0	0	0	0	0	93	0	0	0	0	0	0	0	0	0	0	0	0	0	0	0	0	0	0	0	0	0	0	0	0	0
277	309	301	287	288	301	299	317	323	312	294	206	215	0	272	267	271	0	278	316	277	0	0	0	302	311	291	0	474	273	264	445	313	287	283	321	182	313	308	0	0	332	317	293	290	0	441	457	303	295	0	295	434	303	294	277	0	0	283	278	0	0	0	331	326	274	294	0	443	0	325	124	441	303	0	420	289	302	0	332	309	167	296	255	328	0
0	0	0	0	0	0	0	0	0	0	0	0	0	0	0	0	0	0	0	0	0	0	0	0	0	0	0	0	0	0	0	0	0	0	0	310	0	0	0	0	0	0	0	0	0	0	0	0	0	0	0	0	0	0	0	0	0	0	0	0	159	0	0	0	0	0	0	0	0	0	0	0	0	0	0	0	0	0	0	0	0	0	0	0	0	0
0	0	0	0	0	0	0	0	0	0	0	0	0	0	0	0	0	0	0	0	0	0	0	0	0	0	0	0	0	135	0	0	0	0	0	0	0	0	0	0	0	0	0	0	0	0	0	0	0	0	0	0	0	0	0	0	0	0	0	0	0	0	0	0	0	0	0	0	0	129	0	0	0	0	0	0	0	0	0	0	0	0	0	0	0	0
0	0	0	191	0	0	0	0	0	0	0	0	0	0	0	0	0	0	0	0	0	0	0	0	0	0	0	0	0	0	0	0	0	0	0	0	0	0	0	0	0	0	0	151	0	0	0	0	0	0	0	0	0	0	0	0	0	0	0	0	0	0	0	0	0	0	0	0	0	0	0	0	0	0	0	0	0	0	0	0	0	0	0	0	0	0
0	0	0	0	0	0	0	0	0	0	0	0	0	0	0	0	0	0	0	0	0	0	0	0	0	0	0	0	422	0	0	216	0	0	0	0	0	0	0	0	0	0	0	0	0	0	0	408	0	0	0	0	0	0	0	0	398	0	0	0	0	0	0	0	0	0	0	0	394	0	0	0	306	0	0	0	0	0	0	0	0	0	0	0	0	0
0	0	0	0	0	0	0	252	252	0	128	0	0	0	0	0	0	0	0	0	0	0	0	0	0	0	0	0	0	0	0	0	0	0	0	0	0	0	0	0	0	0	0	0	0	0	0	0	0	0	0	0	0	0	0	0	0	0	0	0	0	0	0	282	0	0	0	0	0	268	0	0	0	0	0	0	0	0	0	0	0	0	0	0	26	0
0	0	0	0	0	0	0	0	0	0	0	0	0	0	0	0	0	0	0	0	0	115	0	0	0	0	0	0	0	0	0	0	0	0	0	0	0	0	0	0	0	0	0	0	0	0	0	0	0	0	0	0	0	0	114	0	0	0	0	0	0	0	0	0	0	0	0	0	0	0	0	0	0	0	0	0	0	0	0	0	0	0	0	0	0	0
0	0	0	0	0	0	0	0	0	0	0	0	0	0	0	0	0	0	0	0	0	0	0	64	0	0	0	0	0	0	0	65	0	0	0	0	0	0	0	0	0	0	0	0	0	0	75	0	0	0	0	0	0	0	0	0	0	0	0	0	0	0	0	0	0	0	0	0	0	0	0	0	0	0	0	0	0	0	0	0	0	0	0	0	0	0
0	0	175	0	0	0	0	0	0	0	0	0	0	0	0	0	0	0	0	0	0	0	0	0	192	0	0	0	0	165	0	0	0	0	0	0	108	0	211	0	0	256	0	0	0	0	0	0	0	143	0	0	0	0	0	0	0	0	0	0	134	0	0	0	0	0	257	0	0	162	0	115	0	0	0	0	0	0	182	0	0	0	0	0	0	0
0	0	128	91	0	0	0	0	0	0	0	205	0	0	0	0	0	0	0	0	0	0	0	0	0	0	0	0	0	0	0	0	0	0	0	0	0	0	0	0	0	0	0	172	0	0	0	0	103	0	0	0	0	0	0	0	0	0	0	0	0	0	0	0	0	0	0	0	0	0	0	0	0	222	0	0	0	0	0	0	0	0	0	0	0	0
0	0	0	233	0	0	0	0	0	0	0	204	0	0	0	0	0	0	0	0	0	0	0	0	0	0	0	0	0	0	0	0	0	0	0	0	235	0	179	0	0	0	0	0	0	0	0	0	0	104	0	0	0	0	0	0	0	0	0	0	0	0	0	0	0	0	209	0	0	0	0	196	0	248	0	0	0	0	0	0	0	0	0	0	0	0
0	47	46	0	0	0	48	0	0	47	0	0	0	46	0	36	0	46	43	0	0	46	0	0	47	0	0	0	0	39	0	0	0	0	42	0	0	314	0	0	0	0	0	0	47	0	0	0	0	0	0	51	0	0	47	0	0	0	39	0	0	0	0	0	0	39	0	0	0	0	0	0	0	0	0	0	0	47	46	48	49	235	46	0	0	0
0	0	0	0	0	0	0	0	0	0	0	0	0	0	0	0	0	0	0	0	0	0	0	187	0	0	0	0	334	0	0	334	0	0	0	0	0	0	0	0	0	0	0	0	0	0	243	213	0	0	0	0	328	0	0	0	379	0	0	0	0	0	0	0	0	0	0	0	326	0	0	0	278	0	0	230	0	0	0	0	0	0	0	0	0	0
0	0	0	0	0	0	0	0	0	0	0	0	0	0	0	0	0	0	0	0	0	0	0	0	0	0	0	0	0	0	0	0	0	0	0	0	0	0	0	0	0	0	0	0	0	0	414	0	0	0	0	0	0	0	0	0	420	0	0	0	0	0	0	0	0	0	0	0	0	0	0	0	417	0	0	0	0	0	0	0	0	0	0	0	282	0
0	0	0	0	0	267	0	0	0	0	0	0	0	0	0	0	240	208	0	0	0	0	263	0	0	275	0	246	0	241	0	0	0	254	0	287	0	0	0	0	0	0	0	0	0	258	0	0	268	0	264	0	0	261	0	245	0	259	0	0	0	235	0	0	0	0	0	0	0	0	0	0	0	0	0	0	0	0	0	0	0	0	0	0	276	259
231	259	191	249	239	251	237	271	283	241	119	239	287	236	227	223	224	241	233	249	231	232	239	0	239	260	248	224	0	224	209	0	257	237	240	271	142	317	273	0	249	247	252	265	233	237	0	0	254	223	239	227	0	234	230	230	0	236	236	233	237	221	231	292	275	228	260	283	0	275	278	175	0	170	233	0	228	252	270	280	261	216	230	211	256	237
0	0	0	0	0	0	0	0	0	0	0	0	0	0	0	0	0	0	0	0	0	0	0	0	0	0	0	0	287	0	0	317	0	0	0	0	0	0	0	0	0	0	0	0	0	0	330	363	0	0	0	0	0	0	0	0	0	0	0	0	0	0	0	0	0	0	0	0	0	0	0	0	0	0	0	0	0	0	0	0	0	0	0	0	0	0
0	0	0	0	0	0	297	0	0	0	0	0	0	223	0	0	0	0	0	314	0	0	0	0	0	0	0	0	0	0	0	0	0	0	0	0	0	123	0	0	0	0	315	0	0	229	0	0	0	0	0	0	0	0	0	0	0	0	0	0	0	0	0	0	0	0	0	0	0	0	0	0	0	0	295	0	0	0	0	0	0	0	0	0	0	0
206	234	215	0	192	220	0	0	189	0	0	0	0	0	199	0	211	0	223	0	218	0	0	0	0	231	212	0	0	178	200	0	239	0	186	223	0	0	0	0	188	0	0	0	0	0	0	0	0	0	0	0	0	0	0	216	0	0	204	221	154	213	0	242	207	207	0	0	0	184	0	0	0	0	0	0	0	0	210	201	0	0	0	200	166	0
0	240	0	0	0	0	0	0	0	0	0	0	0	0	0	0	0	0	0	0	0	0	0	0	0	0	0	0	0	0	0	0	0	0	0	0	0	0	0	0	0	0	0	0	0	0	0	0	0	0	0	0	0	0	0	0	0	0	0	0	0	0	0	0	0	0	0	0	0	0	0	0	0	0	0	0	215	0	0	0	0	0	0	0	0	0
0	0	0	245	0	0	0	0	0	0	0	269	258	0	0	0	0	0	0	0	0	0	0	0	0	0	0	0	0	0	0	0	0	0	0	0	0	226	270	0	0	0	0	0	0	0	0	0	0	0	231	0	0	0	0	0	0	0	0	0	0	0	0	0	0	0	0	0	379	0	0	0	382	0	0	0	0	0	0	0	0	0	0	0	0	0
0	0	0	0	0	0	0	0	0	0	0	0	0	0	0	0	0	0	0	0	0	0	0	0	0	0	0	0	183	0	0	0	0	0	0	0	0	0	0	0	0	0	0	0	0	0	0	195	0	0	0	0	0	0	0	0	0	0	0	0	0	0	0	0	0	0	0	147	0	0	0	0	0	0	0	0	0	0	0	0	0	0	0	0	0	0
0	0	0	0	0	0	0	0	0	0	0	0	0	0	0	0	0	0	0	0	0	0	0	0	0	0	0	0	449	0	0	421	0	0	0	0	0	0	0	0	0	0	0	0	0	0	416	433	0	0	0	0	408	0	0	0	422	0	0	0	0	0	0	0	0	0	0	0	419	0	0	0	0	0	0	397	0	0	0	0	0	0	0	0	0	0
0	0	0	189	0	0	0	0	0	0	0	0	0	0	0	0	0	0	0	0	0	0	0	0	0	0	0	0	0	0	0	0	0	0	0	0	0	0	0	0	0	0	0	156	0	0	0	0	0	0	0	0	0	0	0	0	0	0	0	0	0	0	0	0	0	0	0	0	0	0	0	0	0	0	0	0	0	0	0	0	0	0	0	0	0	0
0	0	0	0	0	0	0	0	0	0	0	0	0	0	0	0	0	0	0	0	0	0	0	0	212	0	0	0	395	0	0	0	0	0	0	0	0	0	0	15	0	0	0	0	0	0	0	0	0	0	0	0	0	0	0	0	0	0	0	0	0	0	0	0	0	0	0	0	0	0	0	0	0	0	0	0	0	0	0	0	0	0	0	0	0	0
0	0	0	0	0	0	0	0	0	0	0	0	0	0	0	0	0	0	0	0	0	0	0	333	0	0	0	0	306	0	0	0	0	0	0	0	0	0	0	0	0	0	0	0	0	0	0	0	0	0	0	0	0	0	0	0	0	0	0	0	0	0	0	0	0	0	0	0	0	0	0	0	0	0	0	0	0	0	0	0	0	0	0	0	0	0
0	0	0	0	0	0	0	0	0	0	0	0	0	0	0	0	0	54	0	219	0	0	0	50	0	0	0	0	56	0	0	52	0	0	0	0	0	0	0	0	0	0	0	0	0	0	61	55	0	0	0	0	59	0	0	213	0	0	0	0	0	0	0	0	0	0	0	0	52	0	0	0	56	0	0	49	0	0	0	0	0	0	0	0	0	211
179	195	187	136	185	180	210	174	162	212	0	99	95	205	182	171	174	204	182	213	183	200	207	282	206	197	187	191	0	177	192	358	192	169	183	197	105	89	95	158	181	128	210	91	0	203	0	346	168	0	0	219	301	211	200	183	0	202	173	175	144	171	216	178	199	177	0	192	360	174	170	95	344	104	214	0	202	194	196	200	202	28	201	170	209	195
230	258	257	0	238	250	236	270	282	240	258	241	187	235	226	222	223	240	232	248	230	231	238	368	238	259	247	223	417	223	208	391	256	236	239	270	141	95	0	0	248	276	251	0	232	236	380	400	253	0	238	226	374	233	229	229	392	235	235	232	236	220	230	291	274	227	0	257	387	274	277	174	0	168	232	368	227	251	269	279	260	217	229	210	255	236
0	0	0	0	0	0	0	0	208	0	0	0	0	0	0	0	0	0	0	0	0	0	0	127	0	0	0	0	0	0	0	0	0	0	0	0	0	186	0	0	0	0	0	0	0	0	0	0	0	0	0	0	289	0	0	0	0	0	0	0	0	0	0	0	0	0	0	0	0	0	0	0	149	0	0	0	0	0	0	0	0	0	0	0	0	0
0	0	0	0	0	0	0	0	0	0	0	0	0	0	0	0	0	0	0	0	0	0	0	12	0	0	0	0	14	0	0	320	0	0	0	0	0	0	0	0	0	0	0	0	0	0	16	15	0	0	0	0	256	0	0	0	16	0	0	0	0	0	0	12	0	0	0	0	317	0	0	0	14	0	0	13	0	0	0	0	0	0	0	0	0	0
0	0	0	0	0	0	0	70	65	0	0	0	0	0	0	0	0	0	0	0	0	0	0	0	0	0	0	0	0	0	0	0	0	0	0	0	0	0	0	0	0	0	0	0	0	0	0	0	0	0	0	0	0	0	0	0	0	0	0	0	0	0	0	71	0	0	0	0	0	66	0	0	0	0	0	0	0	0	0	0	0	0	0	0	82	0
0	0	0	0	0	0	0	0	0	0	0	0	238	0	0	0	0	0	0	0	0	0	0	0	0	0	0	0	0	0	0	0	0	0	0	0	0	24	0	0	0	197	0	0	0	0	0	0	269	0	0	255	0	0	0	0	0	260	0	0	0	0	0	305	0	0	0	298	0	289	0	130	0	0	0	0	0	0	288	0	0	0	256	0	277	0
0	0	0	0	0	0	0	0	0	0	246	0	0	0	0	0	0	0	0	0	0	0	0	0	0	0	0	0	0	0	0	0	0	0	0	0	0	0	0	0	0	0	0	0	0	0	0	0	0	0	0	0	0	0	0	0	352	0	0	0	0	0	0	0	0	0	0	0	0	0	0	0	0	0	0	245	0	0	0	0	0	0	0	0	0	0
0	0	0	244	0	0	0	0	0	0	109	0	0	0	0	0	0	0	0	0	0	0	0	0	0	0	0	0	0	0	0	0	0	0	0	0	0	0	0	0	0	183	0	252	0	0	0	0	0	0	0	0	0	0	0	0	0	0	0	0	0	0	0	0	0	0	0	0	0	0	0	250	0	0	0	0	0	0	0	0	0	0	0	0	0	0
178	194	186	135	184	179	209	173	161	211	106	98	94	204	181	170	173	203	181	212	182	199	206	0	205	196	186	190	194	176	191	193	191	0	182	196	104	183	94	157	180	127	209	90	207	202	220	209	167	96	203	218	210	210	199	182	0	201	172	174	143	170	215	177	198	176	89	158	208	173	169	94	216	103	213	0	201	193	195	199	201	169	200	169	208	194
186	230	227	0	118	199	134	215	228	0	0	0	0	130	217	180	213	130	119	136	120	128	0	0	129	0	125	0	228	180	125	353	212	0	120	125	0	318	0	99	184	0	135	0	133	0	368	356	0	0	129	142	300	134	127	217	354	0	216	223	0	173	139	0	240	211	0	230	357	224	0	0	356	0	137	295	0	211	253	233	210	0	130	0	0	122
0	0	0	0	0	0	0	0	0	0	0	0	0	0	0	0	0	0	0	0	0	0	0	0	0	0	0	0	0	0	0	0	0	185	0	0	0	0	0	0	0	0	0	0	0	0	0	0	0	0	0	0	0	0	0	0	0	0	0	0	0	0	0	0	0	0	0	253	0	0	204	0	0	0	0	0	0	0	0	0	0	0	0	0	0	0
0	0	0	29	0	0	0	0	0	0	25	21	22	0	0	0	0	0	0	0	0	0	0	0	0	0	0	0	0	0	0	0	0	0	0	0	27	0	20	0	0	0	0	19	0	0	0	0	0	19	0	0	0	0	0	0	0	0	0	0	0	0	0	0	0	0	22	0	0	0	0	21	0	26	0	0	0	0	0	0	0	0	0	0	0	0
0	0	0	203	0	0	0	0	0	0	196	219	244	0	0	0	0	0	0	0	0	0	0	0	0	0	0	0	0	0	0	0	0	0	0	0	202	0	0	0	0	0	0	194	0	0	0	0	0	242	0	0	0	0	0	0	0	0	0	0	0	0	0	0	0	0	200	0	0	0	0	254	0	238	0	0	0	204	0	0	216	0	0	0	0	124
0	0	0	0	0	0	0	0	0	0	0	0	0	0	0	0	0	0	0	0	0	0	0	217	0	0	0	0	344	0	0	377	0	0	0	0	0	0	0	0	0	0	0	0	0	0	278	264	0	0	0	0	271	0	0	0	246	0	0	0	0	0	0	0	0	0	0	0	212	0	0	0	314	0	0	268	0	0	0	0	0	0	0	0	0	0
0	0	0	0	0	0	0	0	0	135	0	0	0	0	0	0	0	0	0	0	0	0	132	318	0	124	0	0	0	0	0	0	0	0	0	0	0	0	0	0	0	266	0	0	0	127	0	0	0	0	0	0	0	0	0	0	0	209	0	0	0	0	0	0	0	0	0	0	0	0	0	0	0	0	0	0	0	0	0	0	0	0	0	0	0	0
0	0	0	0	0	0	0	0	0	0	0	0	0	0	0	0	0	0	0	0	0	0	0	0	0	0	0	0	0	0	54	0	0	0	0	0	0	0	0	0	0	0	0	0	0	0	0	0	0	0	0	0	0	0	0	0	0	0	0	0	0	48	0	0	0	0	0	0	0	0	0	0	0	0	0	0	0	0	0	0	0	0	0	0	0	0
0	0	0	0	0	0	0	0	0	0	0	0	0	0	0	0	0	0	0	0	0	0	0	0	0	0	0	0	0	0	0	0	0	0	0	0	0	0	229	0	0	0	0	132	0	0	0	0	0	0	0	0	0	0	0	0	0	0	0	0	0	0	0	0	0	0	0	0	0	0	0	0	0	0	0	0	0	0	0	0	0	0	0	0	0	0
0	0	0	0	0	0	0	0	0	0	0	0	0	0	0	0	0	0	0	0	0	0	0	250	0	0	0	0	212	0	0	0	0	0	0	0	0	0	0	0	0	0	0	0	0	0	362	310	0	0	0	0	62	0	0	0	308	0	0	0	0	0	0	0	0	0	0	0	270	0	0	0	59	0	0	307	0	0	0	0	0	0	0	0	0	0
0	0	0	0	0	236	0	0	0	0	0	0	0	0	0	0	0	0	0	0	0	0	0	0	0	0	0	0	0	0	0	0	0	0	0	0	0	0	0	0	0	0	0	0	0	0	0	0	0	0	0	0	0	0	0	0	0	0	0	0	0	0	0	0	0	0	0	0	0	0	0	200	0	0	0	0	0	0	0	0	0	0	0	0	0	0
0	0	0	0	0	0	0	0	0	0	0	0	0	0	0	0	0	0	0	37	0	0	0	30	0	0	0	0	36	0	0	33	0	0	0	0	0	0	0	0	0	0	0	0	0	0	367	358	0	0	0	0	36	0	0	0	351	0	0	0	0	0	0	0	0	0	0	0	34	0	0	0	359	0	0	294	0	0	0	0	0	0	0	0	0	0
0	0	0	0	0	0	0	0	0	0	0	207	0	0	0	0	0	0	0	0	0	0	0	176	0	0	0	0	186	0	0	0	0	0	0	0	184	0	0	0	0	0	0	0	0	0	210	0	0	0	0	0	202	0	188	0	384	0	0	0	0	0	0	0	0	0	0	0	0	0	0	0	0	0	0	195	0	0	0	0	0	0	0	0	0	0
229	257	256	248	237	249	235	269	281	239	257	272	286	234	225	221	0	239	231	247	229	230	237	366	237	258	246	222	415	222	207	389	255	235	238	269	278	0	272	227	247	291	250	264	231	235	378	398	252	257	237	225	372	232	228	228	390	234	219	231	235	219	229	290	273	226	259	282	385	273	200	283	335	0	0	367	226	221	268	278	259	0	228	0	254	235
0	235	243	169	211	197	0	0	0	0	281	295	308	206	188	185	181	0	184	220	212	0	0	0	209	213	213	209	458	181	244	430	224	208	224	239	298	0	297	190	195	317	0	285	209	0	424	442	0	283	0	0	416	0	0	194	431	215	178	204	150	202	0	197	0	220	166	0	428	232	234	300	427	290	0	405	0	233	261	220	227	207	203	184	0	0
0	0	0	0	0	0	0	0	0	0	0	0	0	0	0	0	0	0	0	0	0	0	0	126	0	0	0	0	134	0	0	132	0	0	0	0	0	0	0	106	0	0	0	0	0	0	151	0	0	185	0	0	145	0	0	0	138	0	0	0	95	0	0	0	0	0	0	0	263	0	109	0	146	0	0	137	0	0	0	0	0	0	0	0	0	130
0	0	0	0	0	0	0	0	0	0	0	0	0	0	0	0	0	0	0	0	0	0	0	0	0	0	0	0	0	0	0	0	0	0	0	0	0	0	111	0	0	0	0	0	0	0	0	0	0	98	0	0	0	0	0	0	0	0	0	0	0	0	0	0	0	0	0	237	0	0	0	0	0	122	0	0	0	0	0	0	0	0	0	0	0	0
0	0	0	198	0	0	0	0	0	0	134	0	295	0	0	0	0	0	0	0	0	0	0	0	0	0	0	0	0	0	0	0	0	0	0	0	0	0	281	0	0	200	0	0	0	0	407	0	0	265	0	0	0	0	0	0	0	0	0	0	0	0	0	0	0	0	0	0	0	0	0	0	0	276	0	0	0	0	0	0	0	0	0	0	0	0
0	0	0	0	0	0	136	0	0	0	0	0	0	0	0	0	0	132	0	138	0	130	134	0	0	0	0	0	0	0	127	0	0	211	0	0	0	0	0	0	0	0	0	0	135	129	0	0	0	0	131	0	0	136	128	0	0	0	0	0	0	0	0	0	127	0	0	0	0	0	0	0	0	0	139	0	0	0	0	0	0	0	0	0	0	0
239	0	0	258	0	0	0	0	0	0	0	180	206	0	0	0	0	0	0	0	0	0	0	0	0	0	0	0	0	0	0	0	0	0	0	0	171	0	0	0	0	0	0	0	0	0	0	0	0	0	0	0	0	0	0	0	0	0	0	0	0	0	0	0	0	0	107	0	0	0	0	216	0	178	0	0	0	0	0	0	0	0	0	0	0	0
0	0	0	0	0	0	0	0	0	0	0	135	0	0	0	0	0	0	0	0	0	0	0	174	0	0	0	0	184	0	0	0	0	0	0	0	0	0	0	0	0	0	0	0	0	0	0	0	0	0	0	0	0	0	0	0	0	0	0	0	0	0	0	0	0	0	0	0	0	0	0	0	0	0	0	193	0	0	0	0	0	0	0	0	0	0
0	0	0	0	0	0	0	0	0	0	0	28	0	0	0	0	0	0	0	0	0	0	0	331	0	0	0	0	347	0	0	270	0	0	0	0	0	0	0	0	0	0	0	0	0	0	256	0	0	0	0	63	249	0	0	0	226	0	0	0	0	0	0	0	0	0	0	0	232	0	0	0	282	0	0	253	0	0	0	0	0	0	0	0	0	0
0	0	0	0	0	0	0	0	0	0	0	0	0	0	0	0	0	0	0	0	0	0	0	325	0	0	0	0	284	0	0	215	0	0	0	0	0	0	0	0	0	0	0	0	0	0	315	300	0	0	0	0	315	0	0	0	233	0	0	0	0	0	0	0	0	0	0	0	237	0	0	0	297	0	0	0	0	0	0	0	0	0	0	0	0	0
0	0	0	0	0	0	0	0	0	0	0	106	107	0	0	0	0	0	0	0	0	0	0	0	0	0	0	0	0	0	0	0	0	0	0	0	221	0	145	0	0	0	0	233	0	0	0	0	0	128	0	0	0	0	0	0	0	0	0	0	0	0	0	0	0	0	0	0	0	0	0	160	0	128	0	0	0	0	0	0	0	0	0	0	0	0
0	0	0	0	0	0	0	0	0	0	0	0	0	0	0	0	0	0	0	0	0	0	0	0	0	0	0	0	65	0	0	0	0	0	0	0	0	0	0	0	0	0	0	0	0	0	0	0	0	0	0	67	0	0	0	0	63	0	0	0	0	0	0	0	0	0	0	0	0	0	0	0	0	0	0	0	0	0	0	0	0	0	0	0	0	0
204	63	61	0	58	59	0	0	0	0	142	0	0	0	55	52	57	63	59	0	0	0	0	0	64	64	61	0	0	56	60	0	64	0	58	65	0	0	0	51	58	0	0	0	0	64	0	0	0	0	62	71	0	0	63	60	0	0	56	55	0	54	0	0	64	56	0	0	0	0	55	0	0	0	0	0	0	232	61	64	65	221	0	52	0	59
0	0	0	0	0	0	0	0	0	0	0	0	0	0	90	0	0	0	0	0	0	0	0	0	0	0	0	0	0	0	0	0	0	0	0	0	0	0	0	0	0	0	0	0	0	0	0	0	0	0	0	0	0	0	0	0	0	0	0	0	0	0	0	0	0	89	0	0	0	0	0	0	0	0	0	0	0	0	0	0	0	0	0	0	0	0
0	0	0	216	0	0	0	0	0	0	0	66	278	0	0	0	0	0	0	0	0	0	0	0	0	0	0	0	0	0	0	0	0	0	0	0	214	0	65	0	0	0	0	204	0	0	0	0	0	63	0	0	0	0	0	0	0	0	0	0	0	0	0	0	0	0	64	0	0	0	0	208	0	71	0	0	0	0	0	0	0	0	0	0	0	0
0	0	0	0	0	0	0	0	0	0	0	0	0	0	0	0	0	0	0	0	0	0	0	51	0	0	0	0	57	0	0	53	0	0	0	0	0	0	0	0	0	0	0	0	0	0	62	56	0	0	0	0	60	0	0	0	55	0	0	0	0	0	0	0	0	0	0	0	53	0	0	0	57	0	0	51	0	0	0	0	0	0	0	0	0	0
0	0	0	0	0	0	0	0	0	0	0	0	0	0	0	0	0	0	0	0	0	0	0	0	0	0	0	0	300	0	0	245	0	0	0	0	0	0	0	0	0	0	0	0	0	0	17	261	0	0	0	0	238	0	0	0	331	0	0	0	0	0	0	0	0	0	0	0	261	0	14	0	238	0	0	239	0	0	0	0	0	0	0	0	0	0
150	164	162	114	155	150	176	146	138	178	193	255	183	173	153	143	144	172	155	179	154	170	172	156	172	164	160	161	0	150	160	164	160	138	156	164	137	160	257	132	152	184	178	131	176	169	188	177	137	209	169	185	0	177	167	153	173	169	147	148	122	143	182	145	165	149	119	132	176	144	139	265	184	115	179	174	167	161	163	168	168	229	169	145	175	162
0	0	0	0	0	0	0	0	0	0	0	0	0	0	0	0	0	0	0	0	0	0	0	324	0	0	0	0	136	0	0	134	0	0	0	0	0	0	0	0	0	0	0	0	0	0	152	143	0	0	0	0	146	0	0	0	139	0	0	0	0	0	0	0	0	0	0	110	143	0	0	0	148	0	0	139	0	0	0	0	0	0	0	0	0	0
0	0	0	0	0	0	0	0	0	0	0	0	0	0	0	0	0	0	0	0	0	0	0	0	0	0	0	0	0	0	0	145	0	0	0	0	0	0	0	0	0	0	0	258	0	0	0	0	0	0	0	0	0	0	0	0	0	0	0	0	0	0	0	0	0	0	0	186	0	0	0	0	0	0	0	0	0	0	0	0	0	0	0	0	0	0
0	0	0	0	0	0	0	0	0	0	0	0	237	0	0	0	0	0	0	0	0	0	0	0	0	0	0	0	0	0	0	0	0	0	0	0	292	0	0	0	0	0	0	0	0	0	0	0	0	0	0	0	0	0	0	0	0	0	0	0	254	0	0	0	0	0	0	0	0	0	0	159	0	0	0	0	0	0	0	0	0	0	0	0	0	0
0	0	0	154	0	0	0	0	0	0	0	15	17	0	0	0	0	0	0	0	0	0	0	0	0	0	0	0	321	0	0	258	0	0	0	0	21	0	0	0	0	0	0	0	0	0	0	308	0	16	0	0	279	0	0	0	309	0	0	0	0	0	0	0	0	0	0	0	271	0	0	14	378	20	0	0	0	0	0	0	0	0	0	0	0	0
0	0	0	0	0	0	0	0	0	0	0	142	0	0	0	0	0	0	0	0	0	0	0	27	0	0	0	0	33	0	0	30	0	0	0	0	0	0	0	0	0	253	0	0	0	0	35	32	0	0	0	0	33	0	0	0	34	0	0	0	0	0	0	226	0	0	0	238	31	0	196	0	34	0	0	29	0	0	0	0	0	0	0	0	0	0
0	0	0	0	0	0	0	0	0	0	0	0	0	0	0	0	180	0	0	0	0	0	0	125	0	0	0	0	0	0	0	0	0	0	0	0	0	0	0	0	0	0	0	0	0	0	0	141	0	0	0	0	0	0	0	0	0	0	0	0	0	0	0	0	0	0	0	0	0	0	0	0	0	0	0	0	0	0	0	0	0	0	0	0	0	0
0	0	0	41	0	0	0	0	0	0	0	30	32	0	0	0	0	0	0	0	0	0	0	0	0	0	0	63	0	0	0	0	0	0	0	0	36	0	28	0	0	0	0	0	0	0	0	0	0	31	0	0	0	68	0	0	0	69	0	0	0	0	0	0	0	0	31	0	0	0	0	29	0	164	0	0	0	0	0	0	0	0	0	0	0	0
0	0	0	0	0	299	0	0	0	0	0	0	0	0	0	0	0	205	0	0	0	0	0	0	0	0	0	0	0	0	0	0	0	0	0	252	0	0	0	0	0	0	0	0	0	0	0	0	0	0	0	0	0	0	0	0	0	0	0	0	0	0	0	0	0	0	0	0	0	0	0	0	0	0	0	0	0	0	0	0	0	0	0	0	0	296
0	0	0	0	0	164	0	0	0	0	0	0	0	0	0	0	0	189	0	0	0	0	191	0	190	0	0	0	0	0	0	0	0	0	0	0	0	229	0	0	166	0	195	0	194	0	0	0	0	0	188	203	0	195	185	0	0	0	0	0	0	0	0	0	0	0	0	0	0	0	0	0	0	0	0	0	186	0	0	0	0	0	186	0	0	0
0	0	0	0	0	0	0	0	0	0	0	0	0	0	0	0	0	0	0	0	0	0	0	179	0	0	0	0	0	0	0	0	0	0	0	0	0	0	0	0	0	0	0	0	0	0	0	0	0	0	0	0	0	0	0	0	192	0	0	0	0	0	0	0	0	0	0	0	0	0	0	0	0	0	0	0	0	0	0	0	0	0	0	0	0	0
0	0	297	0	0	0	0	0	0	0	0	0	0	0	0	0	0	0	0	0	0	0	0	0	0	0	0	0	0	0	0	0	0	0	0	0	0	0	0	0	0	0	0	0	0	0	0	0	0	0	0	0	0	0	0	0	0	0	0	0	0	0	0	0	0	0	0	0	0	0	215	0	0	0	0	0	0	0	0	0	0	0	0	0	0	0
0	0	0	0	0	0	0	0	0	0	0	0	0	0	0	0	0	0	0	0	0	0	0	0	0	0	0	0	453	0	0	0	0	0	0	0	0	0	0	0	0	0	0	0	0	0	0	0	0	0	0	0	0	0	0	0	426	0	0	0	0	0	0	0	0	0	0	0	0	0	0	0	0	0	0	0	0	0	0	0	0	0	0	0	0	0
160	175	169	120	165	159	188	155	0	191	97	91	88	186	162	152	154	183	163	192	165	0	185	0	184	177	168	172	178	159	172	177	171	150	165	177	96	239	88	0	162	115	190	84	189	182	201	190	149	88	182	0	193	190	0	164	184	180	154	155	0	152	195	157	178	158	84	142	189	154	151	89	199	95	192	186	0	173	175	181	0	0	0	152	187	174
0	0	0	0	0	0	0	0	0	0	0	0	0	0	0	0	0	0	0	0	0	0	0	0	0	0	0	0	0	0	0	0	0	0	0	0	0	0	0	0	0	0	0	0	0	0	0	0	0	0	0	0	0	0	0	0	366	0	0	181	0	0	0	0	0	10	0	0	0	0	0	99	0	0	0	0	0	0	252	0	0	0	0	0	235	0
0	0	0	0	0	0	0	0	0	0	0	0	0	0	0	0	0	0	0	0	0	0	0	0	0	0	0	0	0	0	0	0	0	0	0	0	0	0	0	91	0	0	0	0	0	0	0	0	0	0	0	0	0	0	0	0	0	0	0	0	0	0	0	0	0	0	0	0	0	0	0	0	0	0	0	0	0	0	0	0	0	0	120	0	0	0
0	0	0	0	0	0	0	0	0	0	0	0	0	0	0	0	0	0	0	0	0	0	0	190	0	0	0	0	0	0	0	0	0	0	0	0	0	0	0	0	0	0	0	0	0	0	0	0	0	110	0	0	0	0	0	0	0	0	0	0	0	0	0	0	0	0	211	0	0	0	0	0	0	0	0	0	0	0	0	0	0	0	0	0	0	0
0	0	0	0	0	0	0	0	0	0	0	0	0	0	0	0	0	0	0	0	0	0	0	0	0	0	0	0	346	0	0	346	0	0	0	0	0	0	0	0	0	0	0	0	0	0	346	341	0	0	0	0	0	0	0	0	0	0	0	0	0	0	0	0	0	0	0	0	345	0	0	0	252	0	0	0	0	0	0	0	0	0	0	0	0	0
0	0	0	0	0	0	0	0	0	0	0	0	0	0	0	0	0	267	0	0	0	0	0	0	0	0	0	0	0	0	0	0	0	0	0	0	0	0	0	0	0	0	0	0	0	0	0	0	0	0	271	0	0	0	0	0	0	0	0	0	0	0	0	0	0	0	0	0	0	0	0	0	0	0	0	0	0	0	0	0	0	0	0	0	0	0
60	66	0	45	62	62	68	59	54	68	37	32	35	67	59	56	60	67	63	71	63	66	66	343	68	68	65	66	210	60	63	303	68	55	62	69	39	97	251	0	62	44	68	142	69	68	352	382	55	172	66	75	343	72	66	64	229	72	60	59	50	58	72	60	68	60	115	54	303	56	57	32	295	38	72	340	69	65	65	68	69	209	64	56	67	62
0	76	74	0	0	0	0	67	62	0	41	0	0	0	0	0	0	0	0	0	0	0	0	0	0	77	0	0	0	0	0	74	77	0	0	78	0	0	0	0	0	50	0	0	0	0	0	0	0	0	0	0	0	0	0	0	0	0	0	0	0	0	0	68	78	0	0	0	78	63	0	0	0	0	0	0	0	77	75	79	81	26	0	0	76	0
0	0	0	0	0	0	0	0	0	0	0	0	0	0	0	0	0	0	0	0	0	0	0	0	0	0	0	0	0	0	0	0	0	0	0	0	0	0	0	0	0	0	0	0	0	0	0	0	0	0	0	0	0	0	0	0	0	0	0	179	0	0	0	0	218	0	0	0	0	0	0	0	0	0	0	0	0	0	0	0	0	0	0	0	0	0
0	0	0	0	0	0	0	0	0	0	0	0	0	0	0	0	0	0	0	0	0	0	0	230	0	0	0	0	0	0	0	0	0	0	0	0	0	0	256	0	0	0	0	0	0	0	268	62	0	0	0	0	0	0	0	0	60	0	0	0	0	0	0	0	0	0	0	0	0	0	0	103	271	227	0	0	0	0	0	0	0	0	0	0	0	0
0	0	0	0	0	115	0	0	0	0	0	0	0	0	0	0	0	0	0	0	0	0	0	0	0	0	0	0	0	0	0	0	0	0	0	0	0	0	0	0	0	84	0	0	0	0	0	0	0	0	0	0	0	0	0	0	0	0	0	0	0	0	0	113	0	0	0	0	0	0	0	0	0	0	0	0	0	0	0	0	0	0	0	0	0	0
72	77	75	0	74	0	0	0	0	0	0	0	0	0	73	66	70	80	75	0	73	0	79	0	0	78	78	0	0	72	77	0	78	0	76	261	0	0	0	0	72	52	0	0	0	79	0	0	0	0	78	0	0	0	0	76	0	0	70	71	59	69	0	0	79	71	0	0	0	64	0	0	0	0	0	0	0	78	76	80	82	194	0	66	0	73
30	33	32	176	34	32	35	28	27	35	0	102	16	0	27	25	28	0	32	35	30	34	32	28	0	34	33	0	34	28	29	31	33	29	30	33	20	0	238	211	32	0	34	126	34	33	0	33	28	179	0	37	34	36	0	34	35	0	0	0	23	27	0	30	34	26	15	27	32	28	31	101	35	0	36	30	0	33	33	35	35	0	32	24	32	32
0	0	0	0	0	0	0	0	0	0	0	0	0	0	0	0	0	0	0	0	0	0	0	0	0	0	0	0	0	0	0	0	0	0	0	0	0	0	0	90	0	0	0	0	121	0	0	0	0	0	0	0	0	0	0	0	0	0	0	0	0	0	0	0	0	0	0	0	0	0	0	57	0	0	0	0	117	0	0	0	0	0	0	0	0	0
0	0	0	0	0	0	0	0	0	0	0	0	0	0	0	0	0	0	0	313	0	0	0	0	0	0	0	0	0	0	0	0	0	0	0	0	0	110	0	0	0	0	0	0	0	0	0	0	0	0	0	293	0	0	0	0	0	0	0	0	0	0	0	0	0	0	0	0	0	0	0	0	0	0	0	0	0	0	0	0	0	0	0	0	0	0
217	0	248	0	203	0	0	0	0	138	0	0	0	0	119	110	204	133	208	0	0	0	135	0	132	228	210	0	0	191	128	0	247	0	191	206	0	0	0	102	192	0	0	0	136	0	0	0	0	0	0	0	0	0	0	212	0	0	115	186	191	181	0	0	236	187	0	0	0	0	0	0	0	0	0	0	129	202	256	129	233	0	0	114	0	125
0	0	0	0	0	0	0	0	0	137	0	0	0	0	0	0	205	0	0	0	0	0	0	0	0	0	0	0	0	0	0	0	0	0	0	0	0	0	0	0	0	0	0	0	0	0	0	0	224	0	0	0	0	0	0	0	0	0	0	0	185	180	0	0	0	0	0	0	0	0	104	0	0	0	0	0	0	0	0	0	0	0	0	0	0	0
0	30	0	0	0	0	0	0	0	31	0	0	0	0	0	0	0	0	0	31	0	0	0	243	0	0	0	0	0	0	0	0	0	0	0	0	0	0	0	0	0	0	0	0	0	0	0	0	0	0	0	0	0	0	0	0	0	0	0	0	0	0	32	0	0	0	0	24	0	0	0	0	0	0	32	0	0	29	30	31	31	0	28	0	0	0
0	0	0	0	0	0	0	0	0	0	0	0	0	0	0	0	0	0	0	154	0	0	0	133	147	0	0	0	142	0	0	227	136	0	0	0	0	0	0	0	0	96	153	0	0	0	160	149	0	69	0	0	152	152	143	0	145	0	0	0	0	0	0	0	0	0	0	0	151	0	0	0	156	0	0	147	0	0	0	0	0	0	0	0	0	0
0	0	0	0	0	0	0	0	0	0	0	0	0	0	0	0	0	0	0	0	0	0	0	0	0	0	0	0	0	0	0	0	0	0	0	0	0	0	0	0	0	0	0	0	0	0	0	0	0	0	0	0	0	0	0	0	0	0	0	0	0	0	0	0	0	0	0	220	0	0	232	0	0	0	0	0	0	0	0	0	0	0	0	0	0	0
36	40	40	0	40	39	42	33	30	42	0	134	133	40	34	31	35	39	38	43	0	42	40	37	41	41	40	0	42	34	37	40	41	34	37	41	107	319	0	0	38	26	41	0	41	41	45	40	32	0	39	45	43	44	40	40	42	45	34	34	30	33	44	36	42	33	256	32	40	33	36	0	42	158	44	37	41	41	40	42	43	42	40	31	39	39
0	0	0	0	0	0	0	0	0	0	0	0	0	0	0	0	0	0	0	0	0	0	0	0	0	0	0	0	0	0	0	0	0	0	0	0	0	0	0	0	0	0	0	0	0	0	0	0	0	0	0	0	0	0	0	0	0	0	0	0	160	0	0	0	0	0	0	0	0	0	0	0	0	0	0	0	0	0	0	0	0	0	0	0	0	219
0	0	0	0	0	0	12	0	0	12	0	0	0	10	0	0	0	0	0	0	0	10	0	0	11	0	0	0	0	0	0	0	0	0	0	0	0	312	0	0	0	0	11	0	11	0	0	0	0	0	0	0	0	12	12	0	0	0	0	0	0	0	12	0	0	0	0	0	0	0	0	0	0	0	0	0	11	0	0	0	0	0	10	0	0	0
39	43	43	28	0	42	45	36	33	45	24	19	20	43	37	34	37	42	41	46	41	0	43	40	44	44	43	44	45	37	40	0	44	36	40	44	25	133	18	35	41	27	43	17	44	44	49	43	175	149	42	48	47	47	43	43	45	48	37	37	33	36	47	212	45	36	20	34	43	36	38	19	45	24	47	40	44	44	43	45	46	0	43	34	42	0
0	0	0	0	0	0	0	0	0	0	0	0	0	0	0	0	0	0	0	0	0	0	0	0	0	309	0	0	0	0	0	0	311	0	0	0	0	0	0	0	0	0	0	0	0	0	0	0	0	0	0	0	0	0	0	0	0	0	0	0	0	0	0	188	0	0	0	0	0	0	0	0	0	0	0	0	210	0	0	0	0	0	0	0	0	0
0	0	0	0	0	0	0	0	0	0	0	0	0	0	0	0	0	11	0	0	0	0	0	0	0	0	0	0	0	0	0	0	0	13	0	0	0	0	0	0	0	0	0	0	0	0	0	0	14	0	0	0	0	0	0	0	0	0	0	0	0	0	0	13	0	0	0	0	0	15	0	0	0	0	0	0	0	0	0	0	0	0	0	0	13	0
0	0	0	0	0	0	0	0	0	0	240	0	0	0	0	0	0	0	0	0	0	0	0	116	0	0	0	0	122	0	0	119	0	0	0	0	0	0	0	0	0	0	0	0	0	0	138	128	0	0	0	0	131	0	0	0	128	0	0	0	0	0	0	0	0	0	0	0	126	0	189	0	129	204	0	123	0	0	0	0	0	0	0	0	0	0
126	139	137	0	130	124	0	0	0	0	0	72	164	0	129	120	122	146	131	0	132	0	148	0	0	137	136	0	0	127	138	0	134	113	131	138	76	0	0	112	127	0	0	0	0	143	0	0	111	0	144	0	0	0	0	129	0	0	125	124	100	121	0	229	139	126	0	0	0	120	114	71	0	76	0	0	0	137	137	142	143	87	0	124	146	136
0	0	0	0	0	0	0	0	0	0	0	0	0	167	0	0	0	0	0	0	0	0	0	184	0	158	0	0	0	0	0	327	0	0	0	0	0	0	0	0	0	222	0	0	0	0	261	0	0	0	0	0	0	171	0	0	0	0	0	0	0	0	0	0	0	0	0	0	325	0	0	0	0	0	173	0	162	155	157	162	162	156	0	0	0	0
0	0	0	0	0	0	0	0	0	0	0	0	0	0	0	0	0	0	0	0	0	0	0	60	0	0	0	0	69	0	0	61	0	0	0	0	0	0	0	0	0	0	0	0	0	0	71	67	0	0	0	0	69	0	0	0	66	0	0	0	0	0	0	0	0	0	0	0	63	0	0	0	68	0	0	59	0	0	0	0	0	0	0	0	0	0
188	200	199	0	200	190	0	210	199	0	20	0	0	0	207	183	175	0	199	0	205	0	0	0	0	220	217	0	0	0	35	0	219	0	190	247	0	0	0	214	0	0	0	0	0	0	0	0	0	0	0	0	0	0	0	221	0	0	177	176	0	178	0	269	211	217	0	175	0	181	0	0	0	0	0	0	0	234	258	248	242	126	0	203	212	0
76	0	0	55	77	0	0	71	66	0	0	39	43	0	77	0	0	0	79	0	77	0	0	0	0	0	82	0	243	76	0	337	0	0	80	0	0	0	0	173	76	55	0	36	0	0	244	390	0	42	0	0	0	0	0	80	376	0	0	75	0	0	0	72	0	75	39	63	335	67	0	40	272	0	0	227	0	82	80	84	86	0	0	0	83	0
0	0	0	0	0	0	0	0	0	0	0	116	178	0	0	0	0	0	0	0	0	0	0	0	0	0	0	0	0	0	0	0	0	0	0	0	0	0	0	0	0	0	0	0	0	0	0	0	0	0	0	0	0	0	0	0	0	0	0	0	0	0	0	0	0	0	0	0	0	0	0	146	0	0	0	0	0	0	0	0	0	0	0	0	0	0
0	0	0	0	0	0	0	0	0	0	0	0	0	0	0	0	0	0	0	0	0	0	0	0	0	0	0	0	0	0	0	0	0	0	0	0	0	0	0	0	0	0	0	0	0	0	0	0	188	0	0	0	0	0	0	0	0	0	0	0	0	0	0	0	0	0	0	0	0	0	0	0	0	136	0	0	0	0	0	0	0	0	0	0	0	0
114	123	121	0	116	0	0	0	0	133	0	0	0	0	115	108	109	0	117	134	118	126	130	0	127	123	123	0	0	115	123	0	0	0	118	123	0	199	0	97	116	0	133	0	131	125	0	0	0	0	127	140	0	0	125	118	0	0	113	113	91	109	137	110	124	114	0	0	0	223	0	0	0	0	135	0	125	123	122	126	130	143	128	111	0	120
0	0	0	0	0	0	0	0	0	0	0	0	0	0	0	0	0	0	0	0	0	0	0	367	0	0	0	0	416	0	0	390	0	0	0	0	0	141	0	0	0	0	0	0	0	0	379	399	0	0	0	0	373	0	0	0	391	0	0	0	0	0	0	0	0	0	0	0	386	0	0	0	251	0	231	0	0	0	0	0	0	0	0	0	0	0
224	0	0	0	0	0	0	0	0	0	0	0	0	0	0	0	0	0	0	0	223	0	0	0	0	0	0	0	0	0	0	0	0	0	0	0	0	0	0	0	0	0	0	0	0	0	0	0	0	0	0	0	0	0	0	0	0	0	0	0	0	0	0	0	0	0	0	0	0	0	0	0	0	0	0	0	0	0	0	0	0	0	0	0	0	0
0	0	0	0	0	0	0	0	0	0	0	0	0	0	0	0	0	0	0	0	0	0	0	0	0	0	0	0	0	0	0	0	0	0	0	0	0	0	0	0	0	0	0	0	0	0	0	422	0	0	0	0	398	0	0	0	0	0	0	0	0	0	0	0	0	0	0	0	0	0	0	0	0	0	0	0	0	0	0	0	0	0	0	0	0	0
34	38	37	0	30	233	218	191	212	216	0	0	0	37	32	206	33	36	28	40	35	39	37	0	210	31	38	39	0	215	34	0	38	32	35	38	0	38	0	0	30	0	38	0	217	38	0	0	184	0	36	42	312	41	212	30	0	42	32	32	28	201	41	235	39	31	0	30	0	235	184	0	347	0	41	0	38	38	204	260	40	17	37	29	36	0
0	0	0	0	0	0	229	0	0	0	0	0	0	0	0	0	0	0	0	0	0	0	0	0	0	0	0	0	0	0	0	136	0	0	0	0	0	0	0	0	0	0	0	0	0	0	0	263	0	0	0	0	0	0	0	0	0	0	0	0	0	0	0	0	0	0	0	268	145	238	261	0	150	0	0	141	0	0	0	0	0	81	218	0	0	222
0	0	0	0	0	0	0	0	0	0	0	0	0	0	0	0	0	0	0	0	0	0	0	0	0	0	0	0	234	0	0	0	0	0	0	0	0	0	0	0	0	0	0	0	0	0	0	72	0	0	0	0	73	0	0	0	71	0	0	0	0	0	0	0	0	0	0	0	68	0	0	0	73	0	0	63	0	0	0	0	0	0	0	0	0	0
208	213	0	0	193	201	0	0	0	0	110	101	101	0	212	181	214	0	190	0	185	0	0	0	0	230	222	0	0	182	203	0	226	0	184	218	241	0	79	0	202	181	0	0	0	0	0	247	0	0	0	0	0	0	0	219	0	0	207	225	174	174	0	271	201	210	227	0	0	0	180	100	234	124	0	0	0	212	234	219	246	56	0	0	0	0
0	0	0	0	0	0	0	0	0	0	0	0	0	0	0	0	0	0	0	0	0	0	0	0	0	0	0	0	0	0	0	0	0	0	0	0	0	0	0	0	0	100	0	0	0	0	0	0	0	0	0	0	0	0	0	0	0	0	0	0	0	0	0	0	0	0	0	0	0	0	122	0	0	0	0	0	0	0	0	0	0	0	0	0	0	0
0	0	0	0	0	0	0	49	0	0	0	173	0	0	0	0	0	0	0	0	0	0	0	0	0	0	0	0	0	0	0	0	0	0	0	0	0	0	0	48	0	0	0	0	0	0	0	0	50	0	0	0	0	0	0	0	0	0	0	0	0	0	0	0	0	0	0	0	0	0	52	0	0	0	0	0	0	0	0	0	0	0	0	0	0	0
128	141	139	0	132	126	151	187	116	153	0	0	0	148	131	122	123	148	133	0	134	146	0	0	0	139	138	139	0	129	140	0	0	115	133	140	78	159	0	114	129	0	0	0	151	145	0	0	113	0	146	160	0	0	0	131	0	147	127	126	102	123	157	121	141	128	0	0	0	122	116	0	0	0	155	0	0	139	139	144	145	0	145	126	148	138
0	0	0	0	0	0	0	0	0	0	0	0	0	0	0	0	0	0	0	0	0	0	0	0	0	0	0	0	0	0	0	0	0	183	0	246	0	0	0	0	0	0	0	0	0	0	0	0	171	0	0	0	0	0	0	0	0	0	0	0	0	0	0	0	0	0	0	0	0	0	194	0	0	0	0	0	0	0	0	0	0	0	0	0	0	0
0	0	0	0	0	0	0	177	166	0	0	0	0	0	0	0	0	0	0	0	0	0	0	0	0	0	0	0	0	0	0	0	0	0	0	0	0	0	0	0	0	0	0	0	0	0	0	0	0	0	0	0	0	0	0	0	0	0	0	0	0	0	0	0	0	0	0	172	0	182	253	0	0	0	0	0	0	0	0	0	0	0	0	0	231	0
172	188	181	212	178	173	203	248	244	205	269	285	300	199	175	164	167	197	175	206	177	194	200	391	0	190	180	184	440	171	185	376	0	165	177	190	290	73	289	152	174	302	204	277	0	196	404	424	162	273	197	212	399	204	193	176	412	195	166	168	138	164	209	172	192	170	274	155	410	168	165	148	410	282	207	389	195	187	189	193	195	60	194	164	202	189
0	228	229	0	0	0	0	209	202	0	0	0	0	0	0	0	0	0	0	0	0	0	0	392	0	0	0	0	398	0	0	413	0	0	0	0	0	0	0	0	0	0	0	0	0	0	405	425	0	0	0	0	400	0	0	0	414	0	0	0	0	0	0	227	0	0	0	0	411	0	0	0	411	0	0	390	0	0	0	0	0	0	0	0	218	0
0	0	0	0	0	0	0	0	0	0	147	0	0	0	0	0	0	0	0	0	0	0	0	321	0	0	0	0	0	0	0	0	0	175	0	0	0	0	0	0	0	0	0	0	0	0	0	0	238	0	0	0	0	0	0	0	0	0	0	0	0	0	0	273	0	0	0	0	0	0	177	238	0	0	0	0	0	0	0	0	0	0	0	201	131	0
0	0	0	87	0	111	0	216	223	0	0	0	262	0	0	0	0	0	0	0	0	0	0	213	0	0	0	0	273	0	0	383	0	0	0	0	216	0	0	0	0	0	0	207	0	0	269	283	0	0	0	0	272	0	0	0	245	0	0	0	0	0	0	0	0	0	203	0	373	0	0	0	315	0	0	260	0	0	0	0	0	0	0	0	0	0
0	0	0	0	0	0	0	0	0	0	0	0	0	0	0	0	0	0	0	0	0	0	0	206	0	0	0	0	318	0	0	297	0	0	0	0	0	0	0	0	0	0	0	0	0	0	249	270	0	0	0	0	246	0	0	0	360	0	0	0	0	0	0	0	0	0	0	0	297	0	0	0	320	0	0	249	0	0	0	0	0	0	0	0	0	0
125	138	136	96	129	123	148	120	113	150	78	71	74	145	128	119	121	145	130	151	131	143	147	130	144	136	135	136	139	126	137	138	133	112	130	137	75	36	212	111	126	93	150	65	148	142	157	146	110	67	143	157	149	149	140	128	142	144	124	123	99	120	154	119	138	125	67	112	148	119	113	70	153	75	152	144	141	136	136	141	142	0	144	123	145	135
183	72	226	187	189	228	0	263	275	0	0	0	208	0	67	211	195	75	71	0	221	0	73	66	0	245	73	74	75	212	71	67	233	204	70	225	150	0	196	59	214	46	0	146	0	74	77	74	211	196	0	0	75	0	0	72	73	220	203	208	162	203	0	217	215	199	133	0	70	178	0	118	75	112	0	65	0	73	72	76	76	1	0	194	225	0
187	212	233	209	143	234	163	0	0	165	87	231	239	160	206	214	207	206	211	166	204	158	227	143	159	151	195	211	223	139	150	152	225	126	226	232	85	224	76	177	221	219	165	184	163	226	174	163	215	186	0	172	165	164	210	0	158	213	205	137	157	209	169	133	203	138	138	274	164	0	186	220	170	264	224	161	203	242	203	259	237	50	157	196	160	216
0	0	0	0	0	0	0	0	0	0	0	0	0	0	0	0	0	0	0	0	0	0	0	0	0	0	0	0	0	0	0	0	0	0	0	0	0	0	154	0	0	0	0	239	0	0	0	0	0	0	0	0	0	0	0	0	0	0	0	0	0	0	0	0	0	0	0	0	0	0	0	0	0	0	0	0	0	0	0	0	0	0	0	0	0	0
222	0	0	0	0	0	0	0	0	0	0	0	0	0	0	0	0	0	0	0	0	0	0	0	0	0	0	0	0	0	0	0	0	0	0	0	0	0	0	0	0	0	0	0	0	0	0	0	0	0	0	0	0	0	0	0	0	0	0	105	0	0	0	0	0	0	0	0	0	0	0	0	0	0	0	0	0	0	0	0	0	0	0	0	0	0
33	37	36	0	38	36	39	0	0	39	0	0	0	36	31	29	32	35	36	39	34	38	36	0	38	38	37	38	0	32	33	0	37	0	34	37	0	299	0	30	36	0	0	0	38	37	0	0	0	0	35	41	0	40	37	38	0	41	31	31	27	31	40	33	38	30	0	0	0	30	0	0	0	0	40	0	37	37	37	39	39	127	36	28	35	36
11	10	11	0	11	11	11	11	0	11	0	0	227	0	11	11	10	0	11	0	10	9	0	0	10	11	11	11	0	10	10	0	11	0	11	10	0	136	0	11	11	0	10	0	10	0	0	0	11	0	0	11	0	11	11	11	0	11	12	10	9	10	11	10	11	12	0	0	0	12	11	111	0	0	12	0	0	10	10	10	11	0	0	0	0	0
88	93	90	0	89	85	102	0	0	103	0	0	0	100	88	81	83	97	91	105	89	95	97	0	99	93	94	93	0	88	93	0	93	0	91	93	0	58	45	0	88	62	102	0	0	96	0	0	0	0	96	109	0	104	0	90	0	98	85	87	0	83	105	81	0	87	0	0	0	0	77	0	0	0	105	0	97	94	92	96	98	88	99	83	97	90
174	190	183	132	180	175	205	171	158	207	103	95	91	201	177	166	169	199	177	208	179	196	202	224	201	192	182	186	190	173	187	189	187	167	179	192	102	106	92	154	176	123	206	0	204	198	218	205	164	93	199	214	232	206	195	178	193	197	168	170	140	166	211	174	194	172	87	157	204	170	208	92	212	101	209	199	197	189	191	195	197	36	196	166	204	191
31	34	33	0	35	33	36	0	213	36	0	0	0	33	28	26	29	32	33	36	31	35	33	29	35	35	34	35	35	29	30	32	34	176	31	34	0	163	0	27	33	158	35	0	35	34	37	34	183	0	32	38	35	37	34	35	36	38	28	28	24	28	37	0	0	27	0	0	33	237	183	0	309	0	37	31	34	34	34	36	36	0	33	25	236	33
0	0	0	0	0	0	0	0	0	0	72	63	68	0	0	0	0	0	0	0	0	0	0	0	0	0	0	0	0	0	0	0	0	0	0	0	71	0	0	0	0	0	0	0	0	0	0	0	0	0	0	0	0	0	0	0	0	0	0	0	0	0	0	0	0	0	0	0	0	0	0	65	0	0	0	0	0	0	0	0	0	0	0	0	0	0
0	0	0	0	0	0	0	0	0	0	0	0	0	0	0	0	0	0	0	241	0	0	0	0	0	0	0	0	0	0	0	0	0	0	0	0	0	280	0	183	0	0	0	0	0	0	0	0	0	0	0	60	0	0	0	0	0	0	0	0	0	0	0	0	0	0	0	0	0	0	0	0	0	0	0	0	0	0	0	0	0	0	0	0	0	0
214	0	0	0	188	185	0	0	0	0	231	0	0	0	211	182	215	0	212	0	203	0	0	0	0	251	209	216	0	184	196	0	209	217	188	253	0	0	0	178	211	303	0	0	0	0	0	0	179	0	0	0	0	0	0	220	0	0	179	226	145	175	0	0	213	213	0	162	0	175	255	0	0	0	0	0	0	213	233	218	235	0	0	202	0	0
61	0	65	46	63	63	69	60	55	69	38	33	36	68	60	57	61	68	64	0	64	67	67	201	69	69	66	0	316	61	64	296	69	0	63	70	40	277	30	165	63	45	69	28	70	69	248	268	0	35	67	76	244	73	67	65	361	73	61	60	51	59	73	61	69	61	33	55	355	57	0	33	318	39	0	248	70	66	66	69	70	106	65	57	68	63
0	0	203	0	0	0	0	0	0	0	0	0	0	0	0	0	0	0	0	0	0	0	0	0	0	0	0	0	0	0	0	0	0	0	0	0	0	0	0	160	0	0	0	0	0	0	0	0	0	0	0	0	215	0	0	0	0	0	0	0	0	0	0	0	0	0	0	0	0	0	0	0	0	0	0	0	0	0	0	0	0	0	0	0	0	0
40	45	45	0	218	44	47	37	34	0	0	0	0	45	38	35	38	44	42	48	42	0	45	42	46	46	44	46	47	38	41	44	46	38	41	46	0	134	0	36	42	29	45	0	46	46	51	45	36	0	44	50	49	49	45	44	0	50	38	38	34	37	49	40	47	37	0	0	45	38	40	0	47	0	49	42	46	46	45	47	48	168	45	35	44	228
0	44	44	148	0	43	46	195	210	46	0	0	0	44	0	0	0	43	0	0	0	45	44	41	45	45	0	45	46	0	0	43	45	37	0	45	26	128	19	0	0	0	44	18	45	45	50	44	35	0	43	49	48	48	44	0	46	49	0	0	0	0	48	39	46	0	21	0	44	37	39	0	46	0	48	41	45	45	44	46	47	0	44	0	43	42
89	94	92	0	90	86	103	83	78	105	55	47	96	101	89	82	84	98	92	106	90	96	99	92	100	94	95	94	0	90	95	97	94	74	92	94	55	195	46	78	89	64	103	43	102	97	112	105	75	52	97	111	104	105	96	91	103	99	86	88	73	84	107	82	96	88	47	75	103	80	79	48	103	55	106	96	98	95	93	97	99	74	101	84	98	91
38	42	42	0	42	41	44	35	0	44	0	0	0	42	36	33	36	41	40	45	40	44	42	0	43	0	42	43	0	36	39	0	43	35	39	43	0	293	0	34	40	0	42	0	43	43	0	0	33	0	41	0	45	46	42	42	0	47	36	36	32	35	46	0	44	35	0	33	0	35	0	0	0	0	46	39	0	43	42	44	45	77	0	33	41	41
0	0	0	158	0	0	0	0	0	0	0	16	18	0	0	0	0	0	0	0	0	0	0	301	0	0	0	0	309	0	0	323	0	0	0	0	22	0	16	0	0	0	0	14	0	0	41	295	0	17	0	0	257	0	0	0	198	0	0	0	0	0	0	0	0	0	17	0	318	0	0	15	38	21	0	277	0	0	0	0	0	0	0	0	0	0
0	0	0	0	0	0	0	0	0	0	0	0	0	0	0	0	0	0	0	0	0	0	0	285	0	0	0	0	288	0	0	313	0	0	0	0	0	0	0	0	0	0	0	0	0	0	331	361	0	0	0	0	290	0	0	0	0	0	0	0	0	0	0	0	0	0	0	0	0	0	0	0	365	0	0	0	0	0	0	0	0	0	0	0	0	0
115	124	122	0	117	198	133	221	226	134	0	0	0	129	116	179	110	129	118	135	119	127	131	218	128	235	124	123	275	116	124	379	211	172	119	124	0	200	0	98	185	216	134	0	132	126	276	285	237	0	128	141	276	133	126	218	249	207	217	224	0	110	138	272	125	115	0	229	374	110	178	0	316	0	136	267	126	124	123	127	131	0	129	112	130	121
143	157	155	110	148	143	169	139	0	171	90	83	83	166	146	137	138	165	148	172	148	164	165	150	0	157	153	154	0	144	155	160	153	132	149	157	88	63	80	0	145	106	171	75	169	162	182	171	130	80	162	178	173	170	160	146	167	162	141	142	116	137	175	139	158	143	78	127	172	138	132	81	179	88	172	170	161	0	156	161	161	0	0	139	168	155
0	0	0	99	0	0	0	0	0	0	81	74	76	0	0	0	0	0	0	0	0	0	0	0	0	0	0	0	0	0	0	0	0	0	0	0	0	0	69	0	0	0	0	68	0	0	0	0	0	0	0	0	0	0	0	0	0	0	0	0	0	0	0	0	0	0	69	0	0	0	0	73	0	78	0	0	0	0	0	0	0	0	0	0	0	0
0	0	0	0	0	0	0	0	0	0	0	0	0	0	0	0	0	0	0	0	0	0	0	32	0	0	0	0	0	0	0	35	0	0	0	0	0	0	0	0	0	0	0	13	0	0	39	287	0	0	0	0	0	0	0	0	201	0	0	0	0	0	0	0	0	0	0	0	319	0	0	0	37	0	0	0	0	0	0	0	0	0	0	0	0	0
35	39	38	26	39	37	40	31	29	40	21	17	0	38	33	30	34	37	37	0	36	40	38	255	39	39	39	0	372	33	36	257	39	0	36	39	23	247	0	32	37	24	39	15	39	39	365	309	0	0	37	43	281	42	38	39	303	43	33	33	29	32	42	34	40	32	18	217	260	31	34	16	369	0	42	313	0	39	38	40	41	96	38	30	37	37
0	223	235	0	191	0	0	0	0	0	0	0	0	0	62	210	0	70	0	0	0	0	69	0	0	242	0	69	0	0	0	0	231	201	0	230	0	0	0	0	212	264	0	0	0	0	0	0	214	0	207	0	0	0	0	67	0	219	201	205	0	0	0	219	219	201	0	0	0	0	243	0	0	0	0	0	0	68	202	71	232	0	0	0	0	0
29	32	31	0	33	31	0	27	0	0	0	0	0	0	0	0	27	0	31	0	29	0	0	304	0	33	32	0	367	27	28	332	0	28	29	32	0	0	0	0	223	138	0	0	0	0	34	31	27	0	0	0	32	0	0	33	33	0	26	26	0	26	0	29	33	25	0	26	30	210	30	0	33	0	0	0	0	32	235	34	0	0	0	23	30	0
0	0	0	217	0	0	0	0	0	0	0	0	0	0	0	0	0	0	0	0	0	0	0	322	0	0	0	0	129	0	0	127	0	0	0	0	0	0	0	0	0	0	0	0	0	0	146	137	0	0	0	0	139	0	0	0	134	0	0	0	0	0	0	0	0	0	0	0	136	0	0	0	139	0	0	296	0	0	0	0	0	0	0	0	0	0
0	0	0	0	0	0	0	0	0	0	0	0	0	0	0	0	0	0	0	0	0	0	0	0	0	0	0	0	0	0	0	0	0	0	0	0	0	0	0	0	0	0	0	0	0	0	0	0	0	0	0	0	0	0	0	0	0	0	0	0	190	0	0	42	0	0	0	37	0	0	0	0	0	0	0	0	0	0	0	0	0	0	0	0	0	0
124	137	135	95	128	122	147	119	112	149	77	70	111	144	127	118	120	144	129	150	130	142	146	129	143	135	134	135	138	125	136	137	132	111	129	136	110	118	218	110	125	92	149	64	147	141	156	145	109	66	142	156	148	148	139	127	0	143	123	122	98	119	153	118	137	124	161	111	147	118	112	154	152	74	151	143	140	135	135	140	141	0	143	122	144	134
0	0	0	0	0	0	0	0	0	0	0	190	264	0	0	0	0	0	0	0	0	0	0	0	0	0	0	0	0	0	0	0	0	0	0	0	215	0	118	0	0	0	0	206	0	0	0	0	0	226	0	0	0	0	0	0	0	0	0	0	0	0	0	0	0	0	204	0	0	0	0	0	0	0	0	0	0	0	0	0	0	0	0	0	0	0
0	0	0	0	0	0	137	0	195	0	0	0	0	133	0	0	0	0	0	139	0	131	0	0	0	0	0	0	0	0	0	0	0	0	0	0	0	233	0	0	0	0	138	0	0	130	0	0	0	0	132	145	0	137	216	0	0	0	0	0	0	0	142	0	0	0	0	0	0	239	225	0	0	0	140	0	0	0	0	0	0	0	0	0	0	0
56	62	224	0	190	0	64	55	273	63	34	197	209	62	54	51	56	62	58	66	58	61	0	59	63	63	60	62	68	55	59	60	63	202	57	64	153	173	193	50	213	41	0	147	64	63	70	66	52	195	61	70	68	67	62	59	65	68	55	54	163	53	67	218	63	55	136	0	62	52	246	248	67	111	67	58	64	61	60	63	0	2	60	0	63	58
14	14	14	11	14	14	15	15	13	15	12	0	10	13	14	13	14	12	14	13	14	13	12	13	14	15	13	15	15	13	13	254	15	14	0	14	11	332	0	13	14	14	14	137	14	14	18	16	15	0	13	0	16	15	15	13	17	15	14	13	12	13	14	14	15	14	9	11	247	16	265	7	15	0	15	14	0	14	14	14	15	0	12	0	14	13
87	92	89	0	88	84	101	0	76	102	53	0	50	99	87	80	82	96	90	104	88	94	96	0	98	92	93	92	0	87	0	0	92	0	90	92	52	156	0	77	87	61	101	0	100	0	0	0	72	0	95	108	0	103	94	89	0	97	84	86	71	82	104	80	94	86	0	0	0	78	0	0	0	0	104	0	96	93	0	95	97	97	98	82	96	89
218	122	244	207	0	214	131	198	196	132	194	218	245	127	192	215	108	127	200	133	117	125	129	0	126	225	122	0	0	0	122	0	245	209	117	209	204	234	242	96	193	191	132	191	130	124	0	0	222	243	126	139	0	131	124	188	0	0	112	183	90	182	136	256	237	198	201	0	0	109	227	255	0	239	134	0	124	203	237	251	129	0	127	110	128	119
55	61	60	40	57	58	63	54	50	62	33	29	31	61	53	50	55	61	57	65	57	60	61	254	62	62	59	61	218	54	58	261	62	52	56	63	148	116	246	218	57	0	62	120	63	62	359	314	51	30	60	69	286	66	61	58	304	0	54	53	45	52	66	56	62	54	30	50	257	51	54	28	377	165	66	305	63	60	59	62	63	220	59	50	62	57
0	0	0	0	0	0	0	212	179	0	0	0	98	0	0	0	0	0	0	0	0	0	0	0	0	0	0	0	0	0	0	0	0	0	0	0	248	0	167	0	0	147	0	162	0	0	0	0	0	153	0	0	0	0	0	0	0	0	0	0	0	0	0	279	0	0	0	0	0	0	0	0	0	0	0	0	0	0	0	0	0	0	0	0	0	0
0	0	0	0	0	0	0	0	0	0	0	0	0	0	0	0	0	0	0	0	0	0	0	259	0	0	0	0	0	0	0	0	0	0	0	0	0	0	0	0	0	0	0	0	0	0	0	0	0	0	0	0	287	0	0	0	0	0	0	0	0	0	0	0	0	0	0	0	0	0	0	0	372	0	0	0	0	0	0	0	0	0	0	0	0	0
0	0	0	0	0	0	0	0	0	0	0	0	0	128	0	0	0	0	0	0	0	0	0	317	0	0	0	122	229	0	0	356	0	0	0	0	0	0	0	0	0	0	0	0	0	0	369	355	0	0	0	0	136	132	0	0	355	130	0	0	0	0	0	0	0	0	0	0	133	0	0	239	136	0	0	130	0	0	0	0	0	0	0	0	129	0
58	65	63	43	60	0	67	57	52	66	36	182	202	65	57	54	59	65	61	69	61	0	64	0	66	66	63	65	72	58	62	63	66	0	60	67	173	81	253	53	60	152	66	143	67	66	73	70	0	33	64	0	72	70	64	62	69	71	58	57	0	56	70	0	66	58	114	206	66	54	0	0	71	181	70	62	0	63	63	66	67	208	62	54	65	61
0	0	0	0	0	0	0	0	0	0	0	0	0	0	0	0	0	0	0	0	0	0	0	0	0	0	0	0	0	0	0	0	0	0	0	0	112	0	0	0	0	0	0	0	0	0	0	0	0	0	0	0	0	0	0	0	0	0	0	0	0	0	0	0	0	218	0	0	0	0	0	0	0	0	0	0	0	0	0	0	0	0	0	0	0	0
41	0	0	0	43	45	0	0	0	0	0	0	0	0	39	0	39	0	0	0	43	0	46	0	0	0	45	0	0	0	42	0	0	39	0	47	0	0	0	37	43	0	46	0	0	47	0	0	37	0	0	0	0	51	0	45	0	0	0	0	35	38	0	0	0	0	0	0	0	0	41	0	0	0	50	0	0	0	0	0	0	0	0	36	0	0
0	153	195	0	0	139	165	135	128	167	0	0	0	162	0	0	0	0	0	168	0	160	0	146	161	153	0	150	0	0	0	155	149	128	0	153	0	126	0	0	0	252	167	0	165	158	177	166	126	0	158	174	167	166	156	0	161	158	0	0	0	0	171	0	154	0	0	235	167	134	128	0	173	0	168	164	157	0	0	0	0	0	159	0	162	151
0	0	0	0	0	0	0	0	0	0	0	0	0	0	0	0	0	0	0	0	0	0	0	0	0	0	0	0	345	0	0	0	0	0	0	0	0	0	0	0	0	0	0	0	0	0	154	0	0	0	0	0	242	0	0	0	299	0	0	0	0	0	0	0	0	0	0	0	0	0	0	0	0	0	0	0	0	0	0	0	0	0	0	0	0	0
0	0	0	0	0	0	0	0	0	0	0	0	0	0	0	0	0	0	0	0	0	0	0	155	0	0	0	0	0	0	0	0	0	0	0	0	0	0	0	0	0	0	0	0	0	0	187	176	0	0	0	0	178	0	0	0	172	0	0	0	0	0	0	0	0	0	0	0	0	0	0	0	264	0	0	0	0	0	0	0	0	0	0	0	0	0
0	0	0	0	0	0	0	0	0	0	0	0	0	0	0	0	0	0	0	0	0	0	0	300	0	0	0	0	217	0	0	209	0	0	0	0	0	0	0	0	0	0	0	0	0	0	327	326	0	0	0	0	262	0	0	0	225	0	0	0	0	0	0	0	0	0	0	0	152	0	0	0	0	0	0	148	0	0	0	0	0	0	0	0	0	0
0	0	0	0	0	0	76	0	0	76	0	0	0	75	0	0	0	0	0	79	0	74	0	0	76	0	0	0	0	0	0	0	0	0	0	0	0	94	0	0	0	0	76	0	77	0	0	0	0	0	0	83	0	80	74	0	0	0	0	0	0	0	80	0	0	0	0	0	0	0	0	0	0	0	0	0	77	0	0	0	0	0	72	0	0	0
0	204	91	0	233	0	219	0	0	104	0	0	0	211	187	0	193	219	206	221	219	222	98	0	224	243	0	194	0	0	0	0	0	0	0	0	0	0	0	0	186	0	221	0	0	207	0	0	74	0	209	110	0	0	95	206	0	217	195	206	158	208	106	0	267	200	0	0	0	0	0	0	0	0	215	0	204	238	198	255	245	231	100	191	0	202
67	73	71	164	69	225	212	232	237	77	200	159	149	0	68	197	191	215	201	218	206	75	74	0	219	212	74	0	298	67	72	0	208	0	71	242	275	300	224	60	197	263	77	114	78	75	247	0	0	238	73	84	0	81	75	190	230	226	193	66	155	65	81	268	75	182	0	216	0	246	62	0	0	0	0	361	78	229	246	232	77	19	73	178	243	0
198	36	35	0	37	35	38	30	28	38	17	0	0	35	30	28	31	34	35	38	33	37	35	31	37	37	36	37	37	31	32	34	36	31	33	36	0	165	0	29	35	167	0	0	37	36	38	35	30	0	34	40	37	39	36	37	37	40	30	30	26	30	39	32	37	29	0	29	35	236	33	0	36	0	39	32	36	36	36	38	38	79	35	27	34	35
68	0	209	0	70	0	77	0	0	78	0	0	0	0	69	195	190	0	195	80	207	76	75	71	218	211	189	208	79	68	73	0	0	191	72	198	0	259	0	61	196	210	0	0	79	225	82	78	0	0	74	85	79	82	76	189	79	216	187	67	0	185	82	0	227	67	0	0	0	0	0	0	0	0	0	69	0	74	248	231	78	23	0	179	0	225
0	0	0	0	0	270	0	0	0	0	0	0	0	0	0	0	0	0	0	0	0	0	0	397	0	278	0	0	446	0	0	418	280	0	0	0	0	0	0	0	0	306	0	0	0	0	413	430	0	0	0	0	405	0	0	0	0	0	0	0	0	0	0	0	295	0	0	0	0	0	0	0	416	0	0	394	0	0	0	0	280	0	0	0	281	0
159	174	168	0	164	157	185	153	0	188	0	90	152	183	161	151	153	181	162	189	163	179	182	0	181	174	167	169	0	158	170	0	169	147	164	174	95	223	87	140	161	113	187	82	186	179	0	0	146	86	179	194	0	0	177	162	0	177	153	154	0	151	192	155	175	157	83	141	0	153	217	0	0	0	189	0	177	170	172	178	178	164	179	151	184	171
0	0	0	0	0	0	65	0	0	64	0	0	0	63	0	0	0	0	0	67	0	62	62	0	0	0	0	0	0	0	0	0	0	0	0	0	0	48	0	0	0	0	64	0	65	0	0	0	0	0	0	0	0	0	0	0	0	0	0	0	46	0	68	0	0	0	0	0	0	0	0	0	0	0	68	0	65	0	0	0	0	0	0	0	0	0
65	0	69	50	67	67	74	63	58	74	135	213	172	73	65	61	65	73	69	77	0	72	0	287	74	73	71	72	252	65	69	314	0	0	68	74	131	148	160	221	67	270	74	0	75	72	266	369	0	175	221	81	288	78	72	70	286	77	65	64	192	63	78	196	73	65	162	219	310	217	0	273	366	257	78	283	75	71	70	74	74	0	70	61	71	67
0	0	0	0	0	0	0	0	0	0	0	0	0	0	0	0	0	0	0	0	0	0	0	0	0	0	0	0	158	0	0	158	0	0	0	0	0	0	0	203	0	0	0	0	0	0	180	259	0	0	0	0	170	0	0	0	164	0	0	0	0	0	0	0	0	0	0	0	170	0	0	0	176	0	0	167	0	0	0	0	0	0	0	0	0	0
0	0	173	0	0	0	0	0	0	0	0	0	0	0	167	0	159	0	0	0	0	0	0	0	0	0	0	0	0	0	0	0	0	0	0	0	0	0	0	0	0	0	0	0	0	0	0	0	0	0	0	0	0	0	0	0	0	0	0	0	0	0	0	0	183	0	0	0	0	0	0	0	0	118	0	0	0	0	0	0	0	0	0	0	0	0
0	0	0	0	107	0	0	0	0	0	0	0	0	0	0	0	0	0	0	0	0	0	0	0	0	0	0	0	0	0	0	0	0	0	0	0	0	0	0	0	0	0	0	0	0	0	0	0	0	0	0	0	0	0	0	0	0	0	0	0	83	0	0	0	0	0	0	0	0	0	256	0	0	0	0	0	0	0	0	0	0	0	0	0	0	0
0	0	0	97	0	0	0	121	0	0	79	0	0	0	0	0	0	0	0	0	0	0	0	131	0	0	0	0	140	0	0	139	0	0	0	0	0	0	258	0	0	0	0	66	0	0	158	147	0	126	0	0	150	0	0	0	143	0	0	0	0	0	0	0	0	0	149	113	149	0	0	0	154	0	0	145	0	0	0	0	0	0	0	0	0	0
0	0	0	0	0	0	0	0	0	0	0	0	0	0	0	0	0	0	0	0	0	0	0	0	0	0	0	0	0	0	0	0	0	0	0	0	0	0	63	0	0	0	0	0	0	0	0	0	0	0	0	0	0	0	0	0	0	0	0	0	0	0	0	0	0	0	62	0	0	0	0	0	0	216	0	0	0	0	0	0	0	0	0	0	0	0
0	0	0	0	0	0	0	0	0	0	0	0	0	0	0	0	0	0	0	0	0	0	0	335	0	0	0	0	361	0	0	126	0	0	0	0	0	0	0	0	0	0	0	0	0	0	287	135	0	0	0	0	137	0	0	0	292	0	0	0	0	0	0	0	0	202	0	266	134	0	0	0	137	0	0	335	0	0	0	0	0	0	0	0	0	0
0	0	0	0	0	0	0	0	0	0	0	0	0	0	0	0	0	0	0	0	0	0	0	0	0	0	0	0	209	0	0	324	0	0	0	0	0	0	0	0	0	0	0	0	0	0	263	293	0	0	0	0	258	0	0	0	199	0	0	0	0	0	0	0	0	0	0	0	322	0	0	0	343	0	0	0	0	0	0	0	0	0	0	0	0	0
0	0	0	0	0	0	0	0	0	0	0	0	0	0	0	0	0	0	0	0	0	0	0	194	0	0	0	0	204	0	0	349	0	0	0	0	0	0	0	0	0	0	0	0	0	0	337	344	0	0	0	0	141	0	0	0	252	0	0	0	0	0	0	0	0	0	0	0	139	0	0	0	142	0	0	133	0	0	0	0	0	0	0	0	0	0
12	0	12	0	0	0	13	13	11	13	0	0	0	11	0	0	12	10	12	11	12	11	10	0	12	0	0	0	0	0	0	0	0	0	13	0	0	144	0	0	0	0	12	0	12	12	0	0	0	0	11	13	0	13	13	0	0	0	0	0	0	0	13	0	0	0	0	0	0	14	0	0	0	0	13	0	12	0	0	0	0	0	11	0	12	11
173	189	182	131	179	174	204	170	157	206	158	169	163	200	176	165	168	198	176	207	178	195	201	208	200	191	181	185	324	172	186	217	186	166	178	191	124	189	201	153	175	180	205	0	203	197	217	306	163	193	198	213	316	205	194	177	238	196	167	169	139	165	210	173	193	171	148	156	238	169	166	134	305	226	208	314	196	188	190	194	196	52	195	165	203	190
0	0	0	0	0	0	0	0	0	0	0	0	0	0	0	0	0	0	0	0	0	0	0	0	0	0	0	0	0	0	0	0	0	0	0	0	0	0	0	0	0	0	0	130	0	0	0	0	0	0	0	0	0	0	0	0	0	0	0	0	0	0	0	0	0	0	0	0	0	0	0	155	0	0	0	0	0	0	0	0	0	0	0	0	0	0
64	70	68	49	66	66	73	62	57	73	220	188	200	72	64	60	64	72	68	76	67	71	71	69	73	72	70	71	394	64	68	70	72	58	67	73	175	91	33	57	66	48	73	31	74	71	80	77	58	170	70	80	78	77	71	69	76	76	64	63	54	62	77	64	72	64	105	207	73	59	60	36	78	183	77	67	74	70	69	73	73	135	69	60	70	66
0	0	0	0	0	0	0	246	250	0	0	0	0	0	0	0	0	0	0	0	0	0	0	240	0	0	0	0	368	0	0	276	0	170	0	0	0	0	0	0	0	0	0	0	0	0	303	0	236	0	0	0	352	0	0	0	0	0	0	0	0	0	0	0	0	0	0	0	273	206	0	0	0	0	0	0	0	0	0	0	0	0	0	0	0	0
0	0	0	213	0	0	0	0	0	0	0	223	235	34	0	0	0	0	0	0	0	0	0	0	0	0	0	0	0	0	0	0	0	0	0	0	169	0	0	0	0	0	0	0	0	0	0	0	0	0	0	0	0	0	0	0	0	0	0	0	0	0	0	0	0	0	0	0	0	0	0	178	0	208	0	0	0	0	0	0	0	0	0	0	0	0
0	0	0	0	0	0	37	0	0	0	0	0	0	0	0	0	0	0	0	0	0	0	0	0	0	0	0	0	0	0	0	0	0	0	0	0	0	15	0	0	0	0	36	0	0	0	0	0	0	0	0	39	0	38	0	0	0	0	0	0	0	0	38	0	0	0	0	0	0	0	0	0	0	0	0	0	35	0	0	0	0	0	34	0	0	0
54	60	59	182	56	189	62	53	49	61	221	187	201	60	52	49	54	60	56	64	56	59	60	57	61	61	58	60	66	53	57	59	61	187	55	62	176	57	250	0	56	148	61	144	62	61	69	64	218	171	59	68	67	65	60	57	64	66	53	52	44	51	65	55	61	53	108	205	61	50	53	233	65	182	65	57	62	59	58	61	62	0	58	49	61	56
0	0	0	0	0	0	0	0	0	0	0	0	0	0	0	0	0	0	0	0	0	0	0	91	0	0	0	0	100	0	0	95	0	0	0	0	0	0	0	0	0	0	0	0	0	0	110	104	0	0	0	0	102	0	0	0	0	0	0	0	0	0	0	0	0	0	0	0	101	0	0	0	102	0	0	94	0	0	0	0	0	0	0	0	0	0
0	0	0	0	0	0	0	0	0	0	0	0	0	132	0	0	0	0	0	0	0	0	0	0	0	0	0	0	0	0	0	235	244	0	0	0	0	21	0	0	0	0	0	0	0	0	0	0	0	0	0	0	0	0	0	0	0	0	0	0	0	0	0	0	0	0	0	0	0	0	0	0	0	0	0	0	128	0	0	0	0	0	132	0	0	0
0	0	0	0	0	0	0	0	0	0	0	0	0	0	0	0	0	0	0	0	0	0	0	370	0	0	0	0	418	0	0	393	0	0	0	0	0	0	0	0	0	0	0	93	0	0	382	402	0	0	0	0	376	0	0	0	394	0	0	0	0	0	0	0	0	0	0	0	389	0	0	0	388	0	0	370	0	0	0	0	0	0	0	0	0	0
0	0	0	0	0	0	0	0	0	0	0	0	0	0	0	0	0	0	0	0	0	0	0	0	0	0	0	0	0	0	0	0	0	0	195	0	0	0	161	0	0	0	0	0	0	0	0	0	0	28	0	0	0	0	0	0	0	0	0	0	197	0	0	0	0	0	164	0	0	0	0	191	0	0	0	0	0	0	0	0	0	0	0	0	0	0
69	74	72	0	71	69	0	65	60	0	0	0	0	0	70	63	0	77	72	0	70	0	76	0	0	0	75	0	0	69	74	0	75	0	73	76	0	263	0	62	69	0	0	0	0	76	0	0	0	0	75	86	0	0	0	73	0	0	67	68	56	66	0	0	76	68	0	0	0	61	0	0	0	0	0	0	0	75	73	77	79	233	0	63	74	0
59	0	64	44	61	61	228	58	53	67	141	171	34	66	58	55	0	66	62	70	62	65	65	0	67	67	64	0	73	0	0	0	0	0	61	68	38	25	247	54	61	189	67	27	68	67	74	71	0	34	65	74	0	71	65	63	70	0	59	58	0	0	71	0	67	59	32	0	67	55	0	0	72	37	71	0	68	64	64	67	68	224	63	55	66	223
0	127	125	140	0	113	0	239	207	0	222	0	0	0	0	0	0	0	0	0	0	0	0	0	0	126	0	0	0	0	0	0	123	102	0	127	242	0	130	0	0	208	0	247	0	0	0	0	194	211	0	0	0	0	0	0	0	0	0	0	0	0	0	112	128	0	244	248	0	0	105	121	0	141	0	0	0	126	0	130	0	219	0	0	135	0
0	0	0	0	0	0	0	0	0	0	0	0	0	0	0	0	0	0	0	0	0	0	0	249	0	0	0	0	320	0	0	269	0	0	0	0	0	0	0	0	0	0	0	0	0	0	360	316	0	0	0	0	280	0	0	0	302	0	0	0	0	0	0	0	0	0	0	0	272	0	0	0	370	0	0	310	0	0	0	0	0	0	0	0	0	0
0	0	0	0	0	0	0	0	0	0	0	0	0	0	0	0	0	0	0	0	0	0	0	252	0	0	0	0	290	0	0	259	0	0	0	0	0	0	0	0	232	0	0	0	0	0	364	311	0	0	0	0	283	0	0	0	306	0	0	0	0	0	0	0	0	0	0	0	266	0	0	0	374	0	0	312	0	0	0	0	0	0	0	0	0	0
0	0	0	0	0	0	0	0	0	0	0	0	0	0	0	0	0	0	0	0	0	0	0	0	0	0	0	0	0	0	0	0	0	0	0	0	0	0	0	255	0	0	0	0	0	0	0	0	0	0	0	0	0	0	0	0	0	0	0	0	263	0	0	0	0	0	0	0	0	0	0	0	0	0	0	0	0	0	0	0	0	0	0	0	0	0
86	91	88	0	87	83	100	80	0	101	52	0	49	98	86	79	81	0	89	103	87	93	95	0	97	91	92	91	0	86	91	0	91	71	89	91	51	111	0	76	86	60	100	0	99	94	0	0	71	49	94	107	0	102	93	88	0	96	83	85	70	81	103	79	93	85	0	0	0	77	0	0	0	52	103	0	95	92	90	94	96	0	97	81	95	88
0	126	0	0	0	0	0	0	0	0	0	0	0	0	0	0	0	0	0	0	216	0	0	0	0	0	0	0	0	0	0	0	0	0	0	0	0	0	0	0	0	0	0	0	0	0	0	0	0	0	0	0	0	0	0	0	0	0	0	0	0	0	0	0	0	188	0	0	0	0	0	0	0	0	0	0	0	0	0	0	0	0	0	0	0	0
0	0	0	0	0	0	0	0	0	0	0	0	0	0	0	0	0	0	0	0	0	0	0	182	0	0	0	0	0	0	0	194	0	0	0	0	0	0	0	0	0	0	0	0	208	0	221	210	0	0	204	0	211	0	0	0	195	0	0	0	0	0	0	0	0	0	0	0	209	0	0	0	217	0	0	202	0	0	0	0	0	0	0	0	0	0
207	116	116	242	111	219	125	204	190	127	66	58	105	121	200	103	212	121	217	127	0	118	123	299	120	117	117	116	123	0	116	120	238	174	187	117	65	205	57	0	187	78	126	232	123	118	139	129	241	129	120	133	132	125	116	113	129	123	107	222	85	214	129	243	118	208	56	97	127	103	179	59	130	66	128	124	119	117	116	120	123	0	121	105	121	112
0	0	0	0	0	0	0	0	0	0	0	0	0	0	0	0	0	0	0	0	0	0	0	0	0	0	0	0	240	0	0	0	0	0	0	0	0	0	0	0	0	228	0	0	0	0	281	387	0	0	0	0	0	0	0	0	372	0	0	0	0	0	0	0	0	0	0	0	0	0	0	0	0	0	0	0	0	0	0	0	0	0	0	0	0	0
63	69	67	48	65	0	72	0	0	72	40	35	38	221	63	59	63	71	67	75	66	70	70	68	72	71	69	0	77	63	67	69	71	57	66	72	125	51	32	0	65	0	72	30	73	0	79	76	57	37	69	79	77	76	70	68	75	75	63	62	53	61	76	63	71	63	34	57	72	0	59	35	77	41	76	0	73	69	68	72	72	215	68	59	0	65
0	0	0	153	0	0	0	0	0	0	0	151	257	0	0	0	0	0	0	0	0	0	0	0	0	0	0	0	0	0	0	0	0	0	0	0	217	0	181	0	0	0	0	16	0	0	0	0	0	158	0	0	0	0	0	0	0	0	0	0	0	0	0	0	0	0	126	0	0	0	0	18	0	23	0	0	0	0	0	0	0	0	0	0	0	0
0	0	0	0	0	0	0	163	0	0	0	0	0	0	0	0	0	0	0	0	0	0	0	0	0	0	0	0	0	0	0	0	0	0	0	0	0	0	0	0	0	0	0	92	0	0	0	0	0	0	0	0	0	0	0	0	0	0	0	0	0	0	0	0	0	0	0	148	0	0	0	0	0	0	0	0	0	0	0	0	0	0	0	0	0	0
0	0	0	0	0	0	0	0	0	0	0	0	0	0	0	0	0	0	0	0	0	0	0	387	0	0	0	0	0	0	0	0	0	0	0	0	289	0	287	0	0	300	0	275	0	0	0	0	0	271	0	0	0	0	0	0	0	0	0	0	0	0	0	0	0	0	271	0	0	0	0	0	0	0	0	386	0	0	0	0	0	0	0	0	0	0
0	0	0	147	0	0	0	0	0	0	0	125	120	0	0	0	0	0	0	0	0	0	0	0	0	0	0	0	0	0	0	0	0	0	0	0	256	0	104	0	0	0	0	240	0	0	0	0	0	233	0	0	0	0	0	0	0	0	0	0	0	0	0	0	0	0	243	0	0	0	0	228	0	146	0	0	0	0	0	0	0	0	0	0	0	0
0	0	0	0	0	0	0	0	0	0	0	0	0	0	0	0	0	0	0	0	0	0	0	0	0	0	0	0	205	0	0	0	0	0	0	0	0	0	0	0	0	0	0	0	0	0	328	0	0	97	0	0	0	0	0	0	268	0	0	0	0	0	0	0	0	0	90	0	0	0	0	0	0	0	0	270	0	0	0	0	0	0	0	0	0	0
0	0	0	0	0	38	41	32	0	41	0	0	0	39	0	0	0	38	0	42	0	41	39	35	40	40	0	40	40	0	0	38	40	0	0	40	0	1	0	0	0	25	40	0	40	40	43	38	31	0	38	44	41	43	39	0	40	44	0	0	0	0	43	35	41	0	0	31	38	32	35	0	40	0	43	35	40	40	39	41	42	0	39	0	38	38
0	0	0	0	0	0	0	0	0	0	0	0	0	0	0	0	0	0	0	0	0	0	0	0	0	0	0	0	0	0	0	0	0	0	0	0	0	0	214	0	0	0	0	0	0	0	0	0	0	139	0	0	0	0	0	0	0	0	0	0	0	0	0	0	0	0	0	0	0	0	0	0	0	0	0	0	0	0	0	0	0	0	0	0	0	0
0	0	0	0	0	144	170	0	0	172	0	0	0	0	0	0	0	0	0	0	149	165	0	0	166	0	0	0	0	0	0	0	154	0	0	158	0	84	0	0	0	0	172	0	170	0	0	0	0	0	0	0	261	0	161	0	0	0	0	0	0	0	176	140	159	0	0	0	0	0	0	0	341	0	0	0	0	0	0	0	0	0	164	140	169	0
0	117	117	82	0	0	0	106	0	0	67	0	63	122	0	0	0	0	0	128	0	0	124	0	121	0	0	0	0	0	0	121	0	0	0	118	66	242	58	0	0	0	127	55	0	119	0	130	0	59	121	134	0	126	117	0	0	0	0	0	0	0	0	0	0	0	0	98	128	0	0	60	131	67	0	0	120	0	117	0	0	133	0	0	0	113
0	0	0	0	0	0	0	0	0	0	0	0	0	0	0	0	0	0	0	0	0	0	0	39	0	0	0	0	44	0	0	42	0	0	0	0	0	0	0	0	0	0	0	0	0	0	47	42	0	0	0	0	0	0	0	0	44	0	0	0	0	0	0	38	0	0	0	0	42	0	37	0	303	0	0	0	0	0	0	0	0	0	0	0	0	0
0	0	5	0	0	0	0	0	0	0	0	0	0	0	0	0	0	0	0	0	0	0	0	0	0	0	0	0	0	0	0	0	0	0	0	0	0	0	0	0	0	0	0	0	0	0	0	0	0	0	0	0	0	0	0	0	0	0	0	0	0	0	0	0	0	0	0	0	0	0	0	4	0	0	0	0	0	0	0	0	0	0	0	0	0	0
0	0	0	0	0	0	0	0	0	0	0	0	0	0	0	0	0	0	0	0	0	0	0	34	0	0	0	0	39	0	0	37	0	0	0	0	0	0	0	0	0	0	0	0	0	0	42	37	0	0	0	0	40	0	0	0	39	0	0	0	0	0	0	0	0	0	0	0	37	0	0	0	39	0	0	34	0	0	0	0	0	0	0	0	0	0
0	0	0	0	0	0	0	0	0	0	0	0	0	0	0	0	74	0	0	0	0	0	0	192	0	0	0	81	0	0	81	0	0	0	0	0	0	0	0	0	0	0	0	0	0	0	0	0	0	0	0	0	327	0	0	0	0	0	74	0	63	73	0	0	0	0	0	0	0	0	0	0	0	0	0	0	0	0	0	0	0	0	0	0	0	0
0	0	0	0	0	0	0	0	0	0	0	0	0	0	0	0	0	0	0	0	0	0	0	0	0	0	0	0	0	0	0	221	0	0	0	0	0	0	0	0	0	0	0	0	0	0	229	0	0	0	0	0	0	0	0	0	0	0	0	0	0	0	0	0	0	0	0	0	234	0	0	0	0	0	0	0	0	0	0	0	0	0	0	0	0	0
0	0	0	155	0	0	0	82	77	0	0	46	51	0	0	0	0	0	0	0	0	0	0	0	0	0	0	0	0	0	0	0	0	0	0	0	0	0	0	0	0	0	0	95	0	0	0	0	73	51	0	0	0	0	0	0	0	0	0	0	72	0	0	0	0	0	46	0	0	79	0	47	0	54	0	0	0	0	0	0	0	0	0	0	0	0
0	0	0	0	0	0	0	231	235	0	0	0	0	0	0	0	0	0	0	0	0	0	0	0	0	0	0	0	0	0	0	0	0	0	0	0	0	0	0	0	0	0	78	0	0	0	0	0	0	0	0	0	0	0	0	0	0	0	0	0	0	0	0	0	0	0	0	200	0	247	0	0	0	0	0	0	79	0	0	0	0	0	74	0	0	0
0	0	0	0	0	0	0	0	0	0	0	0	0	0	0	0	0	0	0	0	0	0	0	165	0	0	0	0	175	0	0	173	0	0	0	0	0	0	0	0	0	0	0	0	0	0	198	187	0	0	0	0	188	0	0	0	182	0	0	0	0	0	0	0	0	0	0	0	185	0	0	0	195	0	0	183	0	0	0	0	0	0	0	0	0	0
0	0	0	0	0	0	0	0	0	0	157	246	275	0	0	0	0	0	0	0	0	0	0	0	0	0	0	0	0	0	0	0	0	0	0	0	222	0	0	0	0	171	0	0	0	0	0	0	0	0	0	0	0	0	0	0	0	0	0	0	0	0	0	0	0	0	0	258	0	0	0	143	0	260	0	0	0	0	0	0	0	0	0	0	0	0
0	0	0	0	0	0	0	0	0	0	0	0	0	0	0	0	0	0	0	0	0	0	0	0	0	0	0	0	0	0	0	0	0	53	0	0	0	0	0	0	0	0	0	0	0	0	0	0	53	0	0	0	0	0	0	0	0	0	0	0	0	0	0	57	0	0	0	0	0	0	0	0	0	0	0	0	0	0	0	0	0	0	0	0	0	0
0	0	0	0	0	0	0	0	0	0	0	0	0	0	0	0	0	0	0	0	0	0	0	0	0	0	0	0	0	0	0	0	0	218	0	0	0	0	0	0	0	0	0	0	0	0	0	0	235	0	0	0	0	0	0	0	0	0	0	0	0	0	0	0	0	0	0	0	0	0	257	0	0	0	0	0	0	0	0	0	0	0	0	0	0	0
57	64	62	42	59	60	0	56	51	65	0	31	0	64	56	53	58	64	60	68	60	63	63	61	65	65	62	64	70	57	61	62	65	0	59	66	0	279	29	52	59	43	65	26	66	65	72	68	0	32	63	72	70	0	0	61	67	70	57	56	47	55	69	58	65	57	0	52	64	53	0	30	69	36	69	60	66	62	62	65	0	104	61	53	64	60
0	0	0	0	0	0	0	0	0	0	0	0	0	0	0	0	0	0	0	0	0	0	0	0	0	0	0	0	0	0	0	14	0	0	0	0	0	0	0	0	0	0	0	0	0	0	14	0	227	164	0	0	14	0	0	0	14	0	0	0	0	0	0	0	0	11	0	0	0	11	0	0	0	0	0	0	0	0	0	0	0	0	0	0	0	0
0	0	0	0	0	0	0	0	0	0	117	0	69	0	0	0	0	0	0	0	0	0	0	0	0	0	0	0	0	0	0	0	0	0	0	0	0	0	0	0	0	0	0	0	0	0	0	0	0	0	0	0	0	0	0	0	0	0	0	0	0	0	0	0	0	0	0	0	0	0	107	0	0	0	0	0	0	0	0	0	0	0	0	0	0	0
0	27	27	20	26	26	29	0	0	28	208	109	109	25	0	0	0	25	0	27	0	27	24	0	27	28	24	27	0	0	0	0	28	0	0	27	252	180	125	22	26	132	28	237	28	27	0	0	0	225	24	28	0	29	28	26	0	29	0	0	0	0	28	0	241	0	233	0	0	0	0	199	0	244	29	0	28	26	27	28	28	0	24	0	0	0
0	0	39	0	0	0	0	0	0	0	0	18	0	0	0	0	0	0	0	0	0	0	0	36	0	0	0	0	41	0	0	39	0	33	0	0	24	0	0	0	0	0	0	0	0	0	44	39	0	160	0	0	42	0	0	0	41	0	0	0	0	0	0	0	0	0	252	0	39	0	0	177	41	0	0	36	0	0	0	0	0	0	0	0	0	0
0	0	0	0	0	0	0	0	0	0	0	0	0	0	0	0	0	0	0	0	0	0	0	0	0	0	0	0	0	0	0	0	0	0	0	0	0	0	0	0	0	269	0	0	0	0	0	0	0	0	0	0	0	0	0	0	0	0	0	0	0	0	0	0	0	0	0	250	0	0	205	0	0	0	0	0	0	0	0	0	0	0	0	0	0	0
0	0	0	208	0	0	0	0	0	0	0	220	246	0	0	0	0	0	0	0	0	0	0	0	0	0	0	0	0	0	0	0	0	0	0	0	203	0	241	0	0	0	0	192	0	0	0	0	0	244	0	0	0	0	0	0	0	0	0	0	0	0	0	0	0	0	197	0	0	0	0	104	0	240	0	0	0	0	0	0	0	0	0	0	0	0
0	0	0	0	0	0	0	0	0	0	0	44	0	0	0	0	0	0	0	0	0	0	0	88	0	0	0	0	97	0	0	93	0	0	0	0	0	0	43	0	0	0	0	0	0	0	107	101	0	0	0	0	100	0	0	0	99	0	0	0	0	0	0	0	0	0	0	72	99	0	0	45	99	0	0	0	0	0	0	0	0	61	0	0	0	0
37	41	41	0	0	40	43	0	31	43	22	0	0	0	35	32	176	40	0	0	39	43	0	253	0	42	41	0	0	35	38	260	42	0	38	42	0	0	0	33	39	241	0	0	0	0	0	0	0	0	0	0	0	0	41	41	0	0	35	35	31	34	0	0	43	34	0	176	267	0	0	0	0	0	45	0	0	42	0	0	0	128	41	32	0	0
0	0	0	0	0	0	0	0	0	0	0	0	0	0	0	0	0	0	0	0	0	0	0	360	0	0	0	0	0	0	0	363	0	0	0	0	0	0	0	0	0	0	0	0	0	0	0	229	0	0	0	0	366	0	0	0	0	0	0	0	0	0	0	0	0	0	0	0	367	0	0	0	230	0	0	0	0	0	0	0	0	0	0	0	73	0
181	0	0	0	0	0	0	0	0	0	0	189	210	0	0	0	196	0	66	0	220	0	0	0	0	0	68	0	0	213	66	0	0	0	65	0	154	0	0	56	0	0	0	0	0	206	0	0	0	201	0	0	0	0	0	0	0	0	0	0	166	207	0	0	0	0	0	168	0	0	0	257	0	109	0	0	0	0	0	0	0	3	0	192	0	0
0	0	0	193	0	0	0	0	0	0	0	0	0	0	0	0	0	0	0	0	0	0	0	0	0	0	0	0	0	0	0	0	0	0	0	0	0	0	0	0	0	0	0	221	0	0	0	0	0	78	0	0	0	0	0	0	0	0	0	0	0	0	0	0	0	0	0	160	0	0	0	0	0	0	0	311	0	0	0	0	0	0	0	0	0	0
0	0	0	165	0	0	0	0	0	0	201	161	148	0	0	0	0	0	0	0	0	0	0	0	0	0	0	0	0	0	0	0	0	0	0	0	276	0	223	0	0	0	0	113	0	0	0	0	0	240	0	0	0	0	0	0	0	0	0	0	0	0	0	0	0	0	152	0	0	0	0	241	0	191	0	0	0	0	0	0	0	0	0	0	0	0
0	0	0	0	0	0	0	0	0	0	0	243	0	0	0	0	0	0	0	0	0	0	0	72	0	0	0	0	80	0	0	73	0	0	0	0	0	0	172	0	0	0	0	0	0	0	83	79	0	0	0	0	80	0	0	0	81	0	0	0	0	0	0	0	0	0	0	0	76	0	0	0	79	0	0	70	0	0	0	0	0	0	0	0	0	0
0	0	0	0	0	0	0	0	0	0	0	0	157	0	0	0	0	0	0	0	0	0	0	0	0	0	0	0	0	0	0	0	0	0	0	0	84	0	0	0	0	0	0	0	0	0	0	0	0	0	0	0	0	0	0	0	0	0	0	0	0	0	0	0	0	0	0	0	0	0	0	189	0	0	0	0	0	0	0	0	0	0	150	0	0	0
0	0	0	0	0	0	0	0	0	0	0	0	0	0	0	0	0	0	0	0	0	0	0	0	0	0	0	215	0	0	0	0	0	0	0	0	0	0	0	0	0	0	0	0	0	0	0	0	0	0	0	0	0	0	0	0	0	211	0	0	0	0	0	0	0	0	0	265	0	0	0	0	0	0	0	0	0	0	0	0	0	0	0	0	0	0
28	31	30	24	32	30	33	256	261	33	133	14	15	30	25	23	26	29	30	33	28	32	30	309	32	32	31	32	0	26	27	371	32	27	28	31	19	167	14	26	31	22	32	12	32	31	231	350	26	15	29	35	319	34	31	32	332	35	25	25	21	25	34	0	32	24	14	25	371	256	29	13	379	18	34	256	31	31	32	33	33	38	30	22	31	30
0	0	0	0	0	0	0	0	0	0	0	0	0	0	0	0	0	0	0	0	0	0	0	121	0	0	0	214	128	0	0	0	0	0	0	0	0	0	0	0	0	0	0	0	0	0	145	136	0	0	0	0	138	0	0	0	342	129	0	0	0	0	0	0	0	0	0	0	135	0	0	0	138	0	0	131	0	0	0	0	0	0	0	0	0	0
0	67	0	0	0	0	0	0	0	0	0	0	0	0	0	0	0	0	0	0	0	0	0	0	0	0	0	67	74	0	0	0	0	0	0	0	0	0	0	0	0	0	0	0	0	0	76	73	0	0	0	0	74	0	0	0	72	0	0	0	0	0	0	0	0	0	0	0	0	0	0	0	74	0	0	64	0	0	0	0	0	0	0	0	0	0
0	0	0	0	0	0	0	211	200	0	0	0	0	0	0	0	0	0	0	0	0	0	0	0	0	0	0	0	310	0	0	0	0	0	0	0	0	0	0	0	0	0	0	0	0	0	0	0	0	0	0	0	0	0	0	0	0	0	0	0	0	0	0	0	0	0	0	0	0	0	0	0	0	0	0	0	0	0	0	0	0	0	0	0	0	0
0	0	0	0	0	222	0	0	0	0	0	0	0	0	0	0	0	76	0	0	0	0	0	0	0	0	0	0	0	0	0	72	207	0	0	0	0	0	0	0	0	0	0	0	0	0	0	0	0	0	0	0	0	0	0	0	0	0	0	0	0	0	0	0	0	0	0	0	75	0	0	0	0	0	81	0	0	0	0	0	0	0	0	0	0	0
0	0	0	0	0	0	0	0	0	0	0	0	0	0	0	0	0	0	0	0	0	0	0	221	0	0	0	0	305	0	0	196	0	0	0	0	0	0	0	0	0	0	0	0	0	0	319	255	0	0	0	0	228	0	0	0	344	0	0	0	0	0	0	0	0	0	0	0	218	0	0	0	260	0	0	220	0	0	0	0	0	0	0	0	0	0
144	158	156	0	149	0	0	140	132	0	0	121	117	0	147	138	139	166	149	173	0	0	166	0	0	0	154	155	0	145	156	0	0	133	150	0	245	0	0	126	146	0	0	0	0	163	0	0	131	0	163	179	0	0	0	147	0	163	142	143	117	138	0	0	0	144	0	203	0	139	133	259	0	144	0	0	0	0	0	0	0	0	0	0	0	156
0	0	0	0	0	0	0	0	0	0	0	0	0	0	26	24	0	0	0	0	0	0	0	344	0	0	0	0	235	0	0	311	0	0	0	0	0	0	0	0	228	0	0	0	0	0	351	381	0	0	0	0	342	0	0	0	231	0	0	0	22	0	0	0	0	0	0	0	296	0	0	0	288	0	0	348	0	0	0	0	0	0	0	0	0	0
0	0	0	0	0	0	0	0	0	0	0	0	0	0	0	0	0	0	0	0	0	0	0	82	0	0	0	0	93	0	0	89	0	0	0	0	0	0	0	0	0	0	0	0	0	0	99	96	0	0	0	0	94	0	0	0	94	0	0	0	0	0	0	0	0	0	0	0	91	0	0	0	93	0	0	85	0	0	0	0	0	0	0	0	0	0
0	0	0	0	0	0	0	0	0	0	0	0	0	0	0	0	0	0	0	0	0	0	0	0	0	0	0	0	0	0	0	0	0	0	0	0	0	0	0	0	0	0	0	0	142	0	0	0	0	0	0	0	0	0	0	0	0	0	0	0	0	0	0	0	0	0	0	0	0	0	0	0	0	0	0	0	135	0	0	0	0	0	0	0	0	0
0	0	0	0	0	0	0	0	0	0	0	0	0	0	0	0	0	0	0	0	0	0	0	256	0	0	0	0	0	0	0	0	0	0	0	0	0	0	15	0	0	0	0	0	0	0	358	0	0	0	0	0	0	0	0	0	0	0	0	0	0	0	0	0	0	0	16	0	0	0	0	0	0	0	0	309	0	0	0	0	0	0	0	0	0	0
0	0	0	0	0	0	0	0	0	0	0	0	0	0	0	0	0	277	0	0	0	0	0	0	0	0	0	0	0	0	0	0	0	0	0	0	0	0	0	0	0	0	0	0	0	0	0	0	0	0	0	0	0	0	0	0	0	0	0	0	0	0	0	0	0	0	0	0	0	0	0	0	0	0	273	0	0	0	0	0	0	0	272	0	0	0
62	68	66	47	64	64	70	61	56	70	39	34	37	69	61	58	62	69	65	73	65	68	68	67	70	70	67	68	76	62	65	68	70	56	64	71	41	0	31	55	64	47	70	29	71	70	78	75	56	36	68	77	76	74	68	66	74	74	62	61	0	60	74	62	70	62	229	56	71	58	58	0	76	40	74	66	71	67	67	70	71	119	66	58	69	64
0	0	0	0	0	205	0	0	243	0	0	0	0	0	0	0	216	0	0	0	0	0	0	0	211	0	0	0	0	0	0	0	0	0	0	0	0	0	0	0	0	0	0	0	0	208	0	0	0	0	0	0	0	0	0	0	0	0	0	0	0	0	0	0	0	0	0	0	0	0	0	0	0	0	0	0	0	0	0	0	0	0	0	0	0	0
0	0	0	0	0	0	0	0	0	0	0	0	0	0	0	0	0	0	0	0	0	0	0	0	0	0	0	0	0	0	0	0	0	54	0	0	0	0	0	0	0	0	0	0	0	0	0	0	54	0	0	0	0	0	0	0	0	0	0	0	0	0	0	59	0	0	0	53	0	0	56	0	0	0	0	0	0	0	0	0	0	0	0	0	0	0
0	0	0	51	0	0	0	0	0	0	0	0	0	0	0	0	0	0	0	0	0	0	0	229	0	0	0	0	227	0	0	0	0	0	0	0	0	0	0	0	0	0	0	152	0	0	0	217	0	0	0	0	212	0	0	0	208	0	0	0	0	0	0	0	0	0	0	0	243	0	0	0	270	203	0	208	0	0	0	0	0	0	0	0	0	0
0	0	0	0	0	0	0	234	236	0	211	0	0	224	0	0	0	217	0	224	0	120	229	0	222	0	0	0	0	0	0	0	0	0	0	0	0	0	0	0	0	0	0	0	125	222	0	0	0	0	205	0	0	218	209	0	0	0	0	0	0	0	131	0	0	0	0	0	0	0	0	0	0	0	0	0	209	0	0	0	0	0	0	0	0	114
0	0	0	0	0	0	0	0	0	0	0	0	0	0	0	0	0	0	0	0	0	0	0	0	0	0	0	75	239	0	0	71	0	0	0	0	0	0	0	0	0	0	0	0	0	0	0	0	0	0	0	0	0	0	0	0	78	0	0	0	0	0	0	0	0	0	0	0	220	0	0	240	254	190	0	0	0	0	0	0	0	0	0	0	0	224
0	81	79	0	0	0	0	0	0	0	0	0	0	0	0	0	0	0	0	0	0	0	0	0	84	0	0	0	0	0	0	0	0	0	0	0	0	0	0	0	0	0	0	0	0	0	0	0	0	0	0	0	0	0	82	0	0	0	0	0	0	0	88	0	0	0	0	0	0	0	0	0	0	0	0	0	0	0	0	0	0	0	82	0	0	0
0	0	0	0	0	0	0	0	0	0	0	0	0	0	0	0	0	0	0	0	0	0	0	6	0	0	0	0	7	0	0	0	0	0	0	0	0	0	0	0	0	0	0	0	0	0	0	0	0	0	0	0	0	0	0	0	0	0	0	0	0	0	0	0	0	0	0	0	0	0	0	0	0	0	0	0	0	0	0	0	0	0	0	0	0	0
0	0	0	0	0	0	0	0	0	0	0	0	0	0	0	0	0	0	0	72	0	0	0	0	0	0	0	0	0	0	0	66	0	0	0	0	0	0	0	0	0	0	0	0	0	0	0	0	0	0	0	0	0	0	0	0	0	0	0	0	0	0	0	0	0	0	0	0	69	0	0	0	0	0	0	0	0	0	0	0	0	0	0	0	0	0
0	0	0	0	0	0	0	0	0	0	74	0	0	0	0	0	0	0	0	0	0	0	142	0	0	0	0	131	0	0	0	0	0	0	0	0	0	0	0	0	0	0	0	0	0	0	0	0	0	0	0	0	0	0	0	0	0	0	0	0	0	0	0	0	0	0	0	0	0	0	0	0	0	0	0	0	0	0	0	0	0	0	0	0	0	0
0	0	0	0	0	0	0	81	0	0	0	45	0	0	0	0	0	0	0	0	0	0	0	0	0	0	0	0	98	0	0	94	0	0	0	0	0	0	0	0	0	0	0	0	0	0	108	102	0	0	0	0	101	0	0	0	100	0	0	0	0	0	0	0	0	0	0	73	0	0	76	0	100	0	0	0	0	0	91	0	0	0	0	0	0	0
0	0	0	146	0	0	0	0	0	0	215	127	121	0	0	0	0	0	0	0	0	0	0	0	0	0	0	0	0	0	0	0	0	0	0	0	254	0	100	0	0	0	0	241	0	0	0	0	0	235	0	0	0	0	0	0	0	0	0	0	0	0	0	0	0	0	242	0	0	0	0	229	0	147	0	0	0	0	0	0	0	0	0	0	0	0
71	0	0	0	73	0	0	0	0	0	0	0	0	0	72	65	69	0	74	0	72	0	0	0	0	0	0	0	0	71	76	0	0	0	75	0	0	0	0	0	71	0	0	0	0	0	0	0	0	0	0	0	0	0	0	0	0	0	69	70	0	68	0	0	0	70	0	0	0	0	0	0	0	0	0	0	0	0	0	0	0	0	0	65	0	0
148	162	160	113	153	148	174	144	136	176	0	0	0	171	151	0	0	170	153	177	0	168	170	154	170	162	158	159	166	0	0	163	158	137	154	162	0	331	178	0	150	224	176	205	174	167	186	175	135	0	167	183	177	175	165	151	171	167	0	0	0	0	180	144	163	0	0	131	175	0	137	0	183	0	177	173	0	159	161	166	166	120	167	0	173	160
0	29	29	0	0	28	31	0	0	30	156	0	269	27	0	0	0	27	0	0	0	29	26	0	29	237	26	0	0	0	0	0	30	0	0	29	0	297	0	0	28	0	30	217	30	29	0	0	0	0	26	30	0	31	30	28	0	31	0	0	0	0	30	0	30	0	217	275	0	0	0	0	0	186	31	0	0	28	29	30	30	105	26	0	0	28
0	0	0	62	0	0	0	0	0	0	0	0	0	0	0	0	0	0	0	0	0	0	0	0	0	0	0	0	0	0	94	0	0	0	0	0	0	0	44	0	0	0	0	42	0	0	0	0	0	50	0	0	0	0	0	0	0	0	0	0	0	0	0	0	0	0	45	0	0	0	0	46	0	53	0	0	0	0	0	0	0	0	0	0	0	0
0	0	0	0	0	0	0	255	194	0	0	0	0	0	0	0	0	0	0	0	0	0	0	0	0	0	0	0	0	0	0	0	0	0	0	0	0	0	0	0	0	0	0	0	0	0	0	0	0	0	0	0	0	0	0	0	336	0	0	0	0	0	0	255	0	0	0	0	0	0	0	0	0	0	0	0	0	0	0	0	0	0	0	0	134	0
0	0	0	0	0	0	0	0	0	0	0	0	0	0	0	0	0	0	0	0	0	0	0	33	0	0	0	0	38	0	0	36	0	0	0	0	0	0	0	0	0	0	0	0	0	0	40	36	0	0	0	0	39	0	0	0	38	0	0	0	0	0	0	0	0	0	0	0	36	0	0	0	304	0	0	0	0	0	0	0	0	0	0	0	0	0
0	0	0	0	0	0	80	0	0	81	0	0	0	0	0	0	0	79	0	0	0	0	78	0	0	0	0	0	0	0	0	0	0	0	0	0	0	12	0	0	0	0	0	0	0	78	0	0	0	0	77	0	0	0	0	0	0	0	0	0	0	0	0	0	0	0	0	0	0	0	0	0	0	0	0	0	0	0	0	0	0	0	0	0	0	72
0	0	0	27	0	0	0	34	0	0	0	152	256	41	0	0	0	0	39	0	0	0	0	38	42	0	0	42	43	0	0	41	0	0	0	0	201	0	189	0	0	0	0	97	0	42	0	41	0	157	0	46	44	45	0	0	43	46	0	0	0	0	45	0	0	0	19	0	41	34	0	17	43	211	0	38	42	0	0	0	44	0	0	0	40	0
0	0	0	0	0	0	0	0	0	0	0	0	0	0	0	0	0	0	0	0	0	0	0	0	0	0	0	0	200	0	0	239	0	0	0	0	0	0	0	0	0	0	0	0	0	0	348	262	0	0	0	0	241	0	0	0	0	0	0	0	0	0	0	0	0	0	0	0	256	0	0	0	273	0	0	0	0	0	0	0	0	0	0	0	0	0
0	0	0	0	0	0	0	0	0	0	0	0	0	0	0	0	0	0	0	0	0	0	0	0	0	0	0	0	0	0	0	0	0	0	0	0	0	0	0	39	0	0	0	0	0	0	0	0	0	0	0	0	0	0	0	0	0	0	0	0	0	40	0	0	0	0	0	0	225	0	0	0	0	0	0	0	0	0	0	0	0	0	0	0	0	0
200	0	0	237	196	0	0	0	0	0	0	229	0	0	0	0	0	0	189	0	201	0	0	388	0	248	0	0	0	0	0	410	0	0	0	0	0	0	288	209	190	0	0	276	0	0	402	0	0	272	0	0	395	0	0	214	353	0	0	0	0	212	0	0	252	0	272	0	353	0	0	0	406	0	0	0	0	0	226	206	0	206	0	198	110	0
0	0	0	0	0	0	0	0	0	0	0	0	0	0	0	0	0	0	0	0	0	0	0	0	0	0	0	0	268	0	0	96	0	0	0	0	0	0	0	0	0	0	0	0	0	0	111	371	0	0	0	0	103	0	0	0	209	0	0	0	0	0	0	0	0	0	0	0	102	0	0	0	289	0	0	95	0	0	0	0	0	0	0	0	0	0
141	155	153	108	146	141	167	137	130	169	0	261	254	164	144	135	136	163	146	170	146	162	163	148	163	155	151	152	157	142	153	157	151	130	147	155	211	158	106	124	143	242	169	196	167	160	179	168	128	254	160	176	169	168	158	144	163	160	139	140	114	135	173	137	156	141	191	255	169	136	130	253	0	117	170	166	159	152	154	159	159	0	161	137	164	153
184	0	0	0	0	0	0	0	0	0	0	0	0	0	0	212	0	0	0	0	0	0	0	0	0	0	215	0	0	0	0	0	235	0	221	229	0	0	0	0	0	0	0	0	0	0	0	0	0	0	0	0	0	0	0	0	0	0	0	0	0	0	0	0	0	0	0	0	0	0	78	0	0	0	0	0	0	0	0	0	0	0	0	0	0	0
0	0	0	0	0	0	0	0	0	0	0	0	0	0	0	0	0	0	0	0	0	0	0	0	0	0	0	0	0	0	0	321	0	0	0	0	0	0	0	0	0	0	0	0	0	0	0	0	0	0	0	0	0	0	0	0	0	0	0	0	0	0	0	0	0	0	44	0	323	0	0	0	0	0	0	0	0	0	0	0	0	0	0	0	0	0
0	0	0	0	0	0	66	0	0	0	0	0	33	0	0	0	0	0	0	0	0	0	0	202	0	0	0	0	317	0	0	298	0	0	0	0	37	0	0	0	0	0	0	0	0	0	250	269	0	0	0	0	245	0	0	0	362	0	0	0	0	0	0	0	0	0	0	0	356	0	0	0	321	0	0	250	0	0	0	0	0	0	0	0	0	0
0	0	0	0	0	0	0	0	0	0	0	0	0	0	0	0	0	0	0	0	0	0	0	0	0	0	0	0	199	0	0	0	0	0	0	0	0	0	0	0	0	0	0	0	0	0	0	297	0	0	0	0	0	0	0	0	339	0	0	0	0	0	0	0	0	0	0	0	0	0	0	0	0	0	0	273	0	0	0	0	0	0	0	0	0	0
0	0	0	0	0	0	0	0	0	0	0	0	0	0	0	0	0	0	0	0	0	0	0	0	0	0	0	0	274	0	0	382	0	0	0	0	0	0	0	0	0	0	0	0	0	0	277	267	0	0	0	0	0	0	0	0	240	0	0	0	0	0	0	0	0	0	0	0	137	0	0	0	140	0	0	266	0	0	0	0	0	0	0	0	0	0
157	171	166	118	162	155	182	150	0	185	199	233	181	180	159	149	151	178	160	186	161	176	179	0	178	171	165	166	295	156	167	0	166	144	162	171	93	201	0	138	159	182	184	80	183	176	195	256	143	85	176	191	237	184	174	160	0	174	152	153	0	149	189	152	172	155	97	138	0	150	145	147	192	241	186	221	174	167	169	175	175	147	176	150	181	168
0	0	0	0	0	0	0	0	0	0	0	0	0	0	0	0	0	0	0	211	0	0	0	0	0	0	0	0	0	0	0	0	0	207	0	0	0	0	0	0	0	0	0	0	0	0	0	0	0	0	0	0	0	0	0	0	0	0	0	0	0	0	0	0	0	0	0	0	0	0	235	0	0	0	0	0	0	0	0	0	0	0	0	0	0	0
213	0	0	0	210	0	0	64	59	0	0	0	0	0	184	205	198	0	204	0	209	0	0	261	0	223	216	0	255	207	202	0	214	0	217	255	0	0	0	0	0	49	0	0	0	0	282	385	0	0	0	0	326	0	0	203	0	0	206	212	169	188	0	274	238	195	0	0	291	60	0	0	221	0	0	318	0	237	197	249	247	191	0	181	323	0
0	0	0	0	0	0	0	0	0	0	0	0	161	0	0	0	0	0	0	0	0	0	0	236	0	0	0	0	0	0	0	0	0	0	0	0	0	0	0	49	0	0	0	0	0	0	0	0	0	167	0	0	0	0	0	0	0	0	0	0	0	0	0	0	0	0	0	0	0	0	0	0	266	0	0	0	0	0	0	60	0	0	0	0	0	0
0	0	0	0	0	0	0	257	268	0	0	0	0	0	0	0	0	0	0	0	0	0	0	228	0	0	0	0	32	0	0	0	0	0	0	0	0	0	0	0	0	0	0	0	0	0	0	0	0	0	0	0	322	0	0	0	0	0	0	0	0	0	0	0	0	0	0	0	292	255	0	0	0	0	0	0	0	0	0	0	0	0	0	0	0	0
0	0	0	0	0	0	240	0	0	244	0	0	0	239	0	0	0	243	0	252	0	0	241	0	241	0	0	226	0	0	0	0	0	0	0	0	0	0	0	0	0	0	0	0	0	239	0	0	0	0	242	0	0	237	232	0	0	238	0	0	0	0	234	0	0	0	0	0	0	0	0	0	0	0	235	0	230	0	0	0	0	0	0	0	0	240
0	0	0	0	0	0	0	0	0	0	0	0	186	0	0	0	0	0	0	0	0	0	0	0	0	0	0	0	0	0	0	0	0	0	0	0	138	0	0	0	0	0	0	0	0	224	0	0	0	0	0	0	0	0	0	0	0	0	0	0	0	0	0	0	0	0	0	0	0	0	0	0	0	0	0	0	0	0	0	234	0	0	0	0	0	0
0	0	0	0	0	0	0	0	0	0	0	156	39	0	0	0	0	0	0	0	0	0	0	0	0	0	0	0	0	0	0	0	0	0	0	0	261	0	0	0	0	0	0	0	0	0	0	0	0	38	0	0	0	0	0	0	0	0	0	0	0	0	0	0	0	0	35	0	0	0	0	0	0	42	0	0	0	0	0	0	0	0	0	0	0	0
0	262	0	0	0	254	242	274	286	246	0	0	0	241	230	0	227	0	235	255	234	234	0	0	243	262	250	228	0	227	212	0	260	0	242	0	0	204	0	0	252	0	257	0	236	0	0	0	0	0	244	231	0	240	0	233	0	240	239	236	240	0	237	294	278	231	0	285	0	278	0	0	0	0	237	0	0	254	272	283	264	0	234	0	259	0
0	0	0	0	0	274	0	0	0	279	0	0	0	271	0	0	0	0	0	0	0	0	0	0	0	0	0	0	0	0	0	0	0	0	0	0	0	287	0	0	0	0	0	0	0	0	0	0	0	0	0	0	0	0	0	0	0	0	0	0	0	0	270	0	0	0	0	0	0	0	0	0	0	0	0	246	0	0	0	0	0	0	0	0	0	0
0	0	0	0	0	0	0	0	0	0	0	0	0	0	0	0	0	0	0	0	0	0	0	223	0	0	0	0	64	0	0	367	0	0	0	0	0	0	0	0	0	0	0	0	0	0	84	80	0	0	0	0	363	0	0	0	82	0	0	0	0	0	0	0	0	0	0	0	77	0	0	0	232	0	0	360	0	0	0	0	0	0	0	0	0	0
0	0	0	0	0	0	0	0	0	0	0	0	0	0	0	0	0	0	0	0	0	0	0	0	0	0	0	0	0	0	0	0	0	0	0	0	0	0	198	0	0	0	0	150	0	0	0	0	0	0	0	0	0	0	0	0	0	0	0	0	0	0	0	0	0	0	0	0	0	0	0	223	0	0	0	0	0	0	0	0	0	0	0	0	0	0
66	71	70	0	68	68	75	0	0	75	0	0	0	74	66	62	66	74	70	78	69	73	72	0	75	74	72	73	0	66	70	0	74	0	69	75	0	235	0	58	68	0	75	0	76	73	0	0	0	0	71	82	0	79	73	71	0	78	66	65	55	64	79	0	74	66	0	0	0	0	0	0	0	0	79	0	76	72	71	75	75	108	71	62	0	68
0	0	0	0	0	210	0	0	0	0	0	0	0	0	0	0	0	0	0	0	0	0	0	0	0	0	0	0	0	0	0	0	0	0	0	0	0	0	0	0	0	0	0	0	0	0	0	215	0	0	0	0	0	0	0	0	0	0	0	0	203	0	0	0	0	0	0	0	0	0	0	0	0	0	0	0	0	0	0	0	0	0	254	0	0	0
0	0	0	0	0	0	0	0	0	0	0	0	0	0	0	0	0	0	0	0	0	0	0	0	0	0	0	0	187	0	0	0	0	0	0	0	0	0	0	188	0	0	0	0	0	0	0	0	0	0	0	0	0	0	0	0	190	0	0	0	0	0	0	0	0	0	0	0	199	0	0	0	0	0	0	0	0	0	0	0	0	0	0	0	0	0
0	0	0	0	0	0	0	0	0	0	0	0	0	0	0	0	0	0	0	0	0	0	0	245	0	0	0	0	263	0	0	277	0	0	0	0	0	0	0	0	0	0	0	0	0	0	312	248	0	0	0	0	348	0	0	0	313	0	0	0	0	0	0	0	0	0	0	0	277	112	0	0	246	0	0	261	0	0	0	0	0	0	0	0	0	0
127	140	138	98	131	125	150	122	115	152	80	73	75	147	130	121	0	147	132	153	133	145	149	234	146	138	137	138	246	128	139	0	135	114	132	139	77	49	68	0	128	95	152	67	150	144	280	384	112	68	145	159	325	151	142	130	373	146	126	125	0	122	156	120	140	127	68	114	0	121	115	72	0	77	154	320	143	0	138	143	144	232	0	125	147	137
0	0	0	0	0	0	0	0	0	0	0	0	0	0	0	0	0	0	0	0	0	205	0	0	0	0	0	0	0	0	0	0	0	0	0	0	0	0	0	174	0	0	0	0	0	0	0	0	0	0	0	0	0	0	0	0	0	0	0	0	0	0	0	0	0	0	0	0	0	0	0	0	0	0	0	0	0	0	0	0	0	0	0	0	0	0
0	0	0	0	0	0	0	0	0	0	0	0	0	0	0	0	0	0	0	0	0	0	0	281	0	0	0	0	222	0	0	200	0	0	0	0	0	0	0	0	0	0	0	0	0	0	324	251	0	0	0	0	0	0	0	0	80	0	0	0	0	0	0	0	0	0	0	0	216	0	0	0	259	0	0	0	0	0	0	0	0	0	0	0	0	0
0	0	0	0	0	0	0	0	0	0	0	0	0	0	0	0	0	0	0	0	0	0	0	336	0	0	0	0	363	0	0	204	0	0	0	0	0	0	0	0	0	0	0	0	0	0	288	340	0	0	0	0	309	0	0	0	297	0	0	0	0	0	0	0	0	0	0	0	224	0	0	0	352	0	0	337	0	0	0	0	0	0	0	0	0	0
151	165	163	115	156	151	0	147	139	179	163	85	182	174	154	144	145	173	156	180	155	171	173	157	173	165	161	0	168	151	161	165	161	139	157	165	147	232	237	133	153	229	179	128	177	170	189	178	138	181	170	186	180	178	168	154	174	0	148	149	123	144	183	146	166	150	100	133	177	145	140	84	185	263	180	175	168	162	0	169	169	180	170	146	176	163
0	0	0	0	41	0	0	0	0	0	0	0	0	0	0	0	0	0	0	44	0	0	41	0	0	0	0	0	0	0	0	0	0	0	0	0	0	185	0	0	0	0	0	0	42	0	0	0	0	0	40	0	0	0	0	0	0	0	0	0	0	0	0	37	0	0	0	0	0	0	0	0	0	0	0	0	0	0	41	43	0	0	0	0	0	40
0	0	0	0	0	0	0	0	0	0	176	0	193	77	0	0	0	0	0	0	0	0	0	0	0	0	0	0	0	0	0	0	0	0	198	0	157	0	0	0	0	0	0	0	0	0	0	0	0	162	0	0	0	0	0	0	0	0	0	0	0	0	0	0	0	0	110	0	0	0	0	207	0	0	0	0	0	0	0	0	0	0	0	0	0	0
0	0	0	0	0	0	0	0	0	120	0	0	0	0	0	0	0	0	0	0	0	0	0	0	0	0	0	0	0	0	0	0	0	0	0	0	0	0	0	87	0	0	0	0	0	0	0	0	0	0	0	0	0	0	0	0	0	0	0	0	0	0	0	0	0	0	0	0	0	0	0	0	0	0	0	0	0	0	0	0	0	0	0	0	0	0
0	0	0	0	0	0	0	0	0	0	0	0	19	0	0	0	0	0	0	0	0	0	0	0	0	0	0	0	0	0	0	0	0	0	0	0	0	0	17	0	0	0	0	0	0	0	0	0	0	18	0	0	0	0	0	0	0	0	0	0	0	0	0	0	0	0	0	0	0	0	0	0	0	22	0	0	0	0	0	0	0	0	0	0	0	0
142	156	154	109	147	142	168	138	131	170	126	266	253	165	145	136	137	164	147	171	147	163	164	0	164	156	152	153	161	143	154	159	152	131	148	156	212	100	105	125	144	232	170	197	168	161	181	170	129	253	161	177	172	169	159	145	166	161	140	141	115	136	174	138	157	142	188	126	171	137	131	80	178	87	171	169	160	153	155	160	160	184	162	138	165	154
81	87	84	219	83	80	0	75	201	0	49	41	46	0	82	75	78	0	84	0	83	0	91	83	0	86	88	0	94	82	87	90	87	67	85	86	47	0	40	73	82	56	0	38	0	0	100	97	181	46	90	0	95	0	0	85	95	0	78	80	67	77	0	206	88	80	41	0	92	72	72	43	94	49	0	86	0	87	85	89	91	7	0	76	90	84
0	0	0	142	0	0	0	0	0	0	0	130	0	0	0	0	0	0	0	0	0	0	0	158	0	0	0	0	294	0	0	309	0	0	0	0	0	0	123	0	0	249	0	248	0	0	353	378	0	199	0	0	181	0	0	0	228	0	0	0	0	0	0	0	0	0	249	0	178	0	0	0	186	0	0	176	0	0	0	0	0	0	0	0	0	0
0	0	0	0	0	0	0	0	182	0	0	20	21	0	0	0	0	0	0	47	0	0	0	0	0	0	0	0	0	0	0	0	0	0	0	0	0	0	0	0	0	28	0	0	0	0	0	0	0	0	0	0	0	0	0	0	0	0	0	0	0	0	0	0	0	0	0	232	0	0	0	20	0	25	0	0	0	0	0	0	0	0	0	0	0	0
0	0	0	0	0	0	0	0	0	0	0	0	0	0	0	0	0	0	0	0	0	0	0	0	0	0	0	0	0	0	0	185	0	0	0	0	0	0	0	0	0	0	0	0	0	0	0	0	0	0	0	0	0	0	0	0	371	0	0	0	0	0	0	0	0	0	0	0	0	0	0	0	0	0	0	0	0	0	0	0	0	0	0	0	0	0
145	159	157	111	150	145	171	0	0	173	0	108	108	168	148	139	0	167	150	174	150	0	167	151	167	159	155	156	163	146	157	0	155	134	151	159	89	83	81	0	147	107	173	235	171	164	0	172	132	130	164	180	174	172	162	148	168	164	143	144	118	139	177	141	160	145	231	0	173	0	134	82	181	126	174	171	163	156	158	163	163	15	209	141	0	157
0	0	0	0	0	0	0	0	0	0	0	0	0	0	0	0	0	0	0	0	0	0	0	340	0	0	0	0	308	0	0	325	0	0	0	0	0	0	0	0	0	0	0	0	0	0	48	291	0	0	0	0	46	0	0	0	197	0	0	0	0	0	0	0	0	0	0	0	320	0	0	0	44	0	0	274	0	0	0	0	0	0	0	0	0	0
0	0	0	141	0	0	0	235	188	0	0	0	113	0	0	0	0	0	0	0	0	0	0	142	0	0	0	0	152	0	0	151	0	227	0	0	244	0	129	0	0	220	0	243	0	0	173	162	190	215	0	0	164	0	0	0	157	0	0	0	0	0	0	183	0	0	0	177	163	190	202	168	169	0	0	160	0	0	0	0	0	0	0	0	216	0
0	0	0	0	0	0	0	0	0	0	0	0	0	0	0	0	0	0	0	49	0	0	0	0	0	47	0	47	0	0	0	0	0	0	0	0	0	0	0	0	0	0	0	0	0	0	0	0	0	0	45	0	0	0	0	0	0	52	0	0	0	0	50	0	0	0	0	0	0	0	0	0	0	0	0	0	0	0	0	0	0	0	0	0	0	43
0	0	0	0	0	0	0	0	0	0	0	0	0	0	0	0	0	0	221	0	0	0	0	0	0	0	0	0	0	0	0	0	0	0	0	0	0	0	0	0	0	0	0	0	0	0	0	0	282	0	0	0	0	0	0	0	0	0	0	0	0	0	0	0	0	0	0	0	0	0	0	0	0	0	0	0	0	0	0	0	0	0	0	0	0	0
0	0	0	0	0	0	0	0	0	0	0	0	0	0	0	0	0	0	0	0	0	0	0	369	0	0	0	0	373	0	0	392	0	0	0	0	0	0	0	0	0	0	0	0	0	0	381	401	0	0	0	0	375	0	0	0	393	0	0	0	0	0	0	0	0	0	0	0	388	0	0	0	323	0	0	369	0	0	0	0	0	0	0	0	0	0
185	0	212	0	208	229	0	0	0	0	0	0	0	0	0	0	0	232	215	217	184	0	225	0	0	241	196	0	0	0	0	0	230	0	219	227	0	0	0	167	203	0	0	0	0	0	0	0	0	0	208	0	0	222	0	207	0	0	0	0	0	0	0	262	216	0	0	0	0	214	0	0	0	0	0	0	0	239	200	253	213	0	0	195	0	203
0	0	0	175	0	0	0	0	0	0	0	0	0	0	0	0	0	0	0	0	0	0	0	0	0	0	0	0	0	0	0	0	0	0	0	0	0	0	0	0	0	284	0	129	0	0	0	0	0	0	0	0	0	0	0	0	0	0	0	0	0	0	0	0	0	0	0	0	0	0	224	0	0	225	0	0	0	0	0	0	0	0	0	0	0	0
0	0	0	0	0	0	0	0	0	0	0	0	0	0	0	0	0	0	0	0	0	0	0	0	0	0	0	0	387	0	0	0	0	0	0	0	0	0	0	0	0	0	0	0	0	0	0	0	0	0	0	0	278	0	0	0	0	0	0	0	0	0	0	0	0	0	0	0	0	0	0	0	0	0	0	0	0	0	0	0	0	0	0	0	0	0
0	0	0	0	0	0	0	0	0	0	0	0	0	0	0	0	0	0	0	0	0	0	0	166	0	0	0	0	176	0	0	174	0	0	0	0	0	0	0	0	0	0	0	0	0	0	199	188	0	0	0	0	189	0	0	0	266	0	0	0	0	0	0	0	0	0	0	0	186	0	0	0	196	0	0	184	0	0	0	0	0	0	0	0	0	0
146	160	158	0	151	146	172	142	134	174	92	84	84	169	149	140	141	168	151	175	151	166	168	152	168	160	156	157	164	147	158	302	156	135	152	160	90	30	0	128	148	108	174	0	172	165	184	173	133	0	165	181	175	173	163	149	169	165	144	145	119	140	178	142	161	146	79	129	295	141	135	0	182	0	175	339	164	157	159	164	164	8	165	142	0	158
140	154	152	107	145	140	166	136	129	168	0	82	82	163	143	134	135	162	145	169	145	161	162	0	162	154	150	151	0	141	152	0	150	129	146	154	87	2	78	123	142	104	168	74	166	159	0	0	127	77	159	175	0	167	157	143	0	159	138	139	113	134	172	136	155	140	77	125	0	135	129	79	0	86	169	0	158	151	153	158	158	9	160	136	163	152
0	0	0	0	0	0	0	0	0	0	0	0	0	0	0	0	0	128	0	0	0	0	0	0	0	0	0	0	0	0	0	0	121	173	0	0	0	0	0	0	0	0	0	0	0	0	0	0	240	0	0	0	0	0	0	0	0	0	0	0	0	0	0	0	0	0	0	103	0	0	212	0	0	0	0	0	0	0	0	0	0	0	0	0	0	0
0	0	0	0	0	156	184	0	0	187	0	0	0	182	0	0	0	0	0	188	0	178	181	0	180	173	0	168	0	0	0	0	168	146	0	173	0	271	0	0	0	0	186	0	185	178	0	0	0	0	178	0	0	186	176	0	0	176	0	0	0	0	0	0	174	0	0	0	0	0	147	0	0	0	188	0	176	169	171	177	177	0	178	0	0	170
0	0	0	0	0	0	0	0	0	0	0	0	0	32	0	0	0	0	0	0	0	0	0	0	0	0	0	34	0	0	0	0	0	0	0	0	0	0	0	0	0	0	0	0	0	0	0	0	0	0	0	0	0	0	0	0	0	37	0	0	0	0	36	0	0	0	0	0	0	0	0	0	0	0	0	0	0	0	0	0	0	138	0	0	0	0
0	0	0	0	0	0	126	0	100	0	0	59	0	0	0	0	0	0	0	0	0	119	0	117	0	0	0	117	124	0	0	0	0	0	0	0	0	0	0	0	0	79	0	0	124	0	140	0	0	0	0	0	133	0	0	0	130	0	0	0	0	0	130	105	119	0	57	0	0	0	0	0	0	0	129	125	0	118	0	0	124	0	0	0	123	0
147	161	159	205	152	147	173	143	135	175	164	222	241	170	150	141	142	169	152	176	152	167	169	153	169	161	157	158	165	148	159	162	157	136	153	161	205	256	243	129	149	109	175	190	173	166	185	174	134	241	166	182	176	174	164	150	170	166	145	146	120	141	179	143	162	147	198	130	174	142	136	212	0	236	176	172	165	158	160	165	165	248	166	143	172	159
0	0	0	0	0	0	0	0	0	0	0	0	52	0	0	0	0	0	0	0	0	0	0	0	0	0	0	0	0	0	0	0	0	0	0	0	54	0	194	0	0	0	0	0	0	0	0	0	0	200	0	0	0	0	0	0	0	0	0	0	0	0	0	0	0	0	139	0	0	0	0	0	0	114	0	0	0	0	0	0	0	0	0	0	0	0
0	0	0	0	0	0	0	0	0	0	0	0	0	79	0	0	0	0	0	83	0	0	0	0	79	0	0	0	0	0	0	0	0	0	0	0	0	69	0	0	0	0	81	0	81	0	0	0	0	0	0	88	0	84	77	0	0	0	0	0	0	0	84	0	0	0	0	0	0	0	0	0	0	0	84	0	0	0	0	0	0	0	77	0	0	0
0	0	0	0	0	167	197	164	0	199	0	0	0	194	0	0	0	192	0	200	0	189	194	0	193	184	0	178	185	0	0	0	179	159	0	184	0	283	0	0	0	0	198	0	197	190	209	197	156	0	191	206	201	198	187	0	189	189	0	0	0	0	204	166	186	0	0	0	197	163	159	0	206	0	201	194	189	181	183	187	189	0	0	0	196	183
0	0	0	0	0	0	0	0	0	0	0	0	0	0	0	0	0	0	0	0	0	0	0	0	0	0	0	0	0	0	0	0	0	0	0	0	0	0	0	0	0	0	0	0	0	0	0	0	0	0	0	0	38	0	0	0	0	0	0	0	0	0	0	0	0	0	0	0	0	0	0	0	0	0	0	33	0	0	0	0	0	0	0	0	0	0
0	0	0	0	0	0	0	0	0	0	0	122	115	0	0	0	0	0	0	0	0	0	0	0	0	0	0	0	0	0	0	0	0	0	0	0	0	0	0	0	0	0	0	0	0	0	0	0	0	0	0	0	0	0	0	0	0	0	0	0	0	0	0	0	0	0	0	0	0	0	0	0	0	0	0	0	0	0	0	0	0	0	134	0	0	0
0	0	0	0	0	0	0	0	0	0	0	0	0	0	0	0	0	0	0	0	0	0	0	0	0	0	0	0	0	0	92	0	0	0	0	0	0	0	0	0	0	63	0	0	0	95	0	0	0	0	0	0	0	0	0	0	0	0	0	0	0	0	0	0	0	0	0	165	0	0	0	0	0	0	0	0	0	0	0	0	0	0	0	0	0	0
0	0	0	181	0	0	0	0	0	0	0	0	0	0	0	0	0	95	0	0	0	0	0	0	0	0	0	0	0	0	0	0	0	0	0	0	0	0	0	0	0	0	0	145	0	0	0	0	0	0	0	0	0	0	0	0	0	0	0	0	0	0	0	0	0	0	0	0	0	0	0	0	0	0	0	0	0	0	0	0	0	0	0	0	0	0
0	0	0	0	0	0	0	0	0	0	0	0	0	0	0	0	0	0	0	0	0	0	0	0	0	0	0	0	319	0	0	0	0	0	0	0	0	0	0	0	0	0	0	0	0	0	363	312	0	0	0	0	284	0	0	0	307	0	0	0	0	0	0	0	0	0	0	0	0	0	0	0	375	0	0	308	0	0	0	0	0	0	0	0	0	0
0	0	0	0	0	0	0	0	0	0	0	0	0	0	0	0	0	0	0	0	0	0	0	90	0	0	0	0	99	0	0	0	0	0	0	0	0	0	0	0	0	0	0	0	0	0	109	103	0	0	0	0	0	0	0	0	0	0	0	0	0	0	0	0	0	0	0	0	0	0	0	0	101	0	0	0	0	0	0	0	0	0	0	0	0	0
0	0	0	0	0	0	0	0	0	0	0	0	0	0	0	0	0	0	0	0	0	0	0	0	0	0	0	0	0	0	0	293	0	0	0	0	0	0	0	0	0	0	0	0	0	0	33	30	0	0	0	0	0	0	0	0	375	0	0	0	0	0	0	0	0	0	0	0	0	0	0	0	32	0	0	27	0	0	0	0	0	0	0	0	29	0
0	0	0	0	0	0	0	0	0	0	0	0	199	0	0	0	0	0	0	0	0	0	0	0	0	0	0	0	0	0	0	0	0	0	0	0	160	0	0	0	0	0	244	0	0	0	334	0	0	0	0	0	292	0	0	0	0	0	0	0	0	0	0	211	0	0	0	212	311	0	262	276	364	255	0	287	0	0	0	0	0	0	0	0	0	226
0	0	0	0	0	0	0	0	0	0	0	191	0	0	0	0	0	0	0	0	0	0	0	0	0	0	0	0	0	0	0	0	0	0	0	0	0	0	0	0	0	0	0	0	0	0	0	0	0	0	72	0	0	0	0	0	0	0	0	0	0	0	0	0	214	0	0	0	0	0	244	0	0	0	0	0	0	0	0	0	0	0	0	0	0	69
167	0	0	0	0	0	0	0	0	0	0	0	0	0	0	0	0	0	0	0	0	0	0	0	0	0	0	0	0	0	0	0	0	0	0	0	0	0	0	0	0	0	0	0	0	0	0	0	0	0	0	0	0	0	0	0	0	190	0	0	0	0	0	0	0	0	0	0	0	0	0	0	0	0	0	0	0	0	0	0	0	43	0	0	197	0
0	0	0	0	134	0	0	0	0	0	0	0	0	0	0	0	0	0	0	0	0	0	0	0	0	0	0	0	0	0	0	0	0	0	0	0	0	0	0	0	0	0	0	0	0	0	0	0	0	0	0	0	0	0	0	0	0	0	0	0	0	0	0	124	0	0	0	0	0	0	0	0	0	0	0	0	0	0	0	0	0	0	0	0	0	0
0	0	0	0	0	0	149	0	0	151	0	0	0	146	0	0	0	0	0	152	0	144	0	0	145	0	0	137	0	0	0	0	0	0	0	0	0	27	0	0	0	0	151	0	149	0	0	0	0	0	0	158	0	150	141	0	0	145	0	0	0	0	0	0	0	0	0	0	0	0	0	0	0	0	153	0	142	0	0	0	0	0	0	0	0	0
75	80	78	54	0	74	84	0	0	85	45	38	42	83	76	69	73	83	78	87	76	81	82	313	83	81	81	80	359	75	80	373	81	0	79	81	44	176	37	68	75	54	85	35	85	82	92	349	0	41	81	93	86	0	81	79	329	83	73	74	62	72	87	0	82	74	38	62	0	0	0	0	0	45	0	326	84	81	79	83	85	159	0	69	0	76
156	170	165	117	0	154	181	0	0	184	95	88	86	179	158	0	150	0	159	185	160	175	178	161	0	170	164	165	0	155	166	0	165	0	161	170	92	29	85	137	158	0	183	79	0	175	193	182	142	84	175	190	184	183	173	159	177	173	151	152	125	148	188	151	171	154	82	137	180	149	144	86	189	92	0	179	173	166	168	174	174	0	175	149	180	0
0	0	0	0	0	0	0	0	0	0	0	0	0	0	0	0	0	0	0	0	0	0	0	297	0	0	0	0	0	0	0	312	0	0	0	0	0	0	0	0	0	0	0	0	0	0	350	375	0	0	0	0	335	0	0	0	216	0	0	0	0	0	0	0	0	0	0	0	298	0	0	0	299	0	0	346	0	0	0	0	0	0	0	0	0	0
0	0	0	197	0	0	0	0	0	0	229	175	226	0	0	0	0	0	0	0	0	0	0	0	0	0	0	0	0	0	0	0	0	0	0	0	165	0	98	0	0	0	0	163	0	0	0	0	0	230	0	0	0	0	0	0	0	0	0	0	0	0	0	0	0	0	123	0	0	0	0	251	0	243	0	0	0	0	0	0	0	0	0	0	0	0
182	0	0	0	0	0	0	0	0	0	0	0	0	0	186	209	192	0	220	0	222	0	0	0	0	0	0	0	0	214	201	0	0	0	222	0	0	0	0	0	0	0	0	0	0	0	0	0	0	0	0	0	0	0	0	0	0	0	191	207	194	204	0	0	0	196	0	0	0	0	0	0	0	0	0	0	0	0	0	0	0	0	0	190	0	0
0	0	0	0	0	0	0	0	0	0	0	0	0	0	0	0	0	0	0	0	0	0	0	0	0	0	0	0	0	0	0	0	0	0	0	0	0	0	0	0	0	0	0	0	0	0	0	0	0	0	0	0	0	0	0	0	0	0	11	0	0	0	0	0	0	0	0	208	352	0	0	0	0	0	0	298	0	0	0	0	0	0	0	0	0	0
0	0	0	0	0	0	0	0	0	0	0	0	0	0	0	0	0	0	0	0	0	0	0	0	0	0	0	0	215	0	0	0	0	0	0	0	0	0	0	0	0	0	0	0	0	0	0	304	0	0	0	0	0	0	0	0	0	0	0	0	0	0	0	0	0	0	0	0	233	0	0	0	0	0	0	0	0	0	0	0	0	0	0	0	0	0
0	0	0	0	0	237	0	0	0	0	248	0	0	0	0	0	0	0	0	0	0	0	0	0	0	249	0	0	0	0	0	0	203	0	0	234	0	0	0	0	0	0	0	0	0	0	0	0	0	0	0	0	0	0	0	0	0	0	0	0	0	0	0	0	209	0	0	0	0	0	0	0	0	0	0	0	0	0	0	0	0	0	0	0	0	0
0	0	0	0	0	0	0	0	0	0	0	0	0	0	0	0	0	0	0	0	0	0	0	0	0	0	0	0	0	0	0	0	0	0	0	0	0	0	0	0	0	0	0	0	0	0	338	345	0	0	0	0	227	0	0	0	257	0	0	0	0	0	0	0	0	0	0	0	0	0	0	0	180	0	0	210	0	0	0	0	0	0	0	0	0	0
0	0	0	0	0	0	0	152	143	0	0	0	0	0	0	0	0	0	0	0	0	0	0	0	0	0	0	0	0	0	0	0	0	0	0	0	0	0	150	0	0	170	0	0	0	0	0	0	145	122	0	0	0	0	0	0	0	0	0	0	0	0	0	154	0	0	0	140	0	152	0	0	0	0	0	0	0	0	0	0	0	0	0	0	183	0
0	0	0	0	120	0	138	0	0	139	0	0	0	0	0	0	0	134	0	140	122	132	136	0	133	0	0	125	0	0	0	0	0	0	0	0	0	179	0	0	0	0	139	0	0	131	0	0	0	0	133	146	0	138	129	0	0	133	0	0	0	0	143	0	0	0	0	0	0	0	0	0	0	0	141	0	0	0	0	0	0	0	0	0	0	126
0	0	0	0	0	0	0	0	0	0	0	0	0	0	0	0	0	0	0	0	0	0	0	199	0	0	0	0	313	0	0	344	0	0	0	0	0	0	0	0	0	0	0	0	0	0	342	332	0	0	0	0	225	0	0	0	251	0	0	0	0	0	0	0	0	0	0	0	346	0	0	0	253	0	0	216	0	0	0	0	0	0	0	0	0	0
0	0	0	0	0	0	0	0	0	0	19	0	0	0	0	0	0	0	0	0	0	0	0	0	0	0	0	0	0	0	0	0	0	0	0	0	0	191	0	31	0	0	0	0	0	0	0	0	0	0	0	0	0	0	0	0	0	0	0	0	0	0	0	0	0	0	0	0	0	0	0	0	0	0	0	0	0	0	0	0	0	0	0	0	0	0
0	0	0	0	0	0	0	0	0	0	0	0	0	0	0	0	0	0	0	0	0	0	0	0	0	0	0	0	167	0	0	0	0	0	0	0	0	0	0	0	0	0	0	0	0	0	0	0	0	0	0	0	179	0	0	0	0	0	0	0	0	0	0	0	0	0	0	0	0	0	0	0	0	0	0	0	0	0	0	0	0	0	0	0	0	0
84	90	87	0	86	0	0	0	0	0	0	0	0	0	85	78	80	0	87	0	86	0	0	0	0	0	90	0	0	85	90	0	0	0	88	0	0	0	0	75	85	0	0	0	0	93	0	0	0	0	93	0	0	0	0	87	0	0	81	83	69	80	0	0	0	83	0	0	0	0	0	0	0	0	0	0	0	90	88	92	94	0	0	79	0	87
152	166	164	0	157	152	177	148	140	180	93	86	85	175	155	145	146	0	157	181	156	172	0	295	174	166	162	0	169	152	162	201	162	140	158	166	0	18	83	134	154	141	180	0	178	0	190	179	139	82	0	0	235	179	169	155	175	170	149	150	124	145	184	147	167	151	80	134	214	146	141	0	261	90	181	218	169	0	164	170	170	176	171	147	177	164
0	0	0	0	0	0	0	0	0	0	0	0	0	0	0	0	0	0	0	0	0	0	0	0	0	0	0	0	380	0	0	0	0	0	0	0	0	0	0	0	0	186	0	0	0	0	0	0	0	0	0	0	0	0	0	0	0	0	0	0	0	0	0	0	0	0	0	0	0	0	0	0	0	0	0	0	0	0	0	0	0	0	0	0	0	0
0	0	0	60	0	0	0	0	0	0	144	148	167	0	0	0	0	0	0	0	0	0	0	0	0	0	0	0	0	0	0	0	0	0	0	0	49	0	42	0	0	0	0	40	0	0	0	0	0	48	0	0	0	0	0	0	0	0	0	0	0	0	0	0	0	0	117	0	0	0	0	244	0	185	0	0	0	0	0	0	0	0	0	0	0	0
0	0	0	0	0	0	0	0	0	0	0	0	0	0	0	0	0	0	0	0	0	0	0	0	0	0	0	0	339	0	0	253	0	0	0	0	0	0	0	0	0	0	0	0	0	0	252	266	0	0	0	0	247	0	0	0	359	0	0	0	0	0	0	0	0	0	0	0	332	0	0	0	311	0	0	251	0	0	0	0	0	0	0	0	0	0
0	0	0	0	0	0	0	0	0	0	0	0	0	0	0	0	0	0	0	0	0	0	0	0	0	0	0	213	0	0	0	0	0	0	0	0	0	0	0	0	0	0	0	0	0	0	0	0	0	0	0	0	0	0	0	0	0	132	0	0	0	0	0	0	0	0	0	0	0	0	0	0	0	0	0	0	0	0	0	0	0	0	0	0	0	0
138	150	149	0	141	136	161	132	126	163	0	0	139	158	140	0	132	158	142	164	0	156	159	0	157	149	147	147	327	137	0	299	146	124	143	150	0	330	0	120	139	217	163	0	161	155	171	160	123	0	156	170	162	162	153	140	337	156	0	135	110	0	167	131	151	0	0	124	358	131	192	197	167	0	165	0	154	148	149	154	155	121	155	0	158	148
0	0	0	0	0	0	0	0	0	0	0	0	0	0	0	0	189	0	0	0	0	0	0	0	0	0	0	0	0	0	0	0	0	0	0	0	0	0	0	0	0	0	236	0	0	0	0	0	0	0	0	0	0	187	0	0	0	0	0	0	128	0	0	0	0	0	0	0	0	0	148	0	0	0	0	0	0	0	0	0	0	0	0	0	0	0
0	0	0	0	0	0	0	182	167	0	0	0	0	0	0	0	0	0	0	0	0	0	0	264	0	0	0	0	0	0	0	284	0	0	0	0	0	0	0	0	0	262	0	0	0	0	0	246	0	0	0	0	353	0	0	0	0	0	0	0	0	0	0	0	0	0	0	243	0	0	0	0	244	0	0	327	0	0	0	270	0	0	0	0	0	0
0	0	0	0	0	0	34	0	0	0	0	0	0	31	0	0	0	30	0	34	0	33	31	0	33	0	0	0	0	0	0	0	0	0	196	0	0	146	0	0	0	0	33	0	0	32	0	0	0	0	30	36	0	35	32	0	0	36	0	0	0	0	35	0	0	0	0	0	0	0	0	0	0	0	35	0	32	0	0	0	0	0	31	0	0	31
0	0	0	0	0	0	0	0	0	0	0	0	0	0	0	0	0	0	0	0	0	0	0	0	0	0	0	0	213	0	0	0	0	0	0	0	0	0	0	0	0	0	0	0	0	0	0	0	0	0	0	0	0	0	0	0	0	0	0	0	0	0	0	0	0	0	0	0	306	0	0	0	0	0	0	0	0	0	0	0	0	0	0	0	0	0
0	0	0	0	0	0	0	0	0	0	0	0	0	0	0	0	0	0	0	0	0	0	0	0	0	0	0	0	0	0	0	0	0	107	0	0	0	0	0	0	0	0	0	0	0	0	0	0	105	0	0	0	0	0	0	0	0	0	0	0	0	0	0	0	0	0	0	0	0	0	0	0	0	0	0	0	0	0	0	0	0	0	0	0	0	0
0	0	0	0	0	0	0	0	0	0	0	0	0	0	0	0	0	0	0	0	0	0	0	0	0	0	0	0	0	0	0	0	0	0	0	0	0	0	0	0	0	83	0	0	0	0	0	0	0	0	0	0	0	0	0	0	0	0	0	0	0	0	0	0	0	0	0	104	0	0	0	0	0	0	0	0	0	0	0	0	0	0	0	0	0	0
0	0	0	0	0	0	0	0	0	0	0	0	0	0	0	0	0	0	0	0	0	0	0	132	0	0	0	0	141	0	0	140	0	0	0	0	0	0	0	0	0	0	0	0	0	0	159	148	0	0	0	0	151	0	0	0	144	0	0	0	0	0	0	0	0	0	0	0	150	0	0	0	155	0	0	146	0	0	0	0	0	0	0	0	0	0
0	0	0	0	0	0	0	0	0	0	0	235	0	0	0	0	0	0	0	0	0	0	0	0	0	0	0	0	18	0	0	0	0	0	0	0	0	0	0	0	0	0	0	0	0	0	0	0	0	0	0	0	0	0	0	0	0	0	0	0	0	0	0	0	0	0	0	0	0	0	0	0	0	0	0	0	0	0	0	0	0	0	0	0	0	0
0	0	0	0	0	0	0	0	0	0	0	0	0	0	0	0	0	0	0	0	0	0	0	0	0	0	0	0	0	0	0	263	0	0	0	0	0	291	0	0	0	286	0	0	0	0	258	0	0	0	0	0	251	0	33	0	0	0	0	0	0	0	0	0	0	0	0	0	0	0	0	0	345	0	0	0	33	0	0	0	0	0	0	0	0	0
0	0	174	0	0	0	0	0	0	0	0	0	0	0	0	0	0	0	0	0	0	0	0	0	0	0	0	0	0	0	0	0	0	0	0	0	0	0	0	146	0	0	0	0	0	0	0	0	0	0	0	0	0	0	0	0	0	0	0	0	133	0	0	0	0	0	0	0	0	0	0	0	0	0	0	0	0	0	0	0	0	0	187	0	0	0
0	0	0	0	0	0	0	0	0	0	0	0	0	0	0	0	0	0	0	0	0	0	0	310	0	0	0	0	374	0	0	244	0	0	0	0	0	0	0	0	0	0	0	0	0	0	299	319	0	0	0	0	299	0	0	0	287	0	0	0	0	0	0	0	0	0	0	0	248	0	197	0	324	0	0	356	0	0	0	0	0	0	0	0	0	0
80	86	83	57	82	79	93	74	70	94	0	103	102	92	81	74	77	91	83	96	82	87	90	0	90	85	87	0	0	81	88	0	86	66	84	85	236	68	140	72	81	150	94	0	92	90	0	0	67	127	89	100	0	96	88	84	0	0	77	79	66	76	96	74	87	79	228	67	0	71	71	0	0	0	97	0	90	86	84	88	90	0	90	75	89	83
0	0	0	0	0	0	0	0	0	0	0	0	53	0	0	0	0	0	0	0	0	0	0	0	0	0	0	0	102	0	0	0	0	0	0	0	0	0	0	0	0	0	0	0	0	0	0	0	0	0	0	0	0	0	0	0	0	0	0	0	0	0	0	0	0	0	0	0	0	0	0	0	0	0	0	0	0	0	0	0	0	0	0	0	0	0
0	0	0	52	0	0	0	68	63	0	44	37	41	0	0	0	0	0	0	0	0	0	0	75	0	0	0	0	85	0	0	79	0	0	0	0	43	0	0	0	0	0	0	34	0	0	89	86	0	40	0	0	83	0	0	0	86	0	0	0	0	0	0	0	0	0	0	0	0	0	0	0	84	44	0	75	0	0	0	0	0	0	0	0	77	0
139	151	150	0	142	137	162	133	174	164	86	0	0	159	141	132	133	159	143	165	143	157	160	141	158	150	148	148	151	138	149	225	147	0	144	151	0	190	0	121	140	102	164	0	162	156	172	161	124	0	157	171	0	163	154	141	156	0	136	136	111	132	168	132	152	137	0	247	0	132	126	0	168	0	166	159	155	0	150	155	156	0	156	134	159	149
158	172	167	119	163	200	183	151	142	186	143	89	87	181	160	150	152	179	161	187	162	177	180	163	0	172	166	167	173	157	168	171	167	145	163	172	94	246	86	0	160	112	185	81	184	177	196	0	144	107	177	192	0	185	175	161	0	175	0	0	127	150	190	153	173	156	160	139	183	151	146	87	193	93	187	181	175	168	170	176	176	0	0	0	182	169
0	0	0	0	0	0	71	0	0	71	0	0	0	70	0	0	0	0	0	74	0	69	0	0	71	0	0	0	0	0	0	0	0	0	0	0	0	79	0	0	0	0	71	0	72	0	0	0	0	0	0	0	0	75	69	0	0	0	0	0	0	0	75	0	0	0	0	0	0	0	0	0	0	0	0	0	72	0	0	0	0	0	67	0	0	0
0	0	0	204	0	0	0	0	0	0	0	221	242	0	0	0	0	0	0	0	0	0	0	0	0	0	0	0	0	0	0	0	0	0	0	0	206	0	244	0	0	0	0	189	0	0	0	0	0	237	0	0	0	0	0	0	0	0	0	0	0	0	0	0	0	0	199	0	0	0	0	211	0	0	0	0	0	0	0	0	0	0	0	0	0	0
0	0	0	116	0	0	0	0	0	0	0	0	0	0	0	0	0	174	0	0	0	0	0	0	0	0	0	162	0	0	0	0	0	0	0	0	91	0	0	0	0	0	0	77	0	0	0	0	0	0	171	0	0	0	0	0	0	0	0	0	0	0	0	0	0	0	0	0	0	0	0	0	0	0	0	0	0	0	0	0	0	0	0	0	0	0
0	0	0	0	0	0	178	0	0	181	0	0	233	176	0	0	0	175	0	0	0	0	175	0	175	0	0	0	0	0	0	0	0	0	0	0	168	119	0	0	0	211	181	0	179	0	0	0	0	0	172	0	0	180	170	0	0	0	0	0	0	0	185	0	0	0	0	0	0	0	0	150	0	0	182	0	0	0	0	0	0	0	0	0	0	165
0	0	0	0	0	0	0	141	133	0	91	0	0	0	0	0	140	0	0	0	0	0	0	0	0	0	0	0	0	0	0	0	0	0	0	0	0	0	0	127	0	0	0	0	0	0	0	0	0	0	0	0	0	0	0	0	0	0	0	0	0	0	0	0	0	0	0	0	0	140	0	0	0	0	0	0	0	0	0	0	0	0	0	0	170	0
0	0	0	0	0	0	0	0	0	0	0	0	150	0	0	0	0	0	0	0	0	0	0	0	0	0	0	0	0	0	0	0	0	180	0	0	0	0	0	0	0	0	0	0	0	0	0	0	243	0	0	0	0	0	0	0	0	0	0	0	0	0	0	0	0	0	0	0	0	0	251	0	0	0	0	0	0	0	0	0	0	0	0	0	0	0
0	0	0	0	0	0	0	0	0	0	0	0	0	0	0	0	0	0	0	41	0	0	0	0	0	0	0	0	0	0	0	0	0	0	0	0	0	0	0	0	0	0	0	0	0	0	0	0	0	0	0	0	0	0	0	0	0	0	0	0	0	0	0	0	0	0	0	190	0	0	0	0	0	0	0	0	39	0	0	0	0	0	0	0	0	0
0	0	0	112	0	0	0	213	0	0	0	0	0	0	0	0	0	0	0	0	0	0	0	0	0	0	0	0	0	0	0	0	0	0	0	0	0	0	82	0	0	105	0	76	0	0	0	0	0	81	0	0	0	0	0	0	0	0	0	0	0	0	0	0	0	0	0	0	0	189	0	83	0	89	0	0	0	0	0	0	0	0	0	0	0	0
0	261	0	0	241	253	241	273	285	245	0	0	0	240	229	225	226	244	0	254	233	0	242	0	242	0	240	227	0	226	211	0	259	0	0	273	0	0	0	230	251	0	256	0	0	240	0	0	0	0	243	230	0	239	233	232	0	239	238	235	239	223	236	0	0	230	0	0	0	277	0	0	0	0	236	0	231	199	0	204	263	166	233	0	258	0
153	167	0	0	158	153	0	249	251	0	0	0	0	0	156	146	0	0	158	0	157	0	0	0	0	167	163	0	0	153	163	0	163	141	159	167	0	0	0	184	155	0	0	0	0	172	0	0	140	0	0	0	0	0	0	156	0	0	150	151	0	146	0	148	168	152	0	135	0	205	142	0	0	0	0	0	0	163	165	171	171	183	0	148	178	0
0	0	0	0	0	0	0	0	0	0	236	0	0	0	0	0	0	0	0	0	0	0	0	0	0	0	0	0	0	0	0	0	0	0	0	0	0	0	0	0	0	0	0	0	0	0	130	0	0	0	0	0	0	0	0	0	0	0	0	0	0	0	0	0	0	0	0	0	0	0	0	0	0	0	0	0	0	0	0	0	0	0	0	0	0	0
0	0	0	0	0	0	0	183	168	0	0	0	0	0	0	0	0	0	0	0	0	0	0	0	0	0	0	0	0	0	0	0	0	0	0	0	0	0	0	0	0	0	0	0	0	0	0	0	0	0	0	0	0	0	0	0	0	0	0	0	0	0	0	224	0	0	0	0	0	200	229	0	0	0	0	0	0	0	0	0	0	0	0	0	219	0
199	219	188	0	207	181	0	0	0	0	0	0	0	0	213	201	201	0	219	0	190	0	0	84	0	204	194	0	0	205	194	370	193	203	216	241	0	0	0	176	220	0	0	0	0	0	0	0	172	0	0	0	96	0	0	198	0	0	199	213	188	199	0	253	253	194	0	0	0	260	0	0	95	0	0	87	0	243	208	261	219	35	0	187	81	0
0	0	0	0	0	0	0	0	0	0	0	0	0	0	0	0	0	0	0	0	0	0	0	220	0	0	0	0	0	0	0	198	0	0	0	0	0	0	0	0	0	0	0	0	0	0	0	0	0	0	0	0	0	0	0	0	343	0	0	0	0	0	0	0	0	0	0	0	219	0	0	0	0	0	0	0	0	0	0	0	0	0	0	0	0	0
0	0	0	0	0	0	0	0	0	0	0	0	0	0	0	0	0	0	0	0	0	0	0	0	0	0	0	0	348	0	0	45	0	0	0	0	0	0	0	0	0	0	0	0	0	0	52	46	0	0	0	0	50	0	0	0	47	0	0	0	0	0	0	0	0	0	0	0	46	0	0	0	48	0	0	43	0	0	0	0	0	0	0	0	0	0
0	0	0	0	0	0	0	0	0	0	0	0	0	0	0	0	0	0	0	0	0	0	0	63	0	0	0	0	0	0	0	64	0	0	0	0	0	0	0	0	0	0	0	0	0	0	0	0	0	0	0	0	0	0	0	0	0	0	0	0	0	0	0	0	0	0	0	0	0	0	0	0	0	0	0	0	0	0	0	0	0	0	0	0	0	0
0	0	0	0	0	0	0	0	0	0	0	0	0	0	0	0	0	0	0	0	0	0	0	0	0	0	0	0	258	0	0	0	0	0	0	0	0	0	0	0	0	0	0	0	0	0	0	299	0	0	0	0	314	0	0	0	235	0	0	0	0	0	0	0	0	0	0	0	0	0	0	0	0	0	0	0	0	0	0	0	0	0	0	0	0	0
27	28	28	21	27	27	30	0	0	29	179	183	205	0	0	0	0	26	27	28	0	28	25	0	28	29	25	28	0	0	0	0	29	0	27	28	172	188	255	23	27	143	29	141	29	28	0	0	0	0	25	29	0	30	29	27	0	30	0	0	0	0	29	0	29	0	106	22	0	0	0	127	0	180	30	0	29	27	28	29	29	117	25	0	0	27
0	0	0	0	0	0	0	0	0	0	0	0	0	0	0	0	0	0	0	0	0	0	0	0	0	0	0	0	0	0	0	0	0	0	0	0	115	0	0	0	0	0	0	0	0	0	0	0	0	0	0	0	0	0	0	0	0	0	0	0	0	0	0	0	0	0	0	0	0	0	0	192	0	0	0	0	0	0	0	0	0	0	0	0	0	0
0	0	0	0	0	0	0	0	0	0	0	0	0	0	0	0	0	0	0	0	68	0	0	0	0	0	0	0	0	0	0	0	73	0	0	0	0	0	0	0	0	0	0	0	0	0	0	0	0	0	0	0	0	0	0	0	0	0	0	0	0	0	0	0	0	0	0	0	0	0	0	0	0	0	0	0	0	0	0	0	0	0	0	0	0	0
0	0	0	0	0	0	0	0	0	0	0	0	127	0	0	0	0	0	0	0	0	0	174	0	0	0	0	0	0	0	0	0	0	0	0	0	270	0	0	0	0	0	0	0	0	171	0	0	0	0	0	0	0	0	0	0	0	0	0	0	0	0	0	0	0	0	0	0	0	0	0	193	0	0	0	0	0	0	0	0	0	0	0	0	0	0
0	0	0	0	0	0	81	0	0	82	0	0	0	80	0	0	0	0	0	84	0	0	0	0	80	0	0	77	0	0	0	0	0	0	0	0	0	8	0	0	0	0	0	0	82	0	0	0	0	0	0	89	0	221	78	0	0	80	0	0	0	0	85	0	0	0	0	0	0	0	0	0	0	0	0	0	81	0	0	0	0	0	78	0	0	0
70	75	73	167	72	70	79	66	61	80	42	36	40	78	71	64	68	78	73	82	71	77	77	74	78	76	76	76	84	70	75	77	76	59	74	77	42	248	35	63	70	133	80	32	80	77	87	84	59	39	76	87	233	83	0	74	84	79	68	69	57	67	83	67	77	69	36	224	79	62	64	37	82	43	83	73	80	76	74	78	80	93	76	64	75	71
0	0	0	0	0	0	0	0	0	0	0	0	0	0	0	0	0	0	0	0	0	0	0	58	0	0	0	0	67	0	0	0	0	0	0	0	0	0	0	0	0	0	0	0	0	0	0	65	0	0	0	0	0	0	0	0	0	67	0	0	0	0	0	0	0	0	0	0	0	0	0	0	66	0	0	0	0	0	0	0	0	0	0	0	0	0
0	0	0	0	0	0	220	0	0	220	0	0	0	0	0	0	0	0	0	0	0	214	231	0	0	0	0	0	0	0	0	0	0	0	0	0	0	0	0	0	0	0	0	0	0	228	0	0	0	0	230	0	0	219	118	0	0	0	0	0	0	0	221	210	0	0	0	213	0	0	0	0	0	0	221	0	0	0	0	0	0	0	0	0	0	0
0	0	0	105	0	0	0	0	173	0	0	199	216	0	0	0	0	0	0	0	0	0	0	0	0	0	0	0	0	0	0	150	0	125	0	0	186	0	75	0	0	0	0	169	0	0	0	0	0	75	0	0	0	0	0	0	0	0	0	0	0	0	0	0	0	0	174	0	162	0	0	245	0	215	0	0	0	0	0	0	0	0	0	0	0	0
0	0	0	0	0	0	0	0	0	0	0	0	0	0	0	0	0	0	0	0	0	0	0	0	0	0	0	0	0	0	0	0	0	0	0	0	0	0	0	0	0	0	238	0	0	0	0	0	239	0	0	0	0	0	0	0	0	0	0	0	0	0	0	0	0	0	0	0	0	0	102	0	0	0	0	0	0	0	0	0	0	0	0	0	0	0
0	0	93	0	0	0	0	0	0	0	0	0	0	0	0	0	0	0	0	0	0	0	0	0	0	0	0	0	0	0	0	0	0	0	0	0	0	0	0	0	0	0	0	0	0	0	0	0	0	0	0	0	0	0	0	0	0	100	0	0	0	0	0	0	0	0	0	0	0	0	0	0	0	0	0	0	0	0	0	98	0	0	0	0	0	0
0	0	0	0	0	0	0	0	0	0	0	0	0	0	0	0	0	0	0	0	0	0	0	0	0	0	0	0	0	0	0	0	0	196	0	0	0	0	0	0	0	0	0	0	0	0	0	0	0	0	0	0	0	0	0	0	0	0	0	0	0	0	0	216	0	0	0	0	0	0	0	0	0	0	0	0	0	0	0	0	0	0	0	0	0	0
0	0	0	0	0	0	0	0	259	0	0	0	0	0	0	0	0	0	0	261	0	0	0	0	0	0	0	0	0	0	0	0	0	0	0	0	0	0	0	0	0	0	0	0	0	0	0	0	0	0	0	0	0	0	0	0	0	0	0	0	0	0	0	0	0	0	0	0	0	0	0	0	0	0	0	0	0	0	0	0	0	0	0	0	0	0
0	0	0	0	0	0	0	0	0	0	0	0	0	0	0	0	0	0	0	0	0	0	0	70	0	0	0	0	78	0	0	271	0	0	0	0	0	0	0	0	0	0	0	0	0	0	81	313	0	0	0	0	282	0	0	0	77	0	0	0	0	0	0	0	0	0	0	0	74	0	0	0	371	0	0	68	0	0	0	0	0	0	0	0	0	0
0	0	0	0	0	0	0	0	0	0	0	0	0	0	0	0	0	0	0	0	0	56	0	0	0	0	0	0	0	0	0	0	0	0	0	0	0	0	0	0	0	0	57	0	0	0	0	0	0	0	0	0	0	0	0	0	0	0	0	0	0	0	0	0	0	0	0	0	0	0	0	0	0	0	0	0	0	0	0	0	0	0	0	0	0	0
0	0	0	159	0	0	0	0	0	0	0	165	0	0	0	0	0	0	0	0	0	0	0	0	0	0	0	0	0	0	0	0	0	0	0	0	0	0	175	0	0	0	0	0	0	0	0	0	0	0	0	0	0	0	0	0	0	0	0	0	0	0	0	0	0	0	0	0	0	0	0	0	0	0	0	0	0	0	0	0	0	0	0	0	0	0
0	0	0	0	0	0	0	176	0	0	0	0	0	214	0	0	0	0	0	0	0	0	0	0	0	0	0	0	385	0	0	0	0	0	0	0	0	0	202	0	0	0	0	0	0	0	0	0	0	0	0	0	0	0	0	0	0	0	0	0	0	0	0	0	0	0	0	0	0	177	0	0	0	0	0	0	0	0	0	0	0	0	0	0	0	0
197	239	0	0	227	193	0	0	0	0	0	0	0	0	201	172	208	0	191	0	202	0	0	0	0	0	0	0	0	0	117	0	205	0	227	0	0	0	0	195	189	0	0	0	0	0	0	0	0	0	0	0	0	0	0	210	0	0	0	216	214	0	0	0	223	203	0	0	0	204	0	0	0	0	0	0	0	196	215	267	0	0	0	0	0	0
0	0	0	0	0	0	0	0	0	0	0	0	0	0	0	0	0	0	0	0	0	0	0	9	0	0	0	0	0	0	0	0	0	0	0	0	0	0	0	0	0	9	0	0	0	0	0	0	0	0	0	0	0	0	0	0	0	0	0	0	0	0	0	0	0	0	0	0	0	0	0	0	0	0	0	0	0	0	0	0	0	0	0	0	0	0
0	0	0	0	0	0	28	0	0	27	0	0	0	0	0	0	0	0	0	26	0	26	0	0	26	0	0	0	0	0	0	0	0	0	0	0	0	105	0	0	0	0	27	0	0	0	0	0	0	0	0	0	0	28	0	0	0	0	0	0	0	0	27	0	0	0	0	0	0	0	0	0	0	0	0	0	0	0	0	0	0	0	202	0	0	0
0	0	0	0	0	0	0	0	0	0	0	0	0	0	0	0	0	0	0	0	0	0	0	89	0	0	0	0	0	0	0	0	0	0	0	0	0	0	0	0	0	0	0	0	0	0	0	0	0	0	0	0	0	0	0	0	0	0	0	0	0	0	0	0	0	0	0	0	100	0	0	0	0	0	0	92	0	0	0	0	0	0	0	0	0	0
137	149	148	104	140	135	160	131	125	162	160	107	106	157	139	130	131	157	141	163	142	155	158	0	156	148	146	146	160	136	148	301	145	123	142	149	220	138	146	119	138	185	162	234	160	154	355	169	122	79	155	169	341	161	152	139	165	155	135	134	109	131	166	130	150	136	232	123	293	130	125	119	287	127	164	0	153	147	148	153	154	0	154	133	157	147
0	0	0	0	0	0	0	0	0	0	0	0	0	0	0	0	0	0	0	0	0	0	0	144	0	0	0	0	153	0	0	153	0	0	0	0	0	0	0	0	0	0	0	0	0	0	175	164	0	0	0	0	226	0	0	0	159	0	0	0	0	0	0	0	0	0	0	0	165	0	0	0	171	0	0	162	0	0	0	0	0	0	0	0	0	0
0	0	0	0	0	0	0	0	0	0	0	0	0	0	0	0	0	0	0	0	0	0	0	0	0	0	0	0	0	0	0	161	0	0	0	0	0	0	0	0	0	0	0	0	0	0	183	0	0	0	0	0	0	0	0	0	0	0	0	0	0	0	0	0	0	0	0	0	0	0	0	0	0	0	0	0	0	0	0	0	0	0	0	0	0	0
0	0	0	0	0	0	0	0	0	0	0	0	0	0	0	0	0	0	0	0	0	0	0	159	0	0	0	0	286	0	0	166	0	0	0	0	0	0	0	0	0	0	0	0	0	0	191	180	0	0	0	0	182	0	0	0	176	0	0	0	0	0	0	0	0	0	0	0	350	0	0	0	187	0	0	177	0	0	0	0	0	0	0	0	0	0
74	79	77	0	76	0	83	69	64	84	0	0	0	82	75	68	72	82	77	86	75	80	81	0	82	80	80	0	0	74	79	0	80	62	78	80	0	175	0	67	74	0	84	0	84	81	0	0	62	0	80	91	0	86	80	78	0	0	72	73	61	71	86	70	81	73	0	0	0	65	67	0	0	0	87	0	83	80	78	82	84	158	80	68	80	75
0	0	0	0	0	0	0	0	0	0	0	0	0	0	0	0	0	0	0	0	0	0	0	0	0	0	0	0	0	0	0	0	0	0	0	0	0	0	0	0	0	0	0	0	0	0	0	0	0	0	0	0	0	0	0	0	0	0	0	0	0	0	0	0	0	0	0	0	368	0	0	0	219	0	0	0	0	0	0	0	0	0	81	0	0	0
0	0	0	210	0	0	0	0	0	0	0	224	0	0	0	0	0	0	0	0	0	0	0	0	0	0	0	0	0	0	0	0	0	0	0	0	0	0	208	0	0	0	0	187	0	0	0	0	0	247	0	0	0	0	0	0	0	0	0	0	0	0	0	0	0	0	184	0	0	0	0	0	0	207	0	0	0	0	0	0	0	0	0	0	0	0
0	0	0	0	0	0	0	186	175	0	0	0	0	0	0	0	0	0	0	0	0	0	0	0	0	0	0	0	0	0	0	0	0	0	0	0	0	0	0	0	0	0	0	0	0	0	0	0	0	0	0	0	163	0	0	0	0	0	0	0	0	0	0	0	0	0	0	0	0	0	0	0	0	0	0	0	0	0	0	0	0	0	0	0	0	0
0	0	0	0	0	0	0	0	0	0	0	217	175	0	0	0	0	0	0	0	0	0	0	204	0	0	0	0	242	0	0	272	0	0	0	0	135	0	169	0	0	0	0	0	0	0	255	276	212	166	0	0	250	0	0	0	338	0	0	0	0	0	0	0	0	0	0	0	344	0	236	0	336	161	0	254	0	0	0	0	0	0	0	0	0	0
0	152	151	106	144	138	164	134	127	166	88	81	81	0	142	133	134	160	144	167	144	159	161	145	160	152	149	149	154	140	151	154	148	127	145	152	86	166	77	122	141	103	166	73	164	157	176	165	125	76	0	173	166	165	155	142	160	157	137	138	112	133	170	134	153	139	76	0	166	133	127	78	172	85	167	163	156	149	151	156	157	190	158	135	161	150
0	0	0	0	0	0	0	0	0	0	0	0	0	0	0	0	0	0	0	0	0	0	0	0	0	0	0	0	0	0	0	0	0	0	0	0	0	0	0	0	0	0	0	0	0	0	0	0	0	0	0	0	0	0	0	0	0	0	0	0	0	0	0	0	0	0	0	0	0	0	0	0	0	0	0	0	0	0	180	0	0	91	0	0	193	180
0	0	0	0	0	0	0	0	0	0	0	0	0	0	0	0	0	0	0	0	0	0	0	73	0	0	0	0	81	0	0	0	0	0	0	0	0	0	0	0	0	0	0	0	0	0	85	81	0	0	0	0	81	0	0	0	83	0	0	0	0	0	0	0	0	0	0	0	0	0	0	0	80	0	0	71	0	0	0	0	0	0	0	0	0	0
0	0	0	0	0	0	0	0	0	0	0	0	0	0	0	0	0	0	0	253	0	0	0	0	0	0	0	0	0	0	0	0	0	0	0	0	0	237	0	0	0	0	255	0	0	0	0	0	0	0	0	0	0	238	0	0	0	0	0	0	0	0	235	0	0	0	0	0	0	0	0	0	0	0	0	0	0	0	0	0	0	0	0	0	0	0
0	0	0	0	0	0	0	0	0	0	0	0	0	0	0	0	0	0	0	0	0	0	3	0	227	0	0	0	0	0	0	0	0	0	0	0	0	0	0	0	0	0	0	0	0	0	0	0	0	0	0	0	0	0	0	0	0	0	0	3	0	0	0	0	0	0	0	0	0	0	0	0	0	0	0	0	0	0	0	0	0	0	0	0	0	0
0	0	0	0	0	0	0	0	0	0	0	0	0	0	0	0	0	0	0	0	0	0	0	0	0	0	0	0	0	0	0	0	0	0	0	0	0	0	0	0	0	0	0	0	0	0	0	0	0	0	0	0	0	0	0	0	0	0	0	0	0	0	0	0	0	0	0	0	0	267	0	0	0	0	0	0	0	0	0	0	0	0	0	0	318	0
0	0	0	0	0	0	0	0	0	0	0	0	0	0	0	0	0	0	0	0	0	0	0	0	0	0	0	0	0	187	0	0	0	0	0	0	0	0	0	0	233	0	0	0	0	0	0	0	0	0	0	0	0	0	0	0	0	0	0	0	0	0	0	0	0	0	0	0	0	0	0	0	0	0	0	0	0	0	0	0	0	0	0	0	0	0
0	0	0	0	0	0	0	0	0	0	115	0	0	0	0	0	0	0	0	0	0	0	0	0	0	0	0	0	0	0	0	0	0	0	0	0	0	0	0	159	0	0	0	0	0	0	0	0	0	0	0	0	0	0	0	0	0	0	0	0	0	0	0	0	0	0	0	0	0	0	0	0	0	0	0	0	0	0	0	0	0	0	0	0	0	0
0	0	0	0	0	0	0	0	0	0	0	0	0	0	0	0	0	0	0	0	0	0	0	0	0	0	0	0	162	0	0	0	0	0	0	0	0	0	0	0	0	0	0	0	0	0	0	0	0	0	0	0	0	0	0	0	0	0	0	0	0	0	0	0	0	0	0	0	0	0	0	0	0	0	0	0	0	0	0	0	0	0	163	0	0	0
0	0	0	0	0	0	0	0	0	0	0	0	0	0	0	0	0	0	0	0	0	0	0	0	0	0	0	0	0	0	0	0	0	0	0	0	0	0	0	0	0	122	0	0	0	0	0	0	0	0	0	0	0	0	0	0	0	0	0	0	0	0	0	0	0	0	0	0	0	0	0	179	0	0	0	0	0	0	0	0	0	0	0	0	0	0
0	0	0	0	0	0	0	0	0	0	0	0	0	0	0	0	0	0	0	0	0	0	0	0	0	0	0	0	0	0	0	0	0	0	0	0	0	0	0	0	0	0	0	0	0	0	0	0	191	0	0	0	0	0	0	0	0	0	0	0	0	0	0	66	0	0	0	0	0	0	63	0	0	0	0	0	0	0	0	0	0	0	0	0	0	0
0	0	0	0	0	0	0	0	0	0	0	0	0	24	0	0	0	227	0	0	0	0	23	0	0	0	0	26	0	0	0	0	0	0	0	26	0	0	0	0	0	0	0	0	0	26	0	0	0	0	23	0	0	0	0	0	0	28	0	0	0	0	0	0	28	0	0	0	0	0	0	0	0	0	28	0	0	0	26	27	27	0	0	0	0	25
0	0	0	0	0	0	0	78	73	0	0	0	0	0	0	0	0	0	0	0	0	0	0	0	0	0	0	0	0	0	0	0	0	0	0	0	0	0	0	0	0	0	0	0	0	0	0	0	0	0	0	0	0	0	0	0	0	0	0	0	0	0	0	77	0	0	0	0	0	75	0	0	0	0	0	0	0	0	0	0	0	0	0	0	93	0
0	0	0	215	0	0	0	0	0	0	235	0	0	0	0	0	0	0	0	0	0	0	0	279	0	0	0	0	0	0	0	0	0	0	0	0	116	0	120	0	0	0	0	203	0	0	0	0	0	0	0	0	0	0	0	0	0	0	0	0	0	0	0	0	0	0	205	0	0	0	0	0	0	0	0	0	0	0	0	0	0	0	0	0	0	0
193	237	247	0	0	182	0	0	177	0	0	0	0	0	194	200	197	233	197	0	197	0	210	0	0	0	201	0	0	210	169	0	0	210	211	0	0	0	0	220	210	160	0	0	0	210	0	0	225	0	215	0	0	0	0	193	0	221	208	0	181	189	0	200	0	190	0	222	0	209	226	0	0	0	0	0	0	235	0	0	204	0	0	183	322	196
0	0	0	0	0	0	0	0	0	0	0	0	283	0	0	0	0	0	0	0	0	0	0	0	0	0	0	0	0	0	0	0	0	0	0	0	219	0	0	0	0	0	0	0	0	0	0	0	0	0	0	0	0	0	0	0	0	0	0	0	0	0	0	0	0	0	224	0	0	0	0	258	0	0	0	0	0	0	0	0	0	0	0	0	0	0
0	0	0	0	0	0	0	0	0	0	0	0	0	0	0	0	0	0	0	0	0	0	0	0	0	0	0	0	71	0	0	0	0	0	0	0	0	0	0	0	0	0	0	0	0	0	0	69	0	0	0	0	71	0	0	0	68	0	0	0	0	0	0	0	0	0	0	0	65	0	0	0	70	0	0	61	0	0	0	0	0	0	0	0	0	0
0	0	0	0	0	0	0	0	0	0	0	0	0	0	0	0	0	0	0	0	0	0	0	0	0	0	0	0	0	0	0	0	0	0	0	0	0	0	0	0	0	169	0	0	0	0	0	0	0	0	0	0	0	0	0	0	0	0	0	0	0	0	0	0	0	0	128	0	0	0	0	0	0	0	0	0	0	0	0	0	0	0	0	0	0	0
0	0	0	0	0	0	298	0	0	311	0	0	0	299	0	0	0	299	0	315	0	293	301	0	301	0	0	0	0	0	0	0	0	0	0	0	0	101	0	0	0	0	316	0	289	296	0	0	0	0	303	0	0	302	293	0	0	0	0	0	0	0	302	0	0	0	0	0	0	0	0	0	0	0	296	0	288	0	0	0	0	0	295	0	0	297
0	0	0	149	0	0	0	259	264	0	225	0	176	0	0	0	0	0	0	0	0	0	0	0	0	0	0	0	0	0	0	0	0	0	0	0	134	0	0	0	0	0	0	259	0	0	0	0	0	0	0	0	0	0	0	0	0	0	0	0	0	0	0	0	0	0	0	0	93	0	0	141	0	0	0	0	0	0	0	0	0	0	0	0	0	0
0	0	0	0	0	0	0	0	0	0	0	0	0	0	0	0	0	0	0	0	0	64	0	62	0	0	0	0	0	0	0	0	0	0	0	0	0	0	0	0	0	0	0	0	0	0	0	0	0	0	0	73	0	0	0	0	0	0	0	0	0	0	0	0	0	0	0	0	0	0	0	0	0	0	0	0	67	0	0	0	0	0	0	0	0	0
0	0	0	0	0	0	85	0	0	86	0	0	0	84	0	0	0	0	0	88	0	82	0	0	0	0	0	0	0	0	0	0	0	0	0	0	0	98	0	0	0	0	86	0	86	0	0	0	0	0	0	0	0	88	0	0	0	0	0	0	0	0	0	0	0	0	0	0	0	0	0	0	0	0	89	0	0	0	0	0	0	0	0	0	0	0
0	0	0	0	0	0	0	0	0	0	0	0	0	0	0	0	0	0	0	0	0	0	0	0	0	0	0	0	0	0	0	0	0	0	0	0	0	0	0	0	0	0	0	0	0	0	0	0	0	0	0	0	0	0	0	0	0	285	0	0	148	0	0	0	0	0	0	204	0	0	0	0	0	0	0	0	0	0	0	0	0	0	0	0	0	0
0	0	0	0	0	0	0	0	0	0	0	0	0	0	0	0	0	0	0	0	0	0	0	352	0	0	0	0	172	0	0	170	0	0	0	0	0	0	0	0	0	0	0	0	0	0	228	184	0	0	0	0	265	0	0	0	179	0	0	0	0	0	0	0	0	0	0	0	182	0	0	0	191	0	0	229	0	0	0	0	0	0	0	0	0	0
0	0	0	0	0	0	0	0	0	0	0	0	0	0	0	0	0	0	0	0	0	0	0	0	0	0	0	0	0	0	0	285	0	0	0	0	0	0	0	0	0	0	0	0	0	0	308	243	0	0	0	0	354	0	0	0	0	0	0	0	0	0	0	0	0	0	0	0	0	0	0	0	381	0	0	297	0	0	216	268	0	0	0	0	0	0
0	0	0	0	0	0	0	0	0	0	0	0	134	0	0	0	0	0	0	0	0	0	0	0	0	0	0	0	0	0	0	0	0	0	0	0	114	0	0	0	0	0	0	0	0	0	0	359	0	0	0	0	0	0	0	0	0	0	0	0	0	0	0	208	0	0	0	239	0	0	0	0	0	0	0	0	0	0	0	0	0	70	0	0	0	0
0	0	0	243	0	0	0	218	209	0	217	0	0	0	0	0	0	0	0	0	0	0	0	0	0	0	0	0	0	0	0	0	0	0	0	0	0	0	0	0	0	0	0	0	0	0	0	0	0	0	0	0	0	0	0	0	0	0	0	0	0	0	0	0	0	0	230	0	0	0	0	0	0	0	0	341	0	0	0	0	0	0	0	0	0	0
0	0	0	0	0	0	78	0	0	79	0	0	0	0	0	0	67	0	0	81	0	0	0	0	0	0	0	0	0	0	0	0	0	0	0	0	0	0	0	0	0	0	79	0	0	0	0	0	0	0	0	0	0	0	0	0	0	0	0	0	0	0	0	0	0	0	0	0	0	0	0	0	0	0	0	0	0	0	0	0	0	0	75	0	0	70
0	0	0	0	0	0	0	0	0	0	96	0	0	0	0	0	0	0	0	0	0	0	0	167	0	0	0	0	259	0	0	218	0	0	0	0	0	0	0	0	0	0	0	0	0	0	225	301	0	0	0	0	190	0	0	0	239	0	0	0	0	0	0	0	0	0	0	0	235	0	0	0	308	0	0	315	0	0	0	0	0	0	0	0	0	0
0	0	0	0	0	0	239	0	0	243	0	0	0	238	0	0	0	0	0	251	0	0	0	0	0	0	0	0	0	0	0	0	0	0	0	0	0	311	0	0	0	0	254	0	0	0	0	0	0	0	241	229	0	236	0	0	0	0	0	0	0	0	233	0	0	0	0	0	0	0	0	0	0	0	0	0	0	0	0	0	0	0	232	0	0	239
0	0	0	0	0	0	0	0	0	0	54	0	0	0	0	0	0	0	0	0	0	0	0	0	0	0	0	0	0	0	0	0	0	73	0	0	0	0	0	0	0	0	0	0	0	0	0	0	0	0	0	0	0	0	0	0	0	0	0	0	0	0	0	0	95	0	0	0	0	0	0	0	0	0	0	93	0	0	0	0	0	0	0	0	0	0
0	0	0	0	0	0	0	184	169	0	0	0	0	0	0	0	0	0	0	0	0	0	0	0	0	0	0	0	282	0	0	0	0	0	0	0	0	0	0	0	0	0	0	0	0	0	0	0	0	0	0	0	0	0	0	0	0	0	0	0	0	0	0	0	0	0	0	0	0	201	0	0	0	0	0	0	0	0	0	0	0	0	0	0	0	0
0	0	0	0	0	0	0	0	0	0	0	0	0	0	0	0	0	0	0	0	0	0	0	164	0	0	0	0	174	0	0	172	0	0	0	0	0	0	0	0	0	0	0	0	0	0	197	186	0	0	0	0	187	0	0	0	181	0	0	0	0	0	0	0	0	0	0	0	184	0	0	0	194	0	0	182	0	0	0	0	0	0	0	0	0	0
0	0	0	0	0	0	0	0	0	0	0	0	0	0	0	0	0	0	185	0	0	0	0	0	0	0	0	0	0	0	0	0	0	0	0	0	0	0	0	0	0	0	0	0	0	0	0	0	0	0	10	0	0	0	0	0	0	0	0	0	0	0	0	0	0	0	0	0	0	0	0	209	0	0	0	0	0	0	0	0	0	63	0	0	0	10
0	0	0	234	0	0	0	214	230	0	175	202	277	0	0	0	0	0	0	0	0	0	230	0	0	0	0	0	269	0	0	308	0	0	0	0	232	0	176	0	0	237	0	226	0	223	0	372	0	103	0	0	340	0	0	0	214	0	0	0	0	0	0	249	0	0	207	159	300	229	0	158	0	245	0	343	0	0	0	0	0	0	0	0	324	227
0	0	0	0	0	0	0	0	0	0	198	0	0	0	0	0	0	0	0	0	0	0	0	0	0	0	0	0	0	0	0	0	0	0	0	0	0	0	0	0	0	0	0	0	0	0	0	0	0	0	0	0	0	0	0	0	0	0	0	0	0	0	0	0	0	0	0	0	0	0	209	0	0	0	0	0	0	150	152	157	0	0	0	0	0	0
0	0	0	0	0	0	0	0	0	0	0	0	0	0	0	0	0	0	0	0	0	0	0	0	0	0	0	0	0	0	0	0	0	0	0	0	0	0	0	0	0	0	0	0	0	0	0	0	0	0	0	0	0	0	0	0	250	0	0	0	0	0	0	0	0	0	0	0	0	0	0	0	0	0	0	0	0	0	0	0	0	198	0	0	0	0
0	0	0	185	0	0	0	0	274	0	0	193	212	0	0	0	0	0	0	0	0	0	0	0	0	239	0	0	0	0	0	0	234	0	0	0	155	0	200	0	0	0	0	33	0	0	0	0	0	197	0	0	0	0	0	0	0	0	0	0	0	0	0	0	0	0	130	164	0	212	0	138	0	113	0	0	0	241	199	254	217	47	0	0	0	0
0	0	0	53	0	0	0	222	215	0	207	250	270	0	0	0	0	81	0	0	0	0	0	0	0	0	0	0	0	0	0	0	0	0	0	0	231	0	137	0	0	0	0	215	0	0	0	0	0	109	0	0	0	85	0	0	0	0	0	0	0	0	0	0	0	0	213	0	0	222	0	161	0	197	0	0	0	0	0	0	0	0	0	0	78	0
0	0	0	0	0	0	0	0	0	0	0	0	0	0	0	0	0	0	0	0	0	0	0	0	0	0	0	0	0	0	0	0	0	0	0	0	0	0	0	0	0	0	0	0	214	0	0	0	0	0	0	0	0	220	0	0	0	0	0	0	0	0	0	0	0	0	0	0	0	0	0	0	0	0	0	0	0	0	0	0	0	0	0	0	0	0
73	78	76	0	75	72	82	217	222	83	0	0	0	81	74	67	71	0	76	85	74	79	80	0	81	79	79	78	0	73	78	0	79	0	77	79	0	78	0	66	73	0	83	0	83	80	0	0	0	0	79	90	0	0	79	77	0	81	71	72	60	70	0	0	80	72	0	174	0	0	0	0	0	0	86	0	82	79	77	81	83	20	79	67	0	74
0	0	0	0	0	0	0	0	0	0	0	0	0	0	0	0	0	0	0	0	0	0	0	0	0	0	0	0	0	0	0	0	0	0	0	0	0	0	0	0	0	0	0	0	0	0	0	89	0	0	0	0	87	0	0	0	0	0	0	0	0	0	0	0	0	0	0	0	84	0	0	0	87	0	0	0	0	0	0	0	0	0	0	0	0	0
0	0	0	0	0	0	0	0	0	0	0	0	0	0	0	0	0	0	0	0	0	0	0	0	0	0	0	0	0	0	0	0	0	0	0	0	0	0	0	0	0	0	0	0	0	0	0	0	0	0	0	0	0	0	0	0	0	0	0	0	215	0	0	0	0	0	0	231	0	0	0	0	0	0	0	0	0	0	0	0	0	75	0	0	0	0
0	0	0	0	0	0	0	0	0	0	0	0	0	0	0	0	0	0	0	0	0	0	0	0	0	0	0	0	439	0	0	0	0	0	0	0	0	0	0	0	0	301	0	0	0	0	0	423	0	0	0	0	0	0	0	0	0	0	0	0	0	0	0	0	0	0	0	0	0	0	0	0	409	0	0	0	0	0	0	0	0	0	0	0	0	0
0	0	0	0	0	0	0	0	0	0	0	0	145	0	0	0	0	0	0	0	0	0	0	0	0	0	0	0	0	0	0	0	0	0	0	0	0	0	0	0	0	0	220	0	0	0	0	0	0	0	0	0	0	0	0	0	0	0	0	0	0	0	0	0	0	0	0	0	0	0	0	0	0	0	0	0	0	0	0	0	0	0	0	0	0	0
0	0	0	0	0	0	0	0	0	0	0	0	0	0	0	0	0	0	0	0	0	0	0	0	0	0	0	0	0	59	0	0	67	0	0	0	0	0	0	0	0	0	0	0	0	0	0	0	0	0	0	0	0	0	0	0	0	0	0	0	49	57	0	0	0	0	0	0	0	0	0	0	0	0	0	0	0	0	0	0	0	0	0	0	0	0
0	0	0	0	0	0	0	0	0	0	0	0	0	0	0	0	0	0	0	0	0	0	0	0	0	0	0	0	0	0	0	0	0	178	0	0	0	0	0	0	0	0	0	0	0	0	0	0	0	0	0	0	0	0	0	0	0	0	0	0	0	0	0	251	0	0	0	0	0	0	0	0	0	0	0	0	0	0	0	0	0	0	0	0	0	0
0	0	0	0	0	0	0	0	0	0	0	0	0	0	0	0	0	0	0	0	0	0	0	283	0	0	0	0	0	0	0	0	0	0	0	0	0	0	0	0	0	0	0	0	0	0	333	0	0	0	0	0	293	0	0	0	0	0	0	0	0	0	0	0	0	0	0	0	0	0	0	0	361	0	0	0	0	0	0	0	0	0	0	0	0	0
0	0	0	0	0	0	94	0	0	95	0	0	0	93	0	0	0	0	0	97	0	88	0	0	91	0	0	88	0	0	0	0	0	0	0	0	0	222	0	0	0	0	95	0	0	0	0	0	0	0	0	101	0	97	89	0	0	92	0	0	0	0	97	0	0	0	0	0	0	0	0	0	0	0	98	0	0	0	0	0	0	0	91	0	0	0
0	0	0	0	0	0	0	0	0	0	0	0	0	0	0	0	0	0	0	0	0	0	0	0	0	0	0	0	0	0	0	0	0	0	0	0	0	0	158	0	0	0	0	0	0	0	0	0	0	178	0	0	0	0	0	0	0	0	0	0	0	0	0	0	0	0	0	0	0	0	0	0	0	0	0	0	0	0	0	0	0	0	0	0	0	0
0	0	0	0	226	0	0	0	0	0	0	0	0	0	0	0	0	0	0	0	0	0	0	0	0	233	232	0	292	0	0	307	0	0	0	220	0	0	0	0	0	0	0	249	0	0	0	0	176	0	0	0	336	0	0	0	232	0	0	0	0	0	0	0	0	0	0	0	94	179	0	0	298	0	0	344	0	0	0	0	0	0	0	0	0	0
0	0	0	0	0	0	0	0	0	0	0	0	0	0	0	0	0	0	0	0	0	0	0	0	0	0	0	0	0	0	0	0	0	0	0	0	0	0	0	0	0	0	63	0	0	0	0	0	0	0	0	0	0	0	0	0	0	0	0	0	0	0	0	0	0	0	0	0	0	0	0	0	0	0	0	0	0	0	0	0	0	0	0	51	0	0
0	0	0	0	0	0	109	0	0	0	0	0	0	0	0	0	0	0	0	0	0	0	0	0	0	0	0	0	0	0	0	0	0	0	0	0	113	0	0	0	0	0	0	0	0	0	0	0	0	0	0	0	0	0	0	0	0	0	0	0	0	0	0	0	0	0	0	0	0	0	0	0	0	0	0	0	0	0	0	0	0	27	0	0	0	0
0	0	0	0	0	0	0	0	0	0	0	0	0	0	0	0	0	0	0	0	0	0	0	86	0	0	0	0	0	0	0	357	0	0	0	0	0	0	0	0	0	0	0	0	0	0	105	99	0	0	0	0	98	0	0	0	62	0	0	0	0	0	0	0	0	0	0	0	97	0	0	0	97	0	0	241	0	0	0	0	0	0	0	0	0	0
149	163	161	0	154	149	175	145	137	177	170	162	0	172	152	142	143	171	154	178	153	169	171	162	171	163	159	160	171	149	171	169	159	0	155	163	251	324	0	0	151	277	177	110	0	168	194	183	136	134	168	184	185	176	166	152	178	168	146	147	0	142	181	0	164	148	156	0	181	143	138	140	190	0	178	180	0	160	162	167	167	0	168	144	174	161
0	0	0	0	0	0	0	0	0	0	0	0	0	0	0	0	0	0	0	0	0	0	0	0	0	0	0	0	0	0	0	0	0	0	0	0	0	0	0	0	0	0	0	0	0	0	0	0	0	0	0	0	0	0	0	0	0	0	0	0	260	0	0	0	0	0	0	0	0	0	0	0	0	162	0	0	0	0	0	0	0	0	0	0	0	0
0	0	0	0	0	0	0	0	0	0	180	0	0	0	0	0	0	0	0	0	0	0	0	0	0	0	0	87	0	0	0	0	0	0	0	0	0	0	0	0	0	0	0	222	0	0	304	0	185	0	0	0	0	0	0	0	0	0	0	0	0	0	0	0	0	0	0	0	0	0	0	42	0	48	0	0	0	0	0	0	0	0	0	0	0	0
0	0	0	0	0	0	0	0	0	0	0	0	0	0	0	0	0	0	0	0	0	0	0	0	0	0	0	0	0	0	0	0	0	0	0	0	0	225	0	0	0	0	0	0	0	0	0	0	0	0	0	0	0	226	0	0	0	0	0	0	0	0	0	0	0	0	0	0	0	0	0	0	0	0	0	0	0	0	0	0	0	0	0	0	0	0
0	0	0	0	0	0	0	0	0	0	0	0	0	0	0	0	0	0	0	0	0	0	0	0	0	0	0	0	0	0	0	0	0	0	0	0	0	0	0	0	0	161	0	0	0	0	0	0	0	0	0	47	0	0	0	0	0	0	0	0	0	0	0	0	0	0	0	0	0	0	0	0	0	0	0	0	43	0	0	0	0	0	0	0	0	0
0	0	0	0	0	0	0	0	0	0	0	0	0	0	0	0	0	0	0	0	0	0	0	0	0	0	0	0	0	0	0	234	0	0	0	0	0	0	0	0	0	0	0	0	0	0	222	0	0	0	0	0	0	0	0	0	0	0	0	0	0	0	0	0	0	0	0	0	0	0	0	0	0	0	0	0	0	0	0	0	0	0	0	0	0	0
0	0	0	0	0	0	0	0	0	0	0	0	0	0	0	0	0	0	0	0	0	0	0	77	0	0	0	0	87	0	0	81	0	0	0	0	0	0	0	0	0	0	0	0	0	0	91	88	0	0	0	0	85	0	0	0	88	0	0	0	0	0	0	0	0	0	0	0	83	0	0	0	86	0	0	77	0	0	0	0	0	0	0	0	0	0
0	0	0	0	0	0	0	0	0	0	0	0	0	0	0	0	0	0	0	0	0	0	0	0	0	0	0	0	0	0	0	0	0	0	0	0	0	0	0	0	0	0	0	0	0	0	0	278	0	0	0	0	0	0	0	0	0	0	27	27	0	0	0	0	0	0	0	0	0	0	0	0	0	0	0	0	0	0	0	0	0	0	0	0	0	0
0	0	0	0	0	0	0	0	0	0	0	0	0	0	0	0	0	0	0	0	0	0	0	0	0	0	0	0	0	0	0	0	0	0	0	0	0	0	0	0	0	0	0	168	0	0	0	0	0	0	0	0	0	0	0	0	0	0	0	0	0	0	0	0	0	0	0	0	0	0	0	242	0	0	0	0	0	0	0	0	0	0	0	0	0	0
0	0	0	0	0	0	0	0	0	0	0	0	0	220	0	0	0	0	0	0	0	0	0	0	0	0	0	0	0	0	0	0	0	0	0	0	0	0	0	0	0	0	0	0	0	0	0	0	177	0	0	0	0	0	0	0	0	0	0	0	0	0	0	0	0	0	0	0	0	0	0	0	0	0	0	0	0	0	0	0	0	177	0	0	0	0
0	0	0	0	0	0	0	0	0	0	0	0	0	0	0	0	0	0	0	0	0	0	0	0	115	0	0	0	0	0	0	0	0	0	0	0	0	0	0	0	0	0	0	0	0	0	0	0	0	0	0	0	0	0	0	0	0	0	0	0	0	0	0	0	0	0	0	91	0	0	0	0	0	0	0	0	0	0	0	0	0	0	0	0	0	0
0	0	0	0	0	0	0	0	0	0	0	0	0	0	0	0	0	0	0	0	0	0	0	0	0	0	0	0	400	0	0	0	0	0	0	0	0	0	0	0	0	0	0	0	0	0	101	353	0	0	0	0	0	0	0	0	96	0	0	0	0	0	0	0	0	0	113	185	0	0	0	151	0	0	0	0	0	0	0	0	0	0	0	0	0	0
0	0	0	0	0	0	0	0	0	0	0	0	0	0	0	0	0	31	0	0	0	0	0	0	34	0	0	0	0	0	0	0	0	0	0	0	0	0	0	0	0	0	0	0	0	0	36	0	0	0	31	0	0	0	0	0	0	0	0	0	0	0	0	0	0	0	0	0	0	0	0	0	0	0	0	0	0	0	0	0	0	137	0	0	0	0
0	0	0	0	0	0	0	0	0	0	0	0	0	0	0	0	0	0	0	0	0	0	0	0	0	0	0	0	0	0	0	0	0	0	0	0	0	0	0	0	0	0	0	0	0	0	0	0	0	0	0	0	0	0	0	0	0	0	0	0	0	0	0	254	0	0	0	0	0	0	228	0	0	0	0	0	0	0	0	0	0	0	0	0	0	0
0	0	0	0	0	0	221	0	0	215	0	0	0	0	0	0	0	0	0	0	0	0	0	0	215	0	0	0	0	0	0	0	0	0	0	0	0	250	0	0	0	0	243	0	0	227	0	0	0	0	229	0	0	0	119	0	0	0	0	0	0	0	217	0	0	0	0	0	0	0	0	0	0	0	220	0	0	0	0	0	0	0	0	0	0	229
0	0	0	0	0	0	0	0	0	0	0	0	0	0	0	0	0	0	0	0	0	0	0	0	0	0	0	0	356	0	0	0	0	0	0	0	0	0	0	0	0	0	0	0	0	0	0	0	0	0	0	0	0	0	0	0	0	0	0	0	0	0	0	195	0	0	0	0	0	0	0	0	0	0	0	0	0	0	0	0	0	0	0	0	0	0
0	0	0	0	0	0	0	0	0	0	0	0	0	0	0	0	0	0	0	0	0	0	0	0	0	0	0	0	408	0	0	0	0	0	0	0	0	0	0	0	0	0	0	0	0	0	0	0	0	0	0	0	0	0	0	0	0	0	0	0	0	0	0	0	0	0	0	0	0	0	0	0	0	0	0	28	0	0	247	0	0	0	0	0	0	0
0	0	0	0	0	0	0	0	0	0	0	0	0	0	0	0	0	0	0	0	0	0	0	0	0	0	0	0	0	0	0	0	0	0	0	0	0	0	0	0	0	0	0	0	0	0	0	0	0	0	0	0	0	0	0	0	0	205	0	0	0	0	0	0	0	0	0	0	0	0	0	0	0	0	80	0	0	0	0	0	0	0	0	0	239	0
0	0	0	0	0	0	0	0	0	0	0	0	0	0	0	0	0	0	0	0	0	0	0	0	0	0	0	0	0	0	0	0	0	0	0	0	0	0	0	0	0	0	0	0	0	0	0	0	0	0	0	0	0	0	0	0	0	0	0	0	204	0	0	0	0	0	0	0	0	0	0	272	0	0	0	0	0	0	0	0	0	6	0	0	0	0
0	0	0	0	0	0	0	0	0	0	0	0	0	0	0	0	0	0	0	0	0	0	0	263	0	0	0	0	0	0	0	292	0	0	0	0	0	0	0	0	0	0	0	0	0	0	283	383	0	0	0	0	323	0	0	0	207	0	0	0	0	0	0	0	0	0	0	0	289	0	0	0	220	0	0	0	0	0	0	0	0	0	0	0	0	0
0	0	0	0	0	0	0	0	0	0	0	0	0	0	0	0	0	0	0	0	0	0	0	0	179	0	0	0	405	0	0	0	0	0	0	0	0	0	0	0	0	0	0	0	0	0	0	185	0	0	0	0	186	0	0	0	180	0	0	0	0	0	0	0	0	0	0	0	0	0	0	0	0	0	0	0	0	0	0	0	0	0	0	0	0	0
0	0	0	0	0	0	0	0	0	0	0	0	0	0	0	0	0	0	0	0	0	0	0	0	0	0	0	0	0	0	0	0	0	0	0	0	0	0	0	212	0	0	0	0	0	0	0	0	0	0	0	0	0	0	0	0	0	0	0	0	0	0	0	0	0	0	0	0	0	0	0	0	0	98	0	0	0	180	0	211	0	0	0	0	195	0
0	0	0	0	0	0	0	0	0	0	0	0	0	0	0	0	0	0	0	0	0	0	0	0	0	0	0	0	83	0	0	0	0	212	0	245	0	0	0	0	0	0	0	0	0	0	325	0	229	0	0	0	0	0	0	0	0	0	0	0	0	0	0	0	0	0	0	173	0	0	268	0	81	0	0	0	0	0	0	0	0	0	0	0	0	0
0	0	0	0	0	0	0	0	114	0	0	0	0	0	0	0	0	0	0	0	0	0	0	0	0	0	0	0	0	0	0	0	0	0	0	0	0	0	0	0	0	94	0	0	0	0	0	0	0	0	0	0	0	0	0	0	0	0	0	0	0	0	0	0	0	0	0	0	0	0	0	0	0	0	0	0	0	0	0	0	0	0	0	0	0	0
82	88	85	58	84	81	96	76	71	97	50	42	47	94	83	76	79	93	85	99	84	89	92	355	93	87	89	0	95	83	89	366	88	68	86	87	48	282	41	74	83	57	97	39	95	91	102	98	68	47	91	103	97	99	90	86	97	0	79	81	68	78	99	75	89	81	42	221	365	73	73	44	226	50	100	88	92	88	86	90	92	111	93	77	91	85
0	0	0	0	0	0	0	0	0	0	0	0	0	0	0	0	0	0	0	0	0	0	0	341	0	0	0	212	0	0	0	0	0	0	0	0	0	0	0	0	0	0	0	0	0	0	356	374	0	0	0	0	0	0	0	0	0	0	0	0	0	0	0	0	0	0	0	0	0	0	0	0	0	0	0	0	0	0	0	0	0	62	0	0	0	0
0	0	0	0	0	0	0	0	0	0	0	0	0	0	0	0	0	0	0	0	0	0	0	0	0	0	0	0	0	0	0	0	0	0	0	0	0	0	0	0	0	0	0	0	0	0	0	0	0	0	0	0	0	0	0	0	0	0	0	0	0	0	0	0	60	0	0	49	0	0	0	0	0	0	0	0	0	0	0	0	0	0	0	0	0	0
0	0	0	0	0	0	0	0	0	0	0	0	0	0	0	0	0	0	0	0	0	0	0	0	0	0	0	0	0	0	0	0	0	0	0	0	0	0	0	0	0	0	0	0	0	0	0	0	0	0	0	0	0	0	0	0	0	0	0	0	0	0	0	0	0	0	0	0	0	0	0	0	0	0	38	0	0	0	0	0	37	0	0	0	0	0
0	0	0	0	0	0	0	223	218	0	0	0	0	0	0	0	0	0	0	0	0	0	0	0	0	0	0	0	0	0	0	0	0	213	0	0	0	0	0	0	0	214	0	0	0	0	0	0	230	0	0	0	0	0	0	0	0	0	0	0	0	0	0	0	0	0	0	0	0	221	267	0	0	0	0	0	0	0	0	0	0	0	0	0	0	0
0	0	0	0	0	0	0	202	193	0	0	0	0	0	0	0	0	0	0	0	0	0	0	0	0	0	0	0	0	0	0	0	0	0	0	0	0	0	0	0	0	0	0	0	0	0	0	0	0	0	0	0	0	0	0	0	0	0	0	0	0	0	0	0	0	0	0	0	0	185	0	0	0	0	0	0	0	0	0	0	0	0	0	0	0	0
0	0	0	0	0	0	0	0	0	0	0	254	184	0	0	0	0	0	0	0	0	0	0	0	0	0	0	204	0	0	0	0	0	0	0	0	136	0	0	0	0	0	0	0	0	0	0	0	0	0	0	0	0	0	0	0	0	0	0	0	0	0	0	0	0	0	0	0	0	0	0	0	0	130	0	0	0	0	0	0	0	0	0	0	0	0
155	169	0	0	160	213	180	237	225	183	0	0	0	178	157	147	149	177	192	184	0	174	177	0	177	169	0	164	0	154	0	0	164	143	160	169	0	54	0	0	157	0	235	0	0	174	0	0	141	0	174	0	0	182	172	158	0	172	175	202	0	147	187	150	170	153	0	136	0	148	143	0	0	0	184	0	172	165	167	173	173	163	174	176	233	167
0	0	0	0	0	0	0	0	0	0	0	0	0	0	0	0	0	0	0	0	0	0	0	193	0	0	0	0	0	0	0	0	0	0	0	0	0	0	0	0	0	0	0	0	0	0	0	0	0	0	0	0	0	0	0	0	325	0	0	0	0	0	0	0	0	0	0	0	0	0	0	0	0	0	0	0	0	0	0	0	0	0	0	0	0	0
0	0	0	0	0	0	0	0	0	0	0	0	0	0	0	177	0	0	0	0	0	0	0	342	0	0	0	0	0	0	0	0	0	0	0	0	0	0	0	0	0	0	0	0	0	0	0	0	0	0	0	0	337	0	0	0	0	0	0	0	0	0	0	0	0	0	0	0	299	0	0	0	291	0	0	0	0	0	0	0	0	0	0	0	0	0
0	0	0	0	0	0	0	0	0	0	0	0	0	0	0	0	0	0	0	0	0	0	0	0	0	0	0	0	0	0	0	0	0	0	0	0	0	0	0	0	0	0	0	102	0	0	0	0	0	0	0	0	0	0	0	0	0	0	0	0	0	0	0	0	0	0	0	0	0	0	0	0	0	230	0	0	0	0	0	0	0	0	0	0	0	0
0	0	0	0	0	0	0	0	0	0	0	0	0	0	0	0	0	0	0	0	0	0	0	0	0	0	0	0	0	0	0	0	0	0	0	0	0	0	0	0	0	0	0	0	0	0	0	0	173	0	0	0	0	0	0	0	0	0	0	0	0	0	0	0	0	0	0	0	0	0	0	0	0	0	0	0	0	138	0	0	0	0	0	0	0	0
0	0	0	0	0	0	0	0	0	0	0	0	0	0	0	0	0	0	0	0	0	0	140	0	0	0	0	0	0	0	0	0	0	0	0	0	0	0	0	0	0	0	0	0	0	0	0	0	0	0	0	0	0	0	0	0	0	0	0	0	0	0	0	0	0	0	0	0	0	0	0	0	0	0	0	0	0	0	207	0	0	0	138	0	0	0
0	89	86	59	85	82	97	77	72	98	234	105	99	95	84	77	0	0	86	100	85	90	93	0	94	88	0	0	0	84	0	281	89	69	87	0	240	308	139	0	84	213	98	220	96	92	103	231	69	123	92	104	347	100	91	0	310	94	0	82	0	79	100	76	90	82	225	69	287	74	74	194	236	129	101	258	0	89	87	91	0	0	0	78	92	86
0	0	0	0	0	0	0	0	0	0	0	0	0	0	0	0	0	0	0	0	0	0	0	147	0	0	0	0	156	0	0	156	0	0	0	0	0	0	0	0	0	0	0	0	0	0	178	167	0	0	0	0	168	0	0	0	162	0	0	0	0	0	0	0	0	0	0	0	168	0	0	0	174	0	0	165	0	0	0	0	0	0	0	0	0	0
0	0	0	0	0	0	0	0	0	0	0	0	0	0	0	0	0	0	0	0	0	0	0	0	0	0	0	0	0	0	0	0	0	0	0	0	0	0	0	0	0	0	0	0	0	0	0	0	0	0	0	0	0	0	206	0	0	0	0	0	0	0	0	0	0	0	0	0	0	0	167	0	0	0	0	0	0	0	0	0	0	0	0	0	0	0
0	0	0	0	0	0	0	0	0	0	0	0	0	0	0	0	0	0	0	0	0	0	0	306	0	0	0	0	159	0	0	351	0	0	0	0	0	0	0	0	0	0	0	0	0	0	236	328	0	0	227	0	171	0	0	0	276	0	0	0	0	0	0	0	0	0	0	0	290	0	0	0	177	0	0	168	0	0	0	0	0	0	0	0	0	0
0	0	0	0	0	0	0	0	0	0	0	0	0	0	0	0	0	0	0	0	0	0	0	0	0	0	0	0	0	189	0	0	0	0	0	0	0	0	0	205	0	0	0	0	0	0	0	0	0	0	0	0	0	0	0	0	0	0	0	0	0	0	0	0	0	0	0	0	0	0	0	261	0	0	0	0	0	0	0	0	0	0	0	0	0	0
0	0	0	0	0	0	0	0	0	0	0	0	0	0	0	0	0	0	0	0	0	0	0	0	0	0	0	0	0	0	0	0	0	0	0	0	0	0	36	0	0	0	0	0	0	0	0	0	0	0	0	0	0	0	0	0	0	0	0	0	0	0	0	0	0	0	37	0	0	0	66	38	0	0	0	0	0	0	0	0	0	0	0	0	0	0
0	0	0	0	0	0	0	0	0	0	0	0	0	0	0	0	0	0	0	0	0	0	0	0	0	0	0	0	0	0	0	0	0	0	0	0	0	0	0	0	0	0	0	0	0	0	0	0	0	0	0	0	0	0	0	0	0	0	0	0	0	0	0	184	0	0	0	240	0	0	0	0	0	0	0	0	0	0	0	0	0	0	0	0	167	0
0	0	0	0	0	0	0	0	0	0	0	0	0	0	0	0	0	0	0	0	0	0	0	0	0	0	0	0	0	0	0	0	0	0	0	231	0	0	0	0	0	0	0	0	0	0	0	0	0	0	0	0	0	0	0	0	0	0	0	0	0	0	0	252	206	0	0	0	0	0	0	0	0	0	0	0	0	0	0	0	0	0	0	0	0	0
0	0	0	0	0	0	0	0	0	218	0	0	0	0	0	0	0	0	0	0	0	0	0	0	0	0	0	0	0	0	0	0	0	0	0	0	0	0	0	0	0	0	0	0	0	0	0	0	0	0	0	0	0	0	0	0	0	0	0	0	0	0	222	0	0	0	0	0	0	0	0	0	0	0	0	0	0	0	0	0	0	0	0	0	0	0
0	0	0	0	0	0	0	0	0	0	0	0	0	0	0	0	0	0	0	0	0	0	0	85	0	0	0	0	272	0	0	222	0	0	0	0	0	0	0	0	0	0	0	0	0	0	104	221	0	0	0	0	0	0	0	0	289	0	0	0	0	0	0	0	0	0	0	0	96	0	0	0	269	0	0	89	0	0	0	0	0	0	0	0	0	0
0	0	197	0	0	0	0	0	0	0	0	0	0	0	0	0	0	0	0	0	0	0	0	0	0	0	0	0	0	0	0	0	0	0	0	0	0	0	0	198	0	0	0	0	0	0	0	0	0	0	0	0	0	0	0	0	0	0	0	0	0	0	0	0	0	0	0	0	0	0	0	0	0	0	0	0	0	0	0	0	0	0	0	0	0	0
0	0	0	0	0	0	0	0	0	0	0	120	0	0	0	0	0	0	0	0	0	0	0	0	0	0	0	0	0	0	0	0	0	0	0	0	0	0	0	0	0	0	0	0	0	0	0	0	0	0	0	0	0	0	0	0	0	0	0	0	0	0	0	0	0	0	248	0	0	0	0	0	0	140	0	0	0	0	0	0	0	0	0	0	0	0
191	0	0	0	0	221	0	175	164	0	113	131	125	0	0	184	0	0	0	0	211	0	0	305	0	0	0	0	325	193	0	352	240	219	189	0	268	0	0	0	0	273	0	0	0	0	235	327	233	220	0	0	304	0	0	0	274	0	0	0	0	0	0	201	245	219	250	191	0	0	175	136	285	0	0	322	0	217	227	209	224	0	0	0	220	0
0	0	0	0	0	0	0	0	0	0	0	0	0	0	0	0	0	0	0	0	0	0	0	0	0	0	0	0	0	0	0	237	0	0	0	0	0	0	148	0	0	0	0	0	0	0	0	0	0	133	0	0	0	0	0	0	0	0	0	0	0	0	0	0	0	0	0	0	0	0	0	0	0	0	0	0	0	0	0	0	0	186	0	0	0	0
0	0	0	0	0	0	0	0	165	0	0	0	0	0	0	0	0	0	0	0	0	0	0	0	0	0	241	0	0	0	0	0	0	0	0	0	0	0	0	0	0	0	0	0	0	0	372	0	0	0	0	0	0	0	0	223	0	0	0	0	0	0	0	285	268	0	0	278	0	0	0	0	0	0	0	0	0	0	262	272	0	0	0	0	0	0
0	0	0	0	0	0	0	0	0	0	0	0	0	0	0	0	0	0	0	0	0	0	0	0	0	0	0	0	278	0	0	287	0	0	0	0	0	0	0	0	0	0	0	0	0	0	313	0	0	0	0	0	357	0	0	0	321	0	0	0	0	0	0	0	0	0	0	0	284	0	0	0	241	0	0	334	0	0	0	0	0	0	0	0	0	0
255	285	280	270	263	276	273	294	303	281	275	290	303	273	250	244	248	273	255	286	254	210	275	400	274	284	269	257	450	249	238	422	286	264	261	296	293	218	0	248	272	310	288	281	264	270	417	434	280	278	276	267	409	274	266	253	423	272	260	257	257	243	272	311	301	252	278	310	420	298	302	145	420	285	269	398	263	277	297	306	285	123	268	232	287	271
0	0	0	0	0	0	0	0	0	0	0	0	0	0	0	0	0	0	0	0	38	0	0	0	0	0	0	41	0	0	0	0	0	0	0	0	0	0	0	0	0	0	0	0	0	0	0	0	0	0	0	0	0	0	0	0	0	0	0	0	0	0	0	0	0	0	0	0	0	0	0	0	0	0	0	0	0	0	0	0	0	0	0	0	0	0
0	0	0	0	232	0	0	0	0	0	0	0	0	0	0	0	0	0	0	0	0	0	0	337	0	0	239	0	267	0	0	78	0	200	0	226	0	0	0	0	229	0	0	0	0	0	88	85	0	0	0	0	82	0	0	205	85	0	0	0	0	0	0	0	0	0	0	0	80	0	242	0	83	0	85	74	0	0	0	0	0	0	0	0	0	0
0	0	0	0	0	0	0	0	0	0	148	0	0	0	0	0	0	0	0	0	0	0	0	0	0	0	0	0	0	0	0	0	0	0	0	0	0	0	0	0	0	0	0	0	0	0	0	0	0	0	0	0	0	0	0	0	0	0	0	0	153	0	0	0	0	0	0	0	0	0	0	0	0	0	0	0	0	0	0	0	0	0	0	0	0	0
0	0	0	0	0	226	0	0	0	0	0	0	0	0	0	0	0	0	0	0	0	0	0	0	0	0	0	0	0	0	0	0	0	0	0	0	0	0	0	163	0	0	0	0	0	0	0	0	0	0	0	0	0	0	0	0	0	0	0	0	0	0	0	0	0	0	0	0	0	0	0	0	0	0	0	0	0	0	0	0	0	0	0	0	0	0
0	0	0	0	0	0	0	0	0	0	0	0	0	0	0	0	0	0	0	0	0	0	0	0	0	0	0	0	0	0	0	0	0	0	0	0	0	0	151	0	0	0	0	0	0	0	0	0	0	0	0	0	0	0	0	0	0	0	0	0	0	0	0	0	0	0	0	0	0	0	0	0	0	293	0	0	0	0	0	0	0	0	0	0	0	0
0	0	0	150	0	224	186	154	144	0	0	132	0	184	0	0	0	182	0	190	0	180	183	168	182	175	0	170	177	0	0	175	0	148	0	175	0	213	124	0	0	114	188	83	187	180	200	189	147	87	180	195	191	188	178	0	183	178	0	0	0	0	193	156	176	0	0	201	187	180	149	0	197	0	190	185	178	0	173	179	179	0	0	0	185	172
0	15	0	0	0	15	16	0	0	0	0	0	0	0	0	0	0	13	0	14	0	14	0	0	15	0	0	0	0	0	0	0	16	0	0	0	0	325	0	0	0	0	15	0	15	0	0	0	0	0	14	15	0	16	16	0	0	0	0	0	0	0	15	0	16	0	0	0	0	0	16	0	0	0	16	0	15	15	15	15	16	0	13	0	0	14
0	0	0	0	0	0	0	0	0	0	0	0	0	0	0	0	0	0	0	0	0	0	0	0	0	0	0	0	0	0	0	0	0	0	0	0	0	0	0	0	0	187	0	0	0	0	0	0	0	0	0	0	0	0	0	0	0	0	0	0	0	0	0	0	0	0	0	267	0	0	0	0	0	0	0	0	0	0	0	0	0	0	0	0	0	0
0	0	0	0	0	0	0	0	0	0	0	0	0	0	0	0	0	0	0	0	0	0	0	362	0	0	0	0	0	0	0	0	0	0	0	0	0	0	0	0	0	0	0	0	0	0	273	204	0	0	0	0	365	0	0	0	0	0	0	0	0	0	0	0	0	0	0	0	0	0	0	0	227	0	0	203	0	0	0	0	0	0	0	0	0	0
0	0	0	0	0	0	0	0	0	0	0	0	0	0	0	0	0	0	0	0	0	0	0	0	0	0	0	0	0	0	0	0	0	0	0	0	0	0	0	0	0	202	0	0	0	0	0	0	0	0	0	0	0	0	0	0	0	0	0	0	0	0	0	185	0	0	0	0	0	188	0	0	0	0	0	0	0	0	0	0	0	0	0	0	223	0
0	0	0	0	0	0	0	190	0	0	0	0	0	0	0	0	0	0	0	0	0	0	0	0	0	0	0	0	0	0	0	0	0	0	0	0	0	0	0	0	0	0	0	0	0	0	0	0	0	0	0	0	0	0	0	0	0	0	0	0	0	0	0	0	35	0	0	233	0	0	0	0	0	0	0	0	0	0	0	0	0	78	0	0	0	0
0	0	0	0	0	0	0	0	0	99	0	0	0	96	0	0	0	94	0	101	0	91	94	0	95	0	0	0	0	0	0	0	0	0	0	0	0	193	0	0	0	0	99	0	97	0	0	0	0	0	0	0	0	0	92	0	0	0	0	0	0	0	0	0	0	0	0	0	0	0	0	0	0	0	0	0	93	0	0	0	0	0	95	0	0	0
0	0	0	0	0	0	0	0	0	0	0	0	0	0	0	0	0	0	0	0	0	0	0	258	0	0	0	0	256	0	0	265	0	0	0	0	0	0	0	0	0	0	82	0	0	0	366	317	0	0	0	0	285	0	0	0	300	0	0	0	0	0	0	0	0	0	0	0	258	0	0	0	373	0	0	302	0	0	0	0	0	0	0	0	0	0
0	0	0	0	0	0	0	16	14	0	0	0	0	0	0	0	0	0	0	0	0	0	0	0	0	0	0	0	0	0	0	0	0	15	0	0	0	0	0	0	0	0	0	0	0	0	0	0	16	0	0	0	0	0	0	0	0	0	0	0	0	0	0	0	0	0	0	0	0	17	0	0	0	0	0	0	0	0	0	0	0	0	0	0	0	0
0	0	0	0	0	0	0	0	0	0	0	0	0	0	0	0	0	0	0	0	0	0	0	0	0	0	0	0	0	0	0	0	0	0	0	112	0	0	0	0	0	0	0	0	0	0	0	0	0	0	0	129	0	0	0	0	0	0	0	0	0	0	0	0	0	0	0	0	0	0	0	0	0	0	0	0	0	0	0	0	0	0	0	0	0	0
0	0	0	0	0	0	0	0	0	0	0	0	0	0	0	0	0	0	0	0	0	0	0	0	0	0	0	0	0	0	0	0	0	0	0	0	0	0	0	0	0	0	0	0	0	0	0	0	0	0	0	0	0	0	0	0	0	0	0	0	196	0	0	0	0	0	0	0	0	0	0	0	0	0	0	0	0	0	0	0	0	30	0	0	0	0
0	0	0	0	0	0	0	0	0	0	0	0	0	0	0	0	0	0	0	0	0	0	0	0	0	0	0	0	0	0	0	0	0	0	0	0	45	0	38	0	0	0	0	0	0	0	0	0	0	0	0	0	0	0	0	0	0	0	0	0	0	0	0	0	0	0	0	0	0	0	0	0	0	46	0	0	0	0	0	0	0	0	0	0	0	0
0	0	0	0	0	158	187	0	0	190	0	0	0	0	0	0	0	0	0	0	0	0	184	0	0	0	0	171	0	0	0	0	170	0	0	176	0	0	0	0	0	0	0	0	188	181	0	0	0	0	181	196	0	0	0	0	0	179	0	0	0	0	0	0	177	0	0	0	0	0	0	0	0	0	191	0	0	172	174	180	180	0	0	0	0	0
0	0	0	0	0	0	0	188	176	0	0	0	0	0	0	0	0	0	0	0	0	0	0	0	0	0	0	0	0	0	0	0	0	0	0	0	0	0	0	0	0	163	0	0	0	0	0	0	0	0	0	0	0	0	0	0	0	0	0	0	0	0	0	199	0	0	0	0	0	207	0	0	0	0	0	0	0	0	0	0	0	0	0	0	186	0
0	0	0	0	0	0	0	0	0	0	0	0	0	0	0	0	0	0	0	0	0	0	0	0	0	0	0	0	0	0	0	294	0	0	0	0	0	0	0	168	0	0	0	0	0	0	0	0	0	0	0	0	0	0	0	0	374	0	0	0	0	0	0	0	0	0	0	0	0	0	0	0	0	0	0	0	0	0	0	0	0	0	0	0	0	0
0	286	0	271	264	277	0	295	253	282	276	153	266	0	0	245	0	274	256	287	0	268	276	401	275	285	0	0	451	0	0	423	0	265	0	297	218	22	183	0	273	0	289	98	265	271	418	435	281	161	277	0	410	275	0	254	424	0	0	0	258	0	273	0	302	0	0	311	421	299	303	249	421	286	270	399	264	278	298	307	286	140	269	0	288	272
0	0	0	0	0	0	0	0	0	0	0	0	0	0	0	0	0	0	0	0	0	0	0	0	0	0	0	0	0	0	0	0	0	0	0	0	0	0	0	169	0	0	0	0	0	0	0	0	0	0	0	0	0	0	0	0	0	0	0	0	0	0	0	0	0	0	0	0	0	0	0	0	0	0	0	0	0	0	0	0	0	85	0	0	0	0
0	0	0	0	0	0	132	0	0	0	149	0	0	0	0	0	0	0	0	0	0	0	0	320	0	0	0	0	0	0	0	0	0	0	0	0	0	0	0	0	0	261	0	0	0	0	0	0	0	0	0	0	0	0	0	0	0	0	0	0	0	0	0	0	0	0	0	0	0	0	0	0	0	0	0	0	0	0	0	0	0	0	0	0	0	0
0	0	0	0	0	0	0	0	0	0	13	0	11	0	0	0	0	0	0	0	0	0	0	0	0	0	0	0	0	0	0	0	0	0	0	0	12	0	10	0	0	0	0	6	0	0	0	0	0	9	0	0	0	0	0	0	0	0	0	0	0	0	0	0	0	0	0	0	0	0	0	8	0	10	0	0	0	0	0	0	0	0	0	0	0	0
0	0	0	0	0	0	0	0	0	0	0	0	0	0	0	0	0	0	0	0	0	0	0	0	0	0	0	0	0	0	0	279	0	0	0	250	0	0	0	0	0	0	0	0	0	0	0	0	0	0	0	0	0	0	0	0	0	0	0	0	0	0	0	0	208	0	0	0	376	0	0	0	0	0	0	0	0	0	0	0	0	0	0	0	0	0
0	168	246	0	159	186	179	236	220	182	0	87	104	177	205	196	0	176	188	183	158	173	0	359	176	168	226	0	371	203	164	365	199	0	210	168	259	0	84	135	156	0	182	78	180	173	275	0	197	83	173	189	364	181	171	157	0	171	176	203	184	184	186	149	169	183	81	276	366	147	223	166	231	91	183	0	171	164	166	172	172	161	173	177	179	166
0	0	0	0	0	0	0	0	0	0	0	136	131	0	0	0	0	0	0	0	0	0	0	0	0	0	0	0	0	0	0	0	0	0	0	0	266	0	0	0	0	0	0	0	0	0	0	0	0	0	0	0	0	0	0	0	0	0	0	0	0	0	0	0	0	0	254	0	0	0	0	153	0	0	0	0	0	0	0	0	0	0	0	0	0	0
0	211	0	0	0	0	0	0	0	0	0	0	0	0	0	0	0	0	0	0	0	0	0	0	0	0	0	0	0	0	0	0	0	0	0	0	0	0	0	116	0	0	0	0	0	0	0	0	0	0	0	0	0	0	0	0	0	0	230	0	0	0	0	0	0	0	0	194	0	0	0	0	0	0	0	0	0	0	0	0	0	0	0	0	0	0
215	232	193	0	186	223	90	226	217	91	0	0	0	89	204	178	210	88	225	93	193	207	87	0	220	232	207	205	0	79	85	0	0	216	185	222	0	70	0	0	191	0	91	0	220	87	0	0	231	0	86	98	0	93	86	215	0	206	210	220	180	172	93	0	247	0	0	0	0	0	172	0	0	0	94	0	214	210	229	213	225	0	87	199	238	213
0	0	0	0	0	0	0	0	0	0	0	0	0	0	0	0	0	0	0	0	0	0	0	0	0	0	0	0	0	0	0	0	0	70	0	0	0	0	0	0	0	0	0	0	0	0	0	0	70	0	0	0	0	0	0	0	0	0	0	0	0	0	0	0	0	0	0	0	0	0	75	0	0	0	0	0	0	0	0	0	0	0	0	0	0	0
0	0	0	0	0	65	0	0	0	0	0	0	0	71	0	0	0	0	0	0	0	0	0	0	0	0	0	0	0	0	0	0	0	0	0	0	0	0	0	0	0	0	0	0	0	205	0	0	0	0	0	0	0	0	0	0	0	0	0	0	0	0	0	0	0	0	0	0	0	0	0	0	0	0	0	0	0	0	0	0	0	0	0	0	0	0
0	0	0	0	0	0	222	0	0	0	0	0	0	0	0	0	0	0	0	230	0	0	0	0	0	0	0	0	0	0	0	0	0	0	0	0	0	0	0	0	0	0	0	0	212	0	0	0	0	0	0	0	0	217	0	0	283	0	0	0	0	0	220	0	0	0	0	0	0	0	0	0	0	0	217	282	211	0	0	0	0	0	0	0	0	0
0	0	0	0	0	0	0	0	0	0	0	0	0	0	0	0	0	0	0	0	0	0	0	0	0	0	0	89	0	0	0	91	0	0	0	0	0	0	0	0	0	0	0	0	0	0	0	0	0	0	0	0	0	0	0	0	0	0	0	0	0	0	0	0	0	0	0	0	95	0	0	0	0	0	0	0	0	0	0	0	0	0	0	0	0	0
0	0	0	0	0	0	0	0	0	0	0	0	0	215	0	0	0	0	0	0	0	0	0	0	0	0	0	0	0	0	0	0	0	0	0	0	0	0	0	0	0	0	0	0	0	0	0	0	0	0	0	0	0	0	0	0	0	0	0	0	0	0	0	0	0	0	0	0	0	0	0	137	0	0	0	0	0	0	0	0	0	0	0	0	0	0
0	0	0	0	0	0	0	0	0	0	0	0	0	0	0	0	0	0	0	0	0	0	0	0	0	0	0	0	0	0	0	0	0	0	0	0	0	0	0	0	0	0	0	0	0	0	0	0	0	0	0	0	0	0	240	0	0	0	0	0	161	0	0	0	0	0	0	0	0	0	0	0	0	0	0	0	0	0	0	0	0	0	0	0	0	0
0	0	0	0	0	0	0	0	0	0	0	0	0	0	0	0	0	0	0	0	0	182	0	0	0	0	0	0	0	0	0	0	0	0	0	0	0	0	0	141	0	0	0	0	0	0	0	0	0	0	0	0	0	0	180	0	0	0	0	0	129	0	0	0	0	0	0	0	0	0	0	0	0	0	0	0	180	0	0	0	181	0	0	0	0	0
0	0	0	0	0	0	0	0	0	0	0	0	0	0	0	0	0	0	0	0	0	0	0	0	0	0	0	90	0	0	0	0	0	0	0	0	0	0	0	0	0	0	0	0	0	0	0	0	0	0	0	0	0	0	0	0	0	95	0	0	0	0	0	0	0	0	0	0	0	0	0	0	0	0	0	0	0	0	0	0	0	0	0	0	0	0
0	0	0	0	0	0	0	0	0	0	0	0	0	0	0	0	0	0	0	0	0	0	0	0	0	0	0	0	323	0	0	348	0	0	0	0	0	0	0	0	0	0	0	0	0	0	341	218	0	0	0	0	221	0	0	0	256	0	0	0	0	0	0	0	0	0	0	0	339	0	0	0	247	0	0	211	0	0	0	269	0	0	0	0	0	0
0	0	0	0	0	0	0	0	0	0	0	0	0	0	0	0	0	0	0	0	0	0	0	375	0	0	0	0	0	0	0	0	0	0	0	0	0	0	0	0	0	0	0	0	0	0	0	0	0	0	0	0	381	0	0	0	0	0	0	0	0	0	0	0	0	0	0	0	0	0	0	0	0	0	0	0	0	0	0	0	0	0	0	0	0	0
0	0	0	0	0	0	0	0	0	0	0	0	0	0	0	0	0	0	0	0	0	0	0	0	0	0	0	0	0	0	0	0	0	0	0	0	0	249	0	0	0	0	0	0	0	0	0	0	0	0	0	0	0	0	0	0	0	0	0	0	0	0	0	0	0	0	0	0	0	0	0	0	0	0	216	281	0	0	0	0	0	0	204	0	0	0
0	0	0	0	0	0	0	0	0	0	0	0	0	0	0	0	0	0	0	0	0	0	0	0	0	0	0	0	0	0	0	0	0	0	0	0	0	0	0	0	0	0	0	0	0	0	0	0	0	0	0	0	0	0	0	0	0	0	0	0	0	194	0	0	0	0	0	0	0	0	0	0	0	0	0	0	0	0	0	0	0	0	0	0	0	250
0	0	0	0	0	0	0	0	0	0	0	0	0	0	0	0	0	0	0	0	0	0	0	0	0	0	0	0	354	0	0	0	0	0	0	0	0	0	0	0	0	0	0	0	0	0	0	348	0	0	0	0	0	0	0	0	0	0	0	0	0	0	0	0	0	0	0	0	0	0	0	0	0	0	0	0	0	0	0	0	0	0	0	0	0	0
77	82	80	184	78	75	86	72	67	87	46	198	211	85	78	71	75	84	80	89	78	83	83	302	85	83	83	82	63	77	82	83	82	63	81	82	151	44	0	69	77	240	87	0	87	83	94	91	63	43	82	94	89	89	83	81	91	85	75	76	64	74	89	205	83	76	0	64	85	213	69	0	88	108	90	80	85	83	81	85	87	46	83	71	84	77
0	0	0	0	0	0	0	0	0	0	0	0	0	0	0	0	0	0	0	0	0	0	0	198	0	0	0	0	311	0	0	345	0	0	0	0	0	0	0	0	0	0	0	0	0	0	344	236	0	0	0	0	0	0	0	0	253	0	0	0	0	0	0	0	0	0	0	0	342	0	0	0	249	0	0	217	0	0	0	0	0	0	0	0	0	0
0	0	0	166	0	0	0	0	0	0	173	160	135	0	0	0	0	0	0	0	0	0	0	0	0	0	0	0	0	0	0	0	0	0	0	0	262	0	219	0	0	0	0	112	0	0	0	0	0	114	0	0	0	0	0	0	0	0	0	0	0	0	0	0	0	0	158	0	0	0	0	201	0	192	0	0	0	0	0	0	0	0	0	0	0	0
0	0	0	0	0	0	0	0	0	0	0	0	0	0	220	0	218	0	0	0	0	0	0	286	0	0	0	0	249	0	0	0	0	0	0	263	0	0	0	0	0	0	0	0	0	0	0	0	0	0	0	0	0	0	0	0	0	0	0	0	0	0	0	0	0	0	0	0	0	0	0	231	0	0	0	0	0	0	263	242	0	0	0	0	247	0
0	0	0	22	0	0	0	0	0	0	0	245	0	0	0	0	0	0	0	0	0	0	0	0	0	0	0	0	0	0	0	0	0	0	0	0	0	0	0	0	0	0	0	0	0	0	0	0	0	0	0	0	0	0	0	0	0	0	0	0	0	0	0	0	0	0	0	0	0	0	0	156	0	0	0	0	0	0	0	0	0	0	0	0	0	0
0	0	0	0	229	0	0	0	0	0	0	0	0	0	0	0	0	0	0	0	0	0	0	0	0	0	0	0	0	0	0	0	0	0	0	0	0	0	0	0	0	159	0	0	0	0	0	0	0	0	0	0	0	0	0	0	0	0	0	0	0	0	0	0	0	0	0	0	0	0	0	0	0	0	0	0	0	0	0	0	0	0	0	0	0	0
0	0	0	0	0	0	0	0	0	0	0	0	140	0	0	0	0	0	0	0	0	0	0	0	0	0	0	0	0	0	0	0	0	0	0	0	0	0	0	0	0	0	0	0	0	0	0	0	0	0	0	0	0	0	0	0	0	0	0	0	0	0	0	0	0	0	0	0	0	0	0	274	0	0	0	0	0	0	0	0	0	0	0	0	0	0
0	0	0	0	0	0	0	0	0	0	0	0	0	0	0	0	0	0	0	0	0	0	0	43	0	0	0	0	0	0	0	0	47	0	0	0	0	0	0	0	0	0	0	0	0	0	0	0	0	0	0	0	0	0	0	0	0	0	0	0	0	0	0	0	48	0	0	0	0	0	0	0	0	0	0	0	0	0	0	0	0	0	0	0	0	0
0	0	0	0	0	0	0	203	191	0	0	0	0	0	0	0	0	0	0	0	0	0	0	0	0	0	0	0	0	0	0	0	0	0	0	0	0	0	0	0	0	0	0	0	0	0	0	0	0	0	0	0	0	0	0	0	0	0	0	0	0	0	0	0	0	0	0	0	0	0	0	0	0	0	0	0	0	0	0	0	0	0	0	0	0	0
0	0	0	0	0	0	0	0	0	0	0	0	0	0	0	0	0	0	0	0	0	0	0	0	0	0	0	0	392	0	0	0	0	284	0	0	0	0	0	0	0	0	0	0	0	0	0	0	0	0	0	0	0	0	0	0	271	0	0	0	0	0	0	0	0	0	0	0	0	0	0	0	0	249	0	0	0	0	0	0	0	0	0	0	0	0
0	0	0	39	0	0	0	0	0	0	0	167	0	0	0	0	0	59	0	0	0	0	0	0	0	0	0	0	0	0	0	0	0	0	0	0	0	0	0	0	0	0	0	0	0	0	0	0	0	0	0	0	0	64	0	0	0	0	52	0	0	0	0	0	0	0	0	0	0	0	0	0	0	0	0	0	0	0	0	0	0	0	0	0	0	0
0	0	0	0	0	0	0	0	0	0	0	0	0	0	0	0	0	0	0	0	0	0	0	0	0	0	0	0	220	0	0	291	0	0	0	0	0	0	0	0	0	0	0	0	0	0	0	232	0	0	0	0	346	0	0	0	315	0	0	0	0	0	0	0	0	0	0	0	288	0	0	0	237	0	0	269	0	0	0	0	0	0	0	0	0	0
0	0	0	0	0	0	0	0	0	0	0	0	0	0	0	0	0	0	0	0	0	0	0	307	0	0	0	0	0	0	0	355	0	0	0	0	0	0	0	0	0	0	0	0	0	0	232	0	0	0	0	0	0	0	0	0	0	0	0	0	0	0	0	0	0	0	0	0	0	0	0	0	281	0	0	0	0	0	0	0	0	0	0	0	0	0
0	0	0	145	0	0	0	0	32	0	0	0	0	0	0	0	0	0	0	0	0	0	0	0	0	43	0	0	0	0	0	0	0	0	0	0	0	0	0	0	0	0	0	0	0	0	0	0	0	0	0	0	0	0	0	0	0	0	0	0	0	0	0	0	0	0	0	0	0	0	0	0	0	0	0	0	0	0	0	0	0	0	0	0	0	0
0	0	0	0	0	0	0	0	0	0	0	0	126	0	0	0	0	0	0	0	0	0	0	0	0	0	0	0	0	0	0	0	0	0	0	0	271	0	0	0	0	0	0	0	0	0	0	0	0	0	0	0	0	0	0	0	0	0	0	0	0	0	0	0	0	0	0	0	0	0	0	88	0	0	0	0	0	0	0	0	0	0	0	0	0	0
0	0	0	0	0	0	0	0	266	0	0	0	0	0	0	0	0	0	0	0	0	0	0	0	165	0	0	0	0	0	0	0	0	0	0	0	0	0	0	0	0	0	0	0	0	0	0	0	0	0	0	0	0	0	0	0	0	0	0	0	0	0	0	0	0	0	0	0	0	0	0	0	0	0	0	0	0	154	0	0	0	0	0	0	0	0
0	0	0	25	0	0	0	0	0	0	0	0	0	0	0	0	0	0	0	0	0	0	0	0	0	0	0	0	0	0	0	0	0	0	0	0	0	0	0	0	0	0	0	124	0	0	0	0	0	0	0	0	0	0	0	0	0	0	0	0	0	0	0	0	0	0	0	0	0	0	0	0	0	0	0	0	0	0	0	0	0	0	0	0	0	0
0	0	0	0	0	0	0	0	0	0	0	0	0	0	0	0	147	0	0	0	0	0	0	0	0	0	0	0	0	0	0	0	0	0	0	0	0	0	0	0	0	0	0	0	0	0	0	0	0	0	0	0	0	0	0	0	0	0	0	0	193	0	0	0	0	0	0	0	0	0	0	0	0	0	0	0	0	0	0	0	0	0	0	0	0	0
220	0	0	170	222	77	87	227	231	88	48	40	45	86	189	187	182	85	216	90	192	84	84	0	86	0	218	83	90	185	86	86	0	206	203	0	46	9	39	201	222	0	88	37	88	84	97	0	0	45	83	95	0	90	84	196	0	86	184	209	187	176	90	0	0	215	0	65	0	68	0	41	0	47	91	301	86	231	0	221	226	0	84	174	85	78
0	0	0	0	0	0	0	0	0	0	0	0	0	0	0	0	0	0	0	0	0	0	0	0	0	0	0	0	0	0	0	0	0	0	0	0	0	0	0	0	0	227	0	0	0	0	0	0	0	0	0	0	0	0	0	0	0	0	0	0	0	0	0	198	0	0	0	228	0	0	0	0	0	0	0	0	0	0	0	0	0	0	0	0	0	0
211	224	171	122	168	162	191	158	0	194	0	0	0	189	165	155	157	186	213	194	198	184	188	274	187	180	221	175	180	204	175	179	174	153	218	262	0	88	0	144	182	0	193	0	192	185	203	192	151	0	185	200	195	193	0	204	262	183	180	158	132	200	198	160	181	161	0	144	191	157	153	0	201	0	195	188	183	176	178	256	184	196	184	189	190	177
0	0	0	0	0	0	0	0	0	0	0	0	0	0	0	0	0	0	0	0	0	0	0	239	0	0	0	0	328	0	0	278	0	149	0	0	0	0	0	0	0	0	0	0	0	0	301	238	0	0	0	0	351	0	0	0	317	0	0	0	0	0	0	0	0	0	0	0	281	0	0	0	239	0	0	0	0	0	0	0	0	0	0	0	0	0
79	85	82	56	81	78	92	73	69	93	47	0	44	91	80	73	0	90	82	95	81	86	89	0	89	84	86	86	211	0	0	85	85	65	0	84	274	60	222	71	80	226	93	0	91	89	96	0	66	44	88	0	0	95	0	83	0	90	76	78	0	0	95	73	86	78	159	66	87	70	70	170	90	0	96	82	89	85	83	87	89	0	89	74	88	82
0	0	0	0	0	0	0	0	0	0	252	0	0	0	0	0	0	212	0	0	0	0	223	0	0	0	0	0	0	0	0	0	0	0	0	0	0	0	0	0	0	0	0	0	0	221	0	0	0	0	213	0	0	0	0	0	0	0	0	0	0	0	0	0	0	0	0	0	0	0	0	0	0	0	0	0	0	0	0	0	0	0	0	0	0	199
0	0	0	0	0	0	0	247	255	0	0	0	0	0	0	0	0	0	0	0	0	0	0	0	0	0	0	0	0	0	0	0	0	0	0	0	0	0	0	0	0	0	0	0	0	0	0	0	216	0	0	0	0	0	0	0	0	0	0	0	0	0	0	0	0	0	0	272	0	0	252	0	0	0	0	0	0	0	0	0	0	0	0	0	241	0
78	83	81	229	80	76	88	224	68	89	206	248	272	87	79	72	76	86	81	91	80	208	85	80	87	234	85	84	89	78	84	84	83	64	82	221	226	65	135	70	79	135	89	213	89	85	95	92	65	108	84	96	90	91	85	82	92	87	182	77	179	75	91	239	85	77	212	180	86	69	171	109	89	199	92	81	87	84	82	86	88	21	85	73	86	79
0	0	0	0	0	0	0	0	0	0	0	0	0	88	0	0	0	87	0	92	0	0	86	0	0	0	0	0	0	0	0	333	0	0	0	0	0	0	0	0	0	0	90	0	0	86	241	0	0	0	0	0	332	0	202	0	0	0	0	0	0	0	0	0	0	0	0	179	333	219	0	0	0	0	0	0	0	0	0	0	0	0	0	0	0	80
0	0	0	0	0	0	0	0	0	0	0	0	0	0	0	0	0	0	0	0	0	0	0	0	217	0	0	0	0	0	0	0	0	0	0	0	0	0	0	0	0	0	0	0	224	0	0	0	0	0	0	0	0	0	0	0	0	0	0	0	0	0	0	0	0	0	0	0	0	0	0	0	0	0	0	0	0	0	0	0	0	0	0	0	0	0
0	0	0	0	0	0	0	0	0	0	0	0	0	0	0	0	0	0	0	0	0	0	0	76	0	0	0	0	86	0	0	80	0	0	0	0	0	0	0	0	0	0	0	0	0	0	90	87	0	0	0	0	84	0	0	0	87	0	0	0	0	0	0	0	0	0	0	0	82	0	0	0	85	0	0	76	0	0	0	0	0	0	0	0	0	0
0	0	0	0	0	0	0	0	0	0	0	0	0	0	0	0	0	0	0	0	0	0	0	0	0	0	0	0	241	0	0	375	0	0	0	0	0	0	0	0	0	0	0	0	0	0	271	282	0	0	0	0	270	0	0	0	0	0	0	0	0	0	0	0	0	0	0	0	372	0	0	0	319	0	0	0	0	0	0	0	0	0	0	0	0	0
0	0	0	0	0	0	0	0	0	223	0	0	0	0	0	0	0	0	0	0	0	0	0	0	0	0	0	0	0	0	0	0	0	0	0	0	0	0	0	147	0	0	0	0	0	0	0	0	0	0	0	0	0	0	0	0	0	0	0	0	0	0	0	0	0	0	0	0	0	0	0	120	0	0	0	0	0	0	0	0	0	0	0	0	0	0
221	214	237	0	79	0	0	228	224	0	0	0	0	0	190	188	0	0	205	0	79	0	0	0	0	218	84	0	0	0	0	0	202	0	204	83	0	0	0	181	78	258	0	0	0	0	0	93	64	0	0	0	0	0	0	0	0	0	183	210	0	0	0	0	84	216	0	0	0	0	233	0	0	0	0	0	0	230	0	222	236	0	0	72	0	0
0	0	0	0	0	0	0	0	0	0	0	0	0	0	0	0	0	0	0	0	0	0	0	215	0	0	0	0	0	0	0	0	0	0	0	0	0	0	0	0	0	0	0	0	0	0	0	0	223	0	0	0	0	0	0	0	0	0	0	0	0	0	0	0	0	0	0	0	0	0	0	0	0	0	0	0	0	0	0	0	0	0	0	0	0	0
0	0	0	0	0	0	0	0	0	0	0	0	0	0	0	0	0	0	0	0	0	0	0	0	0	0	0	0	0	0	0	0	0	61	0	0	0	0	0	0	0	0	0	0	0	0	0	0	61	0	0	0	0	0	0	0	0	0	0	0	0	0	0	69	0	0	0	0	0	0	0	0	0	0	0	0	0	0	0	0	0	0	0	0	0	0
0	0	0	0	0	0	91	0	0	92	0	0	0	0	0	0	0	89	0	94	0	85	88	81	88	0	0	85	0	0	0	0	0	0	0	0	0	10	0	0	0	255	92	0	90	88	0	0	0	0	87	99	91	94	87	0	335	89	0	0	0	0	94	0	0	0	0	0	0	0	0	0	0	0	95	0	88	0	0	0	0	0	88	0	0	81
0	0	0	0	0	0	0	0	0	0	0	0	0	0	0	0	0	0	0	30	0	0	0	0	0	0	28	0	0	0	0	0	0	0	0	0	0	0	0	0	0	0	0	0	0	0	0	0	0	0	0	0	0	0	0	0	0	0	0	0	0	0	0	0	0	0	0	0	0	0	0	0	0	0	0	0	0	0	0	0	0	0	0	0	0	0
0	0	0	0	0	0	0	0	0	0	0	0	142	0	0	0	0	0	0	0	0	0	0	0	0	0	0	79	0	0	0	0	0	0	0	0	111	0	0	0	0	0	0	0	0	0	0	0	0	0	0	0	0	0	0	0	0	82	0	0	0	0	0	0	0	0	0	0	0	0	0	270	0	0	0	0	0	0	0	0	0	0	0	0	0	0
0	0	0	0	0	0	0	0	0	0	0	0	0	0	0	0	0	0	0	0	0	0	0	0	0	0	0	0	0	0	0	176	0	0	0	0	0	0	0	0	0	0	0	0	0	0	238	0	0	0	0	0	192	0	0	0	0	0	0	0	0	0	0	0	0	0	0	0	188	0	0	0	198	0	0	0	0	0	0	0	0	0	0	0	0	0
0	0	0	0	0	0	0	0	0	0	0	0	0	0	0	0	0	0	0	0	0	0	0	0	0	0	0	0	0	0	0	0	0	0	0	0	0	292	0	0	0	23	0	0	0	0	0	0	0	0	0	0	0	0	0	0	0	0	0	0	0	0	0	0	0	0	0	0	321	0	0	0	0	0	0	0	0	0	0	0	0	0	0	0	0	198
0	0	0	0	0	0	0	0	0	0	0	0	0	0	0	0	0	0	0	0	0	0	0	0	0	0	0	0	0	0	0	0	0	0	0	0	0	0	0	0	0	193	0	0	0	0	0	0	0	0	0	0	0	0	0	0	0	0	0	0	0	0	0	0	0	0	0	59	0	0	0	0	0	0	0	0	0	0	0	0	0	0	0	0	0	0
0	84	211	0	0	0	89	0	0	90	204	0	0	0	0	0	0	0	0	0	0	0	0	0	221	0	0	206	88	0	0	362	0	0	0	0	224	112	136	0	0	137	0	0	219	0	0	0	0	112	85	97	88	92	0	0	0	88	0	0	0	0	92	0	0	0	215	0	0	0	0	0	0	0	93	79	0	0	0	0	0	0	86	0	0	0
0	0	0	0	0	0	0	0	0	0	0	0	0	0	0	0	0	0	0	0	0	0	0	0	0	208	0	0	0	0	0	0	206	0	0	244	0	0	0	0	0	0	0	0	0	0	0	0	0	0	0	0	0	0	0	0	0	0	0	0	0	0	0	0	226	0	0	0	0	0	0	0	0	0	0	0	0	0	0	0	0	0	0	0	0	0
0	0	0	0	0	0	192	159	147	0	0	0	0	190	0	0	0	0	0	195	0	185	189	170	188	0	0	0	248	0	0	0	0	0	0	0	0	262	0	0	0	0	0	0	0	0	300	0	152	0	186	0	196	0	0	0	0	184	0	0	0	0	199	161	0	0	0	145	192	158	154	0	202	0	196	189	184	0	0	0	0	0	0	0	0	178
0	0	0	0	0	0	0	225	221	0	0	0	0	0	0	0	0	0	0	0	0	0	0	0	0	0	0	0	0	0	0	0	0	215	0	0	0	0	0	0	0	0	0	0	0	0	0	0	232	0	0	0	0	0	0	0	0	0	0	0	0	0	0	237	0	0	0	0	0	218	174	0	0	0	0	0	0	0	0	0	0	0	0	0	87	0
223	0	0	0	0	0	0	0	0	0	0	0	234	0	0	0	0	0	0	0	0	0	0	0	0	0	0	0	0	0	0	0	0	0	0	0	0	0	0	0	0	0	0	0	0	0	0	0	0	0	0	0	0	0	0	0	0	0	0	0	0	0	0	0	0	0	0	0	0	0	0	0	0	0	0	0	0	0	0	0	0	0	0	0	0	0
0	0	0	0	0	0	0	0	0	0	0	0	0	0	0	0	0	0	0	0	0	0	0	0	0	0	0	0	0	0	0	0	0	0	0	0	0	77	0	0	0	0	0	0	0	0	0	0	0	0	0	0	0	0	0	0	0	0	0	0	0	0	0	0	0	0	0	0	0	0	0	0	0	0	0	0	0	0	0	0	0	13	0	0	0	0
0	0	0	0	0	0	0	0	0	0	0	0	0	0	0	0	0	0	0	0	0	0	0	0	0	0	0	0	280	0	0	0	0	0	0	0	0	0	0	0	0	0	0	0	0	0	0	242	0	0	0	0	0	0	0	0	320	0	0	0	0	0	0	0	0	0	0	0	0	0	0	0	0	0	0	0	0	0	0	0	0	0	0	0	0	0
110	118	118	83	112	107	0	201	183	128	68	0	64	123	111	104	104	123	113	129	113	121	125	0	122	119	0	118	0	111	118	0	117	97	113	119	67	172	59	92	112	80	128	56	126	120	141	131	97	0	122	135	0	127	120	114	131	125	108	109	86	105	132	106	120	110	58	99	0	105	98	61	132	68	130	0	121	119	118	122	125	148	123	106	124	115
0	0	0	0	0	0	0	0	0	0	0	0	0	0	0	0	0	0	0	0	0	0	0	0	0	0	0	0	0	0	0	0	0	0	0	0	0	0	0	0	0	0	0	86	0	0	0	0	0	0	0	0	0	0	0	0	0	0	0	0	0	0	0	0	0	0	0	0	0	0	0	0	0	0	0	0	0	0	0	0	0	246	0	0	0	0
0	0	0	0	0	0	0	0	0	0	0	0	0	0	0	0	0	0	0	197	0	0	0	172	0	0	0	0	0	0	0	0	0	0	0	0	0	0	0	0	0	0	0	0	0	0	0	0	0	0	0	0	0	0	0	0	0	0	0	0	0	0	0	0	0	0	0	0	0	0	0	0	0	0	198	0	0	0	0	0	0	0	0	0	0	0
0	0	0	0	0	0	0	0	0	0	0	0	0	0	0	0	0	0	0	0	0	0	0	0	0	0	0	0	0	0	0	0	0	0	0	0	0	0	0	0	0	0	0	0	0	0	0	0	0	0	0	0	0	0	0	0	0	0	0	0	0	0	0	0	0	0	0	0	0	0	0	281	0	157	0	0	0	0	0	0	0	0	0	0	0	0
0	0	0	199	0	0	0	0	0	0	0	0	0	0	0	0	0	0	0	0	0	0	0	0	0	0	0	0	0	0	0	0	0	0	0	0	0	0	0	0	0	0	0	181	0	0	0	0	0	0	0	0	0	0	0	0	0	0	0	0	0	0	0	0	0	0	0	262	0	0	0	0	0	0	0	0	0	0	0	0	0	0	0	0	0	0
0	0	0	0	0	0	0	0	0	0	0	0	0	0	0	0	0	0	0	0	0	0	0	289	0	0	0	0	0	0	0	0	0	0	0	0	0	0	0	0	0	0	0	0	0	0	0	0	0	0	0	0	0	0	0	0	0	0	0	0	0	0	0	0	0	0	0	0	0	0	0	0	96	0	0	0	0	0	0	0	0	0	0	0	0	0
0	0	0	161	0	0	0	0	0	0	0	0	0	0	0	0	0	0	0	0	0	0	0	0	0	0	0	0	0	0	0	0	0	0	0	0	0	0	0	0	0	0	0	0	0	0	0	0	0	0	0	0	0	0	0	0	0	0	0	0	0	0	0	0	0	0	0	0	0	0	0	0	0	94	0	0	0	0	0	0	0	0	0	0	0	0
0	0	0	0	0	0	0	0	0	0	35	0	0	0	0	0	0	0	0	0	0	0	0	0	0	0	0	0	0	0	0	0	0	0	0	0	0	0	0	0	0	0	0	0	0	0	0	0	0	0	0	0	0	0	0	0	0	0	0	0	0	0	0	0	0	0	0	0	0	0	0	0	0	0	0	0	0	0	0	0	64	0	0	0	0	0
0	0	0	0	0	0	0	0	0	0	0	0	0	0	0	0	0	0	0	0	0	0	0	339	0	0	0	0	0	0	0	0	0	0	0	0	0	0	0	0	0	0	0	0	0	0	0	0	0	0	0	0	0	0	0	0	0	0	0	0	0	0	0	0	0	0	0	0	0	0	0	0	0	0	0	347	0	0	0	0	0	0	0	0	0	0
0	0	0	0	0	0	0	0	0	0	0	0	0	0	0	0	0	0	0	0	0	0	212	0	0	0	0	0	0	0	0	0	0	0	0	0	0	0	0	0	0	0	0	0	0	0	0	0	201	0	0	0	0	0	0	0	0	0	0	0	0	0	0	0	0	0	0	0	0	0	0	205	0	0	0	0	0	0	0	0	0	0	0	0	0	0
0	0	0	0	0	0	0	0	0	0	0	114	0	0	0	0	0	0	0	0	0	0	0	0	0	0	0	0	0	0	0	0	0	0	0	0	250	0	147	0	0	0	0	0	0	0	0	0	0	131	0	0	0	0	0	0	0	0	0	0	0	0	0	0	0	0	0	0	0	0	0	0	0	0	0	0	0	0	0	0	0	0	0	0	0	0
0	0	0	227	0	0	0	0	0	0	153	252	267	0	0	0	0	0	0	0	0	0	0	0	0	0	0	0	0	0	0	0	0	0	0	0	227	0	0	0	0	0	0	219	0	0	0	0	0	116	0	0	0	0	0	0	0	0	0	0	0	0	0	0	0	0	216	0	0	0	0	232	0	0	0	0	0	0	0	0	0	0	0	0	0	0
0	0	0	228	0	0	0	0	0	0	205	253	271	0	0	0	0	0	0	0	0	0	0	0	0	0	0	0	0	0	0	0	0	0	0	0	225	0	138	0	0	134	0	214	0	0	0	0	0	111	0	0	0	0	0	0	0	0	0	0	0	0	0	0	0	0	214	182	0	0	0	108	0	198	0	0	0	0	0	0	0	0	0	0	0	0
0	0	0	0	0	0	0	0	0	0	0	0	0	0	0	0	0	48	0	0	0	0	0	0	0	0	0	0	0	0	0	0	0	0	0	0	0	0	0	0	0	0	0	0	0	0	0	0	0	0	0	0	0	0	0	0	0	0	0	0	0	0	0	0	0	0	0	0	0	0	0	0	0	0	0	0	0	0	0	202	253	0	0	0	0	0
0	0	0	0	0	0	0	0	0	0	0	0	0	0	0	0	0	0	0	0	0	0	0	0	0	0	77	0	0	0	0	0	0	0	0	0	0	0	0	64	0	0	0	0	0	0	0	0	0	0	0	0	0	0	0	75	0	0	0	0	58	0	0	0	0	0	0	0	0	0	0	0	0	0	0	0	0	0	0	0	0	0	0	0	0	0
0	0	0	0	161	0	0	149	0	0	0	0	0	0	0	148	0	0	0	0	0	0	0	0	0	0	0	0	170	0	0	168	0	0	0	0	0	0	0	0	0	0	0	0	0	0	0	0	0	0	0	0	0	0	0	0	0	0	0	0	0	0	0	0	0	0	0	0	0	0	0	0	0	0	0	0	0	0	0	0	0	0	0	0	0	0
0	0	0	0	0	0	0	0	0	0	0	0	0	0	0	0	0	0	0	0	0	0	0	0	0	0	0	0	283	0	0	0	0	0	0	0	0	0	0	0	0	0	0	0	0	0	311	0	0	0	0	0	0	0	0	0	0	0	0	0	0	0	0	0	0	0	0	0	285	0	0	0	0	0	0	0	0	0	0	0	0	0	0	0	0	0
0	0	0	0	0	0	0	0	0	0	0	0	0	0	0	0	0	0	0	0	0	0	0	0	0	0	0	0	0	0	0	340	0	0	0	0	0	0	0	0	0	21	0	0	0	0	0	388	0	0	0	0	334	0	0	0	356	0	0	0	0	0	0	0	0	0	0	20	331	0	0	0	276	0	0	232	0	0	0	0	0	0	0	0	0	0
0	0	0	0	0	0	0	0	0	0	0	0	0	0	0	0	0	0	0	0	0	0	0	0	0	0	0	0	0	0	0	0	0	0	0	0	0	0	119	0	0	0	0	0	0	0	0	0	0	0	0	0	0	0	0	0	0	0	0	0	0	0	0	0	0	0	0	0	0	0	0	0	0	265	0	0	0	0	0	0	0	0	0	0	0	0
0	0	0	0	0	0	0	0	0	0	0	0	0	0	0	0	0	213	0	0	0	0	0	0	0	0	0	0	351	0	0	0	0	0	0	0	0	0	0	0	0	0	0	0	0	0	0	0	0	0	214	0	0	0	0	0	0	0	0	0	0	0	0	0	0	0	0	0	0	0	0	0	0	0	0	0	0	0	0	0	0	0	0	0	0	200
0	0	0	0	0	0	0	0	0	0	0	0	0	0	0	0	0	0	0	0	0	0	0	197	0	0	0	0	312	0	0	343	0	0	0	0	0	0	0	0	0	0	0	0	0	0	343	0	0	0	0	0	222	0	0	0	258	0	0	0	0	0	0	0	0	0	0	0	343	0	0	0	248	0	0	215	0	0	0	0	0	0	0	0	0	0
163	178	172	123	169	163	193	160	148	0	191	260	230	191	166	156	158	188	166	196	168	186	190	272	189	181	171	0	302	162	176	0	175	0	168	180	188	87	197	0	165	149	194	179	193	186	204	257	0	191	187	202	240	194	184	167	340	185	157	159	0	155	200	162	182	162	180	146	265	159	155	260	240	133	197	240	185	177	179	184	185	25	185	155	192	179
0	0	0	0	0	0	0	0	0	0	0	0	0	0	0	0	0	0	0	0	0	0	0	0	0	0	0	0	276	0	0	0	0	0	0	0	0	0	0	0	0	0	0	0	0	0	309	245	0	0	0	0	0	0	0	0	324	0	0	0	0	0	0	0	0	0	0	0	279	194	0	0	0	0	0	0	0	0	0	0	0	0	0	0	0	0
0	0	0	0	0	0	0	0	184	0	0	0	0	0	0	0	0	0	0	0	0	0	0	0	0	0	0	0	0	0	0	0	0	0	0	0	0	0	0	0	0	0	0	0	0	0	0	0	0	0	0	0	0	0	0	0	0	0	0	0	0	0	0	265	0	0	0	0	0	0	0	0	0	0	0	0	0	0	0	0	0	0	0	0	0	0
0	0	0	0	0	0	0	0	0	0	0	0	0	0	0	0	0	0	0	0	0	0	0	0	0	0	0	0	340	0	0	256	0	0	0	0	0	0	0	0	0	0	0	0	0	0	253	271	0	0	0	0	248	0	0	0	363	0	0	0	0	0	0	0	0	0	0	0	268	0	0	0	310	0	0	252	0	0	0	0	0	0	0	0	0	0
0	0	0	0	0	0	0	0	0	0	0	0	0	0	0	0	0	0	0	0	0	0	0	0	0	0	0	0	0	0	0	0	0	0	0	0	0	0	0	130	0	0	0	0	0	0	0	0	0	0	0	0	0	0	0	0	0	0	0	191	0	0	0	0	0	0	0	0	0	0	0	0	0	0	0	0	0	0	0	0	0	0	0	0	0	0
0	0	0	0	0	0	0	0	0	0	0	0	0	0	0	0	0	0	0	0	0	0	0	0	0	0	0	0	0	0	0	0	0	0	0	0	0	0	0	0	0	0	0	0	0	0	0	0	0	0	0	0	0	0	201	0	0	0	0	0	0	0	0	0	0	0	0	223	0	0	0	0	0	0	0	0	0	0	0	0	0	0	0	0	0	0
0	0	0	0	0	0	0	0	0	0	0	0	0	0	0	0	0	0	0	0	0	0	0	0	0	0	0	0	0	0	0	0	0	0	0	0	0	0	0	0	0	0	0	0	0	0	0	0	0	0	0	0	0	0	0	0	0	0	0	0	0	0	0	0	0	0	0	0	0	0	0	308	0	0	0	0	286	0	0	0	0	0	0	0	0	0
0	0	0	0	0	0	0	0	0	0	0	0	0	0	0	0	0	0	0	0	0	0	0	160	0	0	0	0	370	0	0	167	0	0	0	0	0	0	0	0	0	0	0	0	0	0	192	181	0	0	0	0	183	0	0	0	0	0	0	0	0	0	0	0	0	0	0	0	179	0	0	0	188	0	0	178	0	0	0	0	0	0	0	0	0	0
0	0	0	230	0	0	0	0	0	0	0	247	273	0	0	0	0	0	0	0	0	0	0	79	0	0	0	0	0	0	0	0	0	0	0	0	0	0	0	0	0	0	0	212	0	0	93	90	0	0	0	0	0	0	205	0	90	0	0	0	0	0	0	0	0	0	0	0	362	0	0	224	229	200	0	0	0	0	0	0	0	0	0	0	0	0
0	0	0	0	0	0	0	0	0	0	0	0	0	0	0	0	0	0	0	0	0	0	0	0	0	0	0	0	437	0	0	0	0	0	0	0	0	0	0	0	0	0	0	0	0	0	0	0	0	0	0	0	0	0	0	0	0	0	0	0	0	0	0	0	0	0	0	0	0	0	0	0	0	0	0	291	0	0	0	0	0	0	0	0	0	0
0	0	0	0	0	0	0	0	0	0	0	0	0	0	0	0	0	0	0	0	0	0	0	0	0	0	0	0	0	0	0	76	0	214	0	0	0	0	0	0	0	0	0	0	0	0	0	0	234	0	0	0	0	0	0	0	0	0	0	0	0	0	0	240	0	0	0	0	0	0	269	0	0	0	0	0	0	0	0	0	0	0	0	0	0	0
0	0	0	0	0	0	0	0	0	0	0	0	0	0	0	0	0	0	0	0	0	0	0	0	0	0	0	0	0	0	0	0	0	0	0	0	0	0	0	208	0	0	0	0	0	0	0	0	0	0	0	0	0	0	0	0	0	0	0	187	0	0	0	0	0	0	0	0	0	0	0	0	0	0	0	0	0	0	0	0	0	0	0	0	0	0
0	197	239	0	0	0	0	0	0	0	0	0	0	0	0	0	0	0	0	0	0	0	0	0	0	217	0	0	0	0	0	0	201	0	0	260	0	0	0	0	0	251	0	0	0	0	0	0	0	0	0	0	0	0	0	0	0	0	0	0	0	0	0	190	231	0	0	0	0	0	0	0	0	0	0	0	0	0	0	0	0	0	0	0	0	0
0	0	0	0	0	0	0	0	0	0	0	0	0	0	0	0	0	0	0	0	0	0	0	0	0	0	0	0	0	0	0	0	0	0	0	0	0	0	0	0	0	0	0	0	0	0	0	0	0	0	0	0	0	0	0	0	0	0	0	0	0	0	0	65	0	0	0	0	0	0	61	0	0	0	0	0	0	0	0	0	0	0	0	0	72	0
0	0	0	0	0	0	0	0	0	0	0	0	0	0	0	0	0	0	0	0	0	0	28	0	0	0	0	30	0	0	0	0	0	0	0	30	0	0	0	0	0	0	0	0	0	0	0	0	0	0	0	33	0	0	0	0	0	0	0	0	0	0	0	0	0	0	0	0	0	0	0	0	0	0	0	0	0	0	0	0	0	0	0	0	0	0
0	0	0	0	0	202	0	0	0	0	0	0	0	0	0	0	0	0	0	0	0	0	0	0	0	89	0	0	0	0	0	0	223	0	0	89	0	0	0	0	0	0	0	0	0	0	0	0	0	0	0	0	0	0	0	0	0	0	0	0	0	0	0	0	91	0	0	0	0	0	0	0	0	0	0	0	0	0	0	0	0	0	0	0	0	0
0	0	0	0	0	0	0	0	0	0	0	0	0	0	0	0	0	0	0	0	0	0	0	0	0	0	0	0	257	0	0	267	0	0	0	0	0	0	0	0	0	0	0	0	0	0	361	0	0	0	0	0	0	0	0	0	301	0	0	0	0	0	0	204	0	0	134	0	0	0	0	0	0	0	0	303	0	0	0	0	0	0	0	0	0	0
0	0	0	0	0	0	0	0	0	0	0	0	0	0	0	0	0	0	0	0	0	0	0	0	0	0	0	0	0	0	0	0	0	0	0	0	0	0	0	0	0	0	0	0	137	0	0	0	0	0	0	0	0	0	0	0	0	0	0	190	219	0	0	0	0	0	0	0	0	0	0	0	0	0	0	0	130	0	0	0	0	0	0	0	0	0
0	0	0	0	0	0	0	0	0	0	0	0	0	0	0	0	0	0	0	0	0	0	0	0	0	0	0	0	0	0	0	0	0	0	0	0	0	0	0	0	0	0	0	0	0	0	0	0	0	0	0	0	0	0	0	0	0	0	0	0	0	0	0	0	0	0	0	0	0	0	0	0	0	0	0	0	0	0	0	0	0	0	0	0	265	246
0	0	0	0	0	0	0	0	0	0	0	0	0	0	0	0	0	0	0	0	0	0	0	0	0	0	0	0	0	0	0	0	0	0	0	0	0	0	157	0	0	0	0	0	27	0	0	0	0	0	0	0	0	0	27	0	0	0	0	0	0	0	0	0	0	0	0	0	0	0	0	0	0	0	0	0	0	0	0	0	0	0	0	0	0	0
0	0	0	0	0	0	0	0	0	0	0	0	0	0	0	0	0	0	0	0	0	0	0	0	0	0	0	0	0	0	0	0	0	0	0	0	0	0	0	0	224	0	0	0	0	0	0	0	0	0	0	0	0	0	0	0	0	0	0	0	0	0	0	0	0	0	0	0	0	0	0	0	0	0	0	0	0	0	0	0	34	0	0	0	0	0
0	0	0	0	0	0	271	0	0	0	0	214	169	0	0	0	0	271	0	0	252	0	273	0	272	0	0	0	0	0	0	0	0	0	0	0	129	0	164	0	0	308	0	0	0	0	0	0	0	0	0	0	0	0	0	0	0	0	0	0	0	0	0	0	0	0	0	308	0	0	0	172	0	0	0	0	0	0	0	0	0	0	0	0	0	0
26	26	25	19	25	24	27	0	25	26	0	267	255	23	23	21	24	24	26	25	26	0	22	25	25	27	23	25	30	23	24	29	27	26	26	25	210	296	113	20	25	164	26	195	26	25	345	28	25	14	22	26	30	27	26	25	0	27	23	23	20	23	26	26	27	22	192	0	348	0	27	11	30	123	27	213	26	25	25	26	26	0	22	21	25	24
0	0	0	0	0	0	0	0	0	0	0	0	0	0	0	0	0	0	0	0	0	0	0	354	0	0	0	0	91	0	0	87	0	0	0	0	0	0	0	0	0	0	0	0	0	0	0	94	0	0	0	0	92	0	0	0	278	0	0	0	0	0	0	0	0	0	0	0	89	0	0	0	228	0	0	83	0	0	0	0	0	0	0	0	0	0
0	0	0	0	0	0	0	0	0	0	0	0	0	0	0	0	0	0	0	0	0	0	0	0	0	207	0	0	0	0	0	0	0	0	0	243	0	0	0	0	0	0	0	0	0	0	0	0	203	0	0	0	0	0	0	0	0	0	0	0	0	0	0	0	224	0	0	0	0	0	0	0	0	0	0	0	0	0	217	0	0	0	0	0	0	0
0	0	0	0	0	0	0	0	0	0	0	178	0	0	0	0	0	0	0	0	0	0	0	0	0	209	0	0	0	0	0	0	0	0	0	0	0	0	0	0	0	0	0	0	0	0	0	0	0	0	0	0	0	0	0	0	0	0	0	0	0	0	0	0	0	0	0	0	0	0	0	0	0	0	0	0	0	0	0	0	0	0	0	0	0	0
0	0	0	0	0	0	0	0	0	0	0	0	0	0	0	0	0	0	0	0	0	0	0	0	0	0	0	0	0	0	0	0	0	0	0	0	0	0	0	0	0	0	0	0	0	0	0	0	0	0	0	193	0	0	0	0	0	0	0	0	0	0	191	0	0	0	0	0	0	0	0	0	0	0	0	0	0	0	0	0	0	0	0	0	0	0
0	0	0	0	0	0	0	0	0	0	0	0	0	0	0	0	0	0	0	0	0	0	0	0	0	236	0	0	0	0	0	0	84	0	0	0	0	0	0	0	0	0	0	0	0	0	0	0	0	0	0	0	0	0	203	0	0	0	0	0	0	0	0	0	256	0	0	0	0	0	0	0	0	0	0	0	0	209	228	214	0	0	0	0	0	0
0	0	0	0	0	0	0	0	0	0	0	0	0	0	0	0	0	0	0	0	0	204	0	0	0	0	0	0	289	0	0	0	0	0	0	0	0	0	0	0	0	0	0	0	210	0	0	0	0	0	0	0	0	0	0	0	0	0	0	0	0	0	0	0	0	0	0	0	309	0	0	0	0	0	0	286	0	0	0	0	0	0	0	0	0	0
0	0	0	0	0	0	0	0	0	0	0	0	0	0	0	0	0	0	0	0	0	0	0	175	0	0	0	0	0	0	0	184	0	0	0	0	0	0	0	0	0	0	0	0	0	0	0	0	0	0	0	0	0	0	0	0	0	0	0	0	0	0	0	0	0	0	0	149	0	0	0	0	0	0	0	0	0	0	0	0	0	0	0	0	0	0
0	0	0	0	0	0	0	0	0	0	0	0	0	0	0	0	0	0	0	0	0	0	0	0	0	0	0	0	0	0	0	0	0	0	0	0	0	0	0	0	0	144	0	0	0	0	0	83	0	0	0	0	0	0	0	0	350	0	0	0	0	0	0	0	0	0	0	0	0	0	0	0	0	0	0	72	0	0	0	0	0	0	0	0	0	0
0	0	0	0	0	0	0	0	0	0	0	0	0	0	0	0	0	0	0	0	0	0	0	0	0	0	0	0	0	163	0	0	0	0	0	0	0	0	0	0	0	0	0	0	0	0	0	0	0	0	0	0	0	0	0	0	0	0	0	0	149	0	0	0	0	0	0	0	0	0	0	0	0	0	0	0	0	0	0	0	0	0	0	0	0	0
0	0	0	0	0	0	0	0	0	0	0	0	0	0	0	0	0	0	0	0	0	0	0	0	0	0	0	0	155	0	0	0	0	0	0	0	0	0	0	0	0	0	0	0	0	0	0	0	0	0	0	0	0	0	0	0	0	0	0	0	0	0	0	135	0	0	0	0	0	0	0	0	0	0	0	0	0	0	0	0	0	0	0	0	0	0
0	0	0	0	0	0	0	0	0	0	0	0	0	0	0	0	0	0	0	182	0	0	0	0	0	0	0	0	0	0	0	0	0	0	0	0	0	0	0	0	0	0	0	0	0	0	0	0	0	0	0	188	0	0	0	0	0	0	0	0	0	0	0	0	0	0	0	0	0	0	0	0	0	0	0	0	0	0	0	0	0	0	172	0	0	0
0	0	0	0	0	0	0	0	0	0	0	0	0	0	0	0	0	0	0	0	0	0	0	0	0	0	0	0	0	0	0	0	0	0	0	0	0	0	0	0	0	42	0	0	0	0	0	0	0	0	0	0	0	0	0	0	0	0	0	0	48	0	0	0	0	0	0	0	0	0	0	0	0	0	0	0	0	0	0	0	0	0	0	0	0	0
0	0	0	0	0	0	0	0	0	230	0	0	0	0	0	0	0	0	0	238	0	0	0	0	0	0	0	0	0	0	0	0	0	0	0	0	0	0	0	0	0	0	0	0	0	0	0	0	0	0	0	0	0	0	0	0	0	0	0	0	0	0	0	0	0	0	0	0	0	0	0	0	0	0	0	0	0	0	0	0	0	0	0	0	0	0
0	0	0	0	0	0	0	0	0	34	0	0	0	0	0	0	0	0	0	0	0	206	0	0	214	0	0	0	0	0	0	0	0	0	0	0	0	0	0	0	0	0	0	0	33	0	0	0	0	0	0	0	0	0	0	0	0	0	0	0	0	0	0	0	0	0	0	0	312	0	0	0	0	0	0	0	0	0	0	0	0	131	0	0	0	0
0	0	0	0	0	0	0	200	234	0	0	0	0	0	0	0	0	0	0	0	0	0	0	0	0	0	0	0	0	0	0	122	0	0	0	0	0	0	0	0	0	0	0	0	0	0	0	0	0	0	212	0	0	0	0	0	0	0	0	0	0	0	0	0	0	0	0	0	129	0	0	0	0	0	0	0	0	0	0	0	0	0	0	0	0	197
0	0	0	0	0	0	0	0	0	0	0	0	0	0	0	0	0	0	0	0	0	0	0	0	0	0	0	0	0	0	0	339	0	0	0	0	0	0	0	192	0	0	0	0	0	0	0	0	0	0	0	0	0	0	0	0	0	0	0	0	0	0	0	0	0	0	0	0	0	0	0	0	0	0	0	0	0	0	0	0	0	0	0	0	0	0
212	0	0	0	0	0	0	0	0	0	183	0	0	0	0	0	0	0	0	0	0	0	0	0	0	0	0	0	0	0	0	0	0	0	0	0	0	0	0	0	0	0	0	0	0	0	0	0	0	0	0	0	0	0	0	0	0	0	0	0	0	0	0	0	0	0	0	0	0	0	0	0	0	0	0	0	0	0	0	0	0	0	0	0	0	0
0	0	0	0	0	0	0	0	0	0	0	0	0	0	0	0	0	0	0	0	0	0	0	346	0	0	0	0	0	0	0	0	0	0	0	0	0	0	0	0	0	0	0	0	0	0	251	272	0	0	0	0	0	0	0	0	0	0	0	0	0	0	0	0	0	0	0	0	217	0	0	0	0	0	0	0	0	0	0	0	0	0	0	0	0	0
0	0	0	0	0	0	0	0	0	0	0	0	0	0	0	0	0	0	0	0	0	0	0	0	0	0	0	0	0	0	0	329	0	0	0	0	0	0	0	0	0	0	0	0	0	0	242	0	0	0	0	0	329	0	0	0	0	0	0	0	0	0	0	0	0	0	0	0	334	0	0	0	330	0	0	234	0	0	0	0	0	0	0	0	0	0
0	0	0	0	0	0	0	0	0	0	0	0	0	0	0	0	0	0	0	0	0	0	0	0	0	0	0	0	0	0	0	315	0	0	0	0	0	244	0	0	0	156	0	0	0	0	0	0	0	0	0	0	0	0	214	0	280	0	0	0	0	0	0	0	0	0	0	0	304	0	0	0	0	0	0	0	0	0	0	0	0	0	0	0	0	0
0	0	0	0	0	0	0	0	0	0	0	0	0	0	0	0	0	0	0	0	0	0	0	0	0	0	0	0	0	0	0	0	228	0	0	0	0	0	0	0	0	0	0	0	0	0	0	0	0	0	0	0	0	0	0	0	0	0	0	0	0	0	0	186	0	0	0	0	0	0	0	0	0	0	0	0	0	0	0	0	0	0	242	0	0	0
0	0	0	143	0	0	0	0	0	0	0	0	0	0	0	0	177	0	0	0	0	0	0	0	0	0	0	0	0	0	0	0	0	0	0	0	0	0	230	0	231	0	0	0	0	0	0	0	0	0	0	0	0	0	0	0	0	0	0	0	0	0	0	0	0	0	0	0	0	0	0	0	0	154	0	0	0	0	0	0	0	0	0	0	0	0
0	0	0	0	0	0	0	0	0	0	0	0	0	0	0	0	0	0	0	0	0	0	0	195	0	0	0	0	322	0	0	0	0	0	0	0	0	0	0	0	0	0	0	0	0	0	0	228	0	0	0	0	0	0	0	0	0	0	0	0	0	0	0	223	0	0	0	0	0	199	0	0	0	0	0	0	0	0	0	0	0	0	0	0	232	0
15	0	0	0	0	0	0	0	0	0	0	0	0	0	15	0	15	0	15	0	0	0	0	0	0	0	14	0	0	14	14	0	0	0	15	0	0	0	0	0	15	0	0	0	0	0	0	0	0	0	0	0	0	0	0	0	0	0	0	14	13	14	0	0	0	0	0	0	0	0	0	0	0	0	0	0	0	0	0	0	0	0	0	12	0	0
0	0	0	0	0	0	127	199	233	0	0	0	0	0	0	0	0	0	0	0	0	0	0	0	0	0	118	0	0	0	0	0	0	0	0	0	0	0	0	0	0	0	0	0	0	0	0	0	0	0	0	0	0	0	0	0	0	0	0	0	0	0	0	0	0	0	0	0	0	0	0	0	0	0	0	0	0	0	0	0	0	0	0	0	0	0
0	0	0	0	0	0	0	0	0	0	0	0	0	0	0	0	0	0	0	0	0	0	0	0	0	0	0	0	330	0	0	328	0	0	0	0	0	0	0	0	0	0	0	0	0	0	31	288	0	0	0	0	0	0	0	0	0	0	0	0	0	0	0	0	0	0	0	0	314	0	0	0	338	0	0	278	0	0	0	0	0	0	0	0	0	0
0	0	0	0	0	0	0	0	0	0	0	0	0	0	0	0	183	0	0	0	0	0	0	0	0	0	0	0	0	186	83	0	0	0	0	0	0	0	0	0	0	0	0	0	0	0	0	0	0	0	0	0	0	0	0	197	0	0	0	0	65	177	0	189	0	0	0	0	0	0	0	0	91	0	0	0	0	0	260	0	0	193	0	0	0	0
0	0	0	226	0	0	0	0	0	0	0	0	268	0	0	0	0	0	0	0	0	0	0	0	0	0	0	0	0	0	0	0	0	0	0	0	228	0	114	0	0	0	0	218	0	0	0	0	0	117	0	0	0	0	0	0	0	0	0	0	0	0	0	0	0	0	0	0	0	0	0	0	0	0	0	0	0	0	0	0	0	0	0	0	0	0
0	0	0	0	0	0	0	0	0	0	0	0	0	0	0	0	0	216	0	0	0	0	0	0	0	0	0	0	0	0	0	0	0	0	0	0	0	0	0	0	0	0	0	0	0	0	0	0	0	0	0	0	0	0	0	0	0	0	0	0	0	0	0	0	0	0	0	0	307	0	0	0	0	0	0	279	0	0	0	0	0	0	0	0	0	0
0	0	0	0	0	0	0	0	0	0	0	0	0	0	0	0	0	0	0	0	0	0	0	0	0	0	0	0	0	0	0	0	0	0	0	0	0	0	0	0	0	0	0	0	0	0	0	0	0	0	0	0	0	0	10	0	0	0	0	0	0	0	0	0	0	0	0	0	0	0	0	0	0	0	0	0	0	0	0	0	0	0	0	0	214	0
0	0	0	0	0	0	0	0	0	0	0	0	0	0	0	0	0	0	0	0	0	0	0	0	0	0	0	0	92	0	0	88	0	0	0	0	0	0	0	0	0	0	0	0	0	0	98	95	0	0	0	0	93	0	0	0	93	0	0	0	0	0	0	0	0	0	0	0	90	0	0	0	92	0	0	84	0	0	0	0	0	0	0	0	0	0
0	0	0	0	0	0	0	0	0	0	0	0	0	0	0	0	0	0	0	0	0	0	0	0	0	0	0	0	0	0	0	0	0	0	0	0	0	0	0	0	0	0	0	0	0	0	0	0	196	0	0	0	0	0	0	0	0	0	0	0	0	0	0	0	0	0	0	183	0	0	0	0	0	0	0	0	0	0	0	0	0	0	0	0	0	0
254	284	279	269	262	275	272	293	0	280	274	289	302	272	249	243	247	272	254	285	253	209	274	0	0	283	268	0	0	248	237	0	285	263	260	295	0	107	292	247	271	309	287	280	263	269	0	0	279	277	275	266	0	273	222	252	0	271	259	256	256	242	271	310	300	251	277	309	0	297	301	295	0	284	268	0	262	276	296	305	284	212	267	231	286	270
0	0	0	0	0	0	0	0	0	0	0	0	0	0	0	0	0	218	0	0	0	0	0	0	0	0	0	0	0	0	0	0	0	0	0	0	0	0	0	0	0	0	0	0	0	0	0	0	0	0	0	0	0	0	0	0	0	0	0	0	0	0	0	0	0	0	0	0	0	0	0	0	0	0	0	0	0	0	0	0	0	0	216	0	0	0
0	0	0	0	0	0	0	0	0	0	0	0	0	0	0	70	0	0	0	0	0	0	0	0	0	82	238	0	0	0	0	82	0	0	0	0	0	0	34	0	0	0	0	0	0	0	0	0	60	0	0	0	0	0	0	0	0	0	0	0	0	0	0	0	0	0	0	0	0	0	0	162	0	0	0	0	0	0	0	0	0	0	0	0	0	0
0	0	0	0	0	0	0	0	0	0	0	0	0	0	0	0	0	0	0	0	0	0	0	262	0	0	0	0	82	0	0	75	0	0	0	0	0	0	0	0	0	0	0	0	0	0	86	82	0	0	0	0	0	0	0	0	349	0	0	0	0	0	0	0	0	0	0	0	0	0	0	0	255	0	0	222	0	0	0	0	0	0	0	0	0	0
0	0	0	0	0	0	0	0	0	0	107	0	0	0	0	0	0	0	0	0	0	0	0	0	0	0	0	0	195	0	0	0	0	0	0	0	0	0	0	0	0	0	0	0	0	0	0	0	0	0	0	0	0	0	0	0	0	0	0	0	0	0	0	0	0	0	0	0	0	0	0	0	0	0	0	0	0	0	0	0	0	0	0	0	0	0
0	0	0	0	0	0	0	0	0	0	0	0	0	0	0	0	0	0	0	0	0	0	0	0	0	0	0	0	0	0	0	0	0	0	0	0	0	0	0	0	0	0	0	0	0	0	0	0	0	0	0	0	0	0	0	0	0	0	0	0	0	0	0	0	0	0	0	236	0	265	0	0	0	0	0	0	0	0	0	0	0	0	0	0	0	0
0	0	0	0	0	0	0	0	0	0	0	0	0	0	0	0	0	0	0	0	0	0	0	0	0	0	0	0	0	0	0	0	0	0	0	0	0	0	0	0	0	0	0	0	0	0	0	0	0	0	0	0	0	0	0	0	15	0	0	0	0	0	0	0	0	0	0	0	0	13	0	0	0	0	0	0	0	0	0	0	0	0	0	0	0	0
0	0	0	0	0	0	0	0	0	0	0	0	0	185	0	0	0	0	0	191	0	181	0	0	183	0	0	0	0	0	0	0	0	0	0	0	0	215	0	0	0	0	189	0	0	0	0	0	0	0	0	0	0	189	0	0	0	0	0	0	0	0	194	0	0	0	0	0	0	0	0	0	0	0	0	0	179	0	0	0	0	0	181	0	0	0
0	0	0	0	0	0	0	0	0	0	0	0	0	0	0	0	0	0	0	0	0	0	0	0	0	0	0	0	366	0	0	199	0	0	0	0	0	0	0	0	0	0	0	0	0	0	323	253	0	0	0	0	0	0	0	0	346	0	0	0	0	0	0	0	0	0	0	0	221	0	0	0	256	0	0	223	0	0	0	0	0	0	0	0	0	0
85	0	0	61	0	0	99	79	74	100	51	43	48	97	0	0	0	0	88	0	0	92	0	87	96	90	91	0	96	0	0	92	90	0	0	90	0	214	0	0	0	59	0	41	98	0	0	100	0	0	0	106	99	101	0	0	98	0	82	84	0	0	102	78	92	84	43	71	98	76	0	0	98	51	0	90	94	91	89	93	95	65	96	80	94	0
0	0	0	152	0	0	0	0	0	0	0	0	0	0	0	0	0	0	0	0	0	0	0	0	0	0	0	0	0	0	0	0	0	0	0	0	0	0	228	131	0	0	0	0	175	0	0	0	0	0	0	0	0	0	0	0	0	0	0	0	121	0	0	0	0	0	0	261	0	0	0	0	0	196	0	0	166	0	0	0	0	0	0	0	0	0
0	0	0	0	0	0	0	0	0	0	0	0	168	0	0	0	0	0	0	0	0	0	0	0	0	0	0	0	0	0	0	0	0	0	0	0	0	0	0	0	0	0	0	0	0	0	0	0	0	0	228	0	0	0	0	0	0	0	0	0	0	0	0	0	0	0	0	0	0	0	0	0	0	0	0	0	0	0	0	0	0	0	0	0	0	0
0	0	0	0	0	0	0	0	0	0	0	0	0	0	0	0	0	0	0	0	0	0	0	0	0	0	0	0	0	0	0	0	0	0	0	0	0	0	0	0	0	0	0	0	0	0	310	0	0	0	0	0	358	0	0	0	0	0	0	0	0	0	0	0	0	0	0	0	0	0	0	0	242	0	0	0	0	0	0	0	0	0	0	0	0	0
162	177	222	0	167	161	190	157	146	193	0	0	0	188	164	154	156	185	165	0	167	0	187	0	186	179	170	174	0	161	174	0	173	152	167	179	0	86	0	143	164	0	192	0	191	184	0	0	0	0	184	199	0	192	0	166	0	182	156	157	131	154	197	0	180	160	0	0	0	156	0	0	0	0	194	0	182	175	177	183	183	110	183	154	189	176
0	0	0	0	0	0	0	0	0	0	0	0	0	0	0	0	0	0	0	0	0	0	0	0	0	118	0	0	0	0	0	0	0	0	0	0	0	0	0	0	0	0	0	0	0	0	0	0	0	0	0	0	0	0	0	0	0	124	0	0	0	0	0	0	0	0	0	0	0	0	0	0	0	0	0	0	0	0	0	121	0	0	0	0	0	0
0	0	0	0	172	0	0	0	0	0	0	0	0	0	0	0	0	0	0	0	0	0	0	0	0	0	235	0	0	0	0	0	0	0	0	0	0	0	0	0	241	0	0	0	0	0	0	0	0	0	0	0	0	0	0	0	0	0	0	0	0	0	0	0	0	0	0	0	0	0	0	0	0	0	0	0	0	0	0	0	0	0	0	0	0	0
0	0	0	0	0	0	0	0	0	0	0	0	0	0	0	0	0	0	0	0	0	0	0	389	0	0	0	0	0	0	0	0	0	0	0	0	0	0	0	0	0	0	0	0	0	0	0	0	0	0	0	0	396	0	0	0	0	0	0	0	0	0	0	0	0	0	0	0	0	0	0	0	407	0	0	387	0	0	0	0	0	0	0	0	0	0
0	0	0	0	0	0	0	0	0	0	0	0	0	0	0	0	0	0	0	0	0	0	0	0	0	0	0	0	0	0	0	0	0	0	0	0	0	0	0	0	0	0	0	0	0	0	0	0	0	0	0	0	0	0	0	0	0	0	0	0	0	0	0	0	0	0	0	0	341	0	0	0	0	19	0	0	0	0	0	0	0	0	0	0	0	0
190	0	0	0	225	0	0	0	0	0	0	0	0	0	0	0	0	0	0	0	164	0	0	0	0	0	233	0	0	0	0	0	0	0	193	0	0	0	0	0	230	0	0	0	0	0	0	0	0	0	0	0	0	0	0	163	0	0	211	0	0	0	0	0	0	0	0	0	0	0	0	0	0	0	0	0	0	0	0	0	0	0	0	0	0	0
0	0	0	0	0	0	0	0	0	0	0	0	0	0	0	0	0	0	0	0	0	0	0	0	0	0	0	33	0	0	0	0	0	0	0	0	0	0	0	0	227	0	0	0	0	0	0	0	0	0	0	0	0	0	0	0	0	0	0	0	0	0	0	0	0	0	0	0	0	0	0	0	0	0	0	0	0	0	0	0	0	0	0	0	0	0
0	0	0	0	0	0	0	0	0	0	0	0	0	0	0	0	0	0	0	0	0	0	0	0	0	176	0	0	0	0	0	0	0	0	0	0	0	0	0	0	0	244	0	0	0	0	0	0	148	0	0	0	0	0	0	0	0	0	0	0	0	0	0	202	0	0	0	0	0	0	150	0	0	0	0	0	0	0	0	0	0	0	0	0	0	0
0	0	0	0	0	0	0	0	0	0	0	0	0	0	0	0	0	0	0	0	0	0	0	0	0	0	0	0	281	0	0	0	0	0	0	0	0	0	0	0	0	0	0	0	0	0	0	0	0	0	0	0	0	0	0	0	323	0	0	0	0	0	0	0	0	0	0	0	0	195	0	0	0	0	0	0	0	0	0	0	0	0	0	0	0	0
0	0	0	0	0	0	0	0	0	0	0	0	0	0	0	0	0	0	0	0	0	0	0	0	0	0	0	0	0	0	0	0	0	60	0	0	0	0	0	0	0	0	0	0	0	0	0	0	0	0	0	0	0	0	0	0	0	0	0	0	0	0	0	0	0	0	0	0	0	0	65	0	0	0	0	0	0	0	0	0	0	0	0	0	0	0
0	0	0	0	0	0	0	0	0	0	0	0	0	0	0	0	0	0	0	0	0	0	0	361	0	0	0	0	0	0	0	0	0	0	0	0	0	0	0	0	0	0	0	0	0	0	0	0	0	0	0	0	0	0	0	0	364	0	0	0	0	0	0	0	0	0	0	0	0	0	0	0	0	0	0	0	0	0	0	0	0	0	0	0	0	0
0	0	0	0	0	0	0	0	0	0	0	0	0	0	0	0	0	0	0	0	0	0	0	0	0	0	0	0	0	0	0	0	0	0	0	0	0	0	0	0	0	0	0	0	260	0	0	0	0	0	0	0	0	0	0	0	0	0	0	0	0	0	0	0	0	0	0	0	0	0	0	294	0	0	0	0	0	0	0	0	0	0	264	0	0	0
0	0	0	0	0	0	95	0	0	96	0	0	0	209	0	0	0	0	0	222	0	201	0	0	92	0	0	0	0	0	0	0	0	0	0	0	0	80	0	0	0	0	96	0	94	0	0	0	0	0	0	102	0	98	0	0	0	0	0	0	0	0	98	0	0	0	0	0	0	0	0	0	0	0	99	0	91	0	0	0	0	0	211	0	0	0
0	0	0	0	0	0	0	0	0	0	0	0	0	0	0	0	0	0	0	0	0	0	0	277	0	0	0	0	0	0	0	0	0	0	0	0	0	0	0	0	0	0	0	0	0	0	321	249	0	0	0	0	230	0	0	0	347	0	0	0	0	0	0	0	0	0	0	0	0	0	0	0	257	0	0	0	0	0	0	0	0	0	0	0	0	0
0	0	0	0	0	0	8	0	0	0	0	0	0	0	0	0	0	0	0	0	0	7	0	0	0	0	0	0	0	0	0	0	0	0	0	0	0	0	0	0	0	0	0	0	0	0	0	0	0	0	0	0	0	0	0	0	0	0	0	0	0	0	0	0	0	0	0	0	0	0	0	0	0	0	0	0	0	0	0	0	0	0	0	0	0	0
0	0	56	0	0	0	0	0	0	0	0	0	0	0	0	0	0	0	0	0	0	0	0	0	0	0	0	0	0	0	0	0	0	0	0	0	0	0	0	0	0	0	0	0	0	0	0	0	0	0	0	0	0	0	0	0	0	0	0	0	0	0	0	0	0	0	0	47	0	0	0	0	0	0	0	0	0	0	0	0	0	251	0	0	0	0
0	0	0	0	0	300	0	0	0	0	0	0	0	0	0	0	0	0	0	0	0	0	0	0	0	310	0	0	0	0	0	0	312	0	0	0	0	0	0	0	0	0	0	0	0	0	0	0	302	0	0	0	0	0	0	0	0	0	0	0	0	0	0	0	325	0	0	0	0	0	324	0	0	0	0	0	0	0	0	0	0	0	0	0	0	0
0	0	0	0	0	0	0	0	0	0	0	0	0	0	0	0	0	0	0	0	0	0	0	0	0	0	0	0	0	0	0	0	0	0	0	0	0	0	0	0	0	0	0	0	0	0	0	0	0	0	0	0	0	0	0	0	0	84	0	0	0	0	0	0	0	0	0	0	0	0	0	0	0	0	0	0	0	0	0	0	0	0	0	70	0	0
0	0	0	0	0	0	0	0	0	0	0	0	0	0	0	0	0	0	0	0	0	0	0	269	0	0	0	0	0	0	0	0	0	0	0	0	0	0	0	0	0	0	0	0	0	0	0	241	0	0	0	0	0	0	0	0	0	0	0	0	0	0	0	0	0	0	0	0	0	196	0	0	0	0	0	0	0	0	0	0	0	0	0	0	0	0
0	0	0	0	0	0	0	0	0	0	0	0	0	0	0	0	0	0	0	0	0	0	0	0	0	240	0	0	0	0	0	0	236	0	0	228	0	0	0	0	0	0	0	0	0	0	0	0	0	0	0	0	0	0	0	0	0	0	0	0	0	0	0	261	217	0	0	0	0	0	0	0	0	0	0	0	0	0	0	0	0	0	0	0	0	0
0	0	0	0	0	0	0	0	0	0	0	0	0	0	0	0	0	0	0	0	0	0	0	0	0	0	0	0	0	0	0	282	0	0	0	0	0	0	0	0	0	0	0	0	0	0	0	0	0	0	0	0	0	0	0	0	0	0	0	0	0	0	0	0	0	0	0	0	0	0	0	0	0	0	0	0	0	0	0	212	0	0	106	0	0	0
0	0	0	0	0	0	0	0	0	0	0	0	0	0	0	0	0	0	0	0	0	0	0	183	0	0	0	0	0	0	0	247	0	0	0	0	0	0	0	0	0	0	0	0	0	0	0	324	0	0	0	0	297	0	0	0	0	0	0	0	0	0	0	0	0	0	0	0	253	0	0	0	328	0	0	354	0	0	0	0	0	0	0	0	0	0
0	229	0	0	0	0	0	0	0	0	0	0	0	0	0	0	0	0	0	0	0	0	209	0	0	0	0	0	0	0	0	0	0	0	0	0	0	0	0	0	0	0	0	0	0	0	0	0	0	0	0	0	0	0	0	0	0	0	0	0	0	0	0	0	0	0	0	0	0	0	0	0	0	0	0	0	0	0	0	0	0	0	0	0	0	0
0	0	0	0	0	0	0	0	0	0	0	0	0	0	0	0	0	0	0	0	0	0	0	0	0	0	0	0	0	0	0	0	0	0	0	0	0	0	0	186	0	0	0	0	0	0	0	0	0	0	0	0	0	0	0	0	0	0	0	0	212	0	0	0	0	0	0	273	0	0	0	0	0	0	0	0	0	0	0	0	0	0	0	0	0	0
0	0	0	0	0	0	0	0	0	0	0	251	0	0	0	0	0	0	0	0	0	0	0	0	0	0	0	0	0	0	0	0	0	0	0	0	0	0	116	0	0	0	0	0	0	0	0	0	0	0	0	0	0	0	0	0	0	0	0	0	0	0	0	0	0	0	0	0	0	0	0	0	0	176	0	0	0	0	0	0	0	0	0	0	0	0
0	0	0	0	0	0	0	0	0	0	0	0	0	0	0	0	0	0	0	0	0	0	0	0	0	0	0	0	0	0	0	0	0	0	0	0	0	0	190	0	0	0	0	0	0	0	0	0	0	0	0	0	0	0	0	0	0	0	0	0	0	0	0	0	0	0	0	0	0	0	0	0	0	0	0	0	0	0	0	246	0	0	0	0	0	0
0	0	0	0	0	0	0	0	0	0	0	0	0	0	0	0	0	0	0	0	0	0	0	0	0	0	0	0	0	0	0	0	0	0	0	0	0	0	0	0	0	0	0	0	0	0	0	0	0	0	0	0	0	0	0	0	0	0	0	0	0	0	0	241	0	0	0	0	0	0	271	0	0	0	0	0	0	0	0	0	0	0	0	0	0	0
0	0	0	0	0	0	0	0	0	0	0	0	0	0	0	0	0	0	0	0	0	0	0	0	0	0	0	0	0	0	0	0	0	0	0	0	0	0	142	0	0	0	0	0	0	0	0	403	0	0	0	0	0	0	0	0	0	0	0	0	0	0	0	0	276	0	0	0	0	0	0	0	0	0	11	0	0	0	0	281	0	92	0	0	0	0
0	0	0	0	0	0	0	0	0	0	0	0	0	0	0	0	0	0	0	0	0	0	0	0	0	75	0	0	0	0	0	0	0	0	0	0	0	0	0	0	0	0	0	0	0	0	0	0	0	0	0	0	0	0	0	0	0	0	0	0	0	0	0	0	0	0	153	0	0	0	0	0	0	0	0	0	0	0	0	0	0	0	0	0	0	0
0	0	0	0	0	0	0	0	0	0	0	0	0	0	0	0	0	0	0	0	0	0	0	0	0	0	0	0	0	0	0	0	0	0	0	0	0	0	0	0	236	0	0	0	0	0	0	0	0	0	0	0	0	0	0	0	0	0	0	0	0	0	0	0	0	0	0	0	0	0	0	0	0	0	0	247	0	0	0	0	0	0	0	0	0	0
0	0	0	0	0	0	0	0	0	219	0	0	0	0	0	0	0	0	0	0	0	223	0	0	0	202	0	0	0	0	0	0	200	0	0	251	0	0	0	0	0	0	0	0	0	0	0	0	0	0	0	0	0	225	0	0	0	0	0	0	0	0	0	0	204	0	0	0	0	0	0	0	0	0	0	0	0	0	0	0	0	0	0	0	0	0
0	0	0	0	0	0	0	0	0	0	0	0	0	0	0	0	0	0	0	0	0	0	0	278	0	0	0	0	0	0	0	0	0	0	0	0	0	0	0	0	0	0	0	0	0	0	322	250	0	0	0	0	229	0	0	0	348	0	0	0	0	0	0	0	0	0	0	0	0	0	0	0	258	0	0	0	0	0	0	0	0	0	0	0	0	0
0	0	0	0	0	0	0	0	0	0	0	0	0	0	0	0	0	0	0	0	0	0	0	0	0	0	0	0	0	0	0	0	0	0	0	0	0	0	0	0	0	0	0	0	0	0	0	0	0	0	0	0	0	0	0	0	0	0	0	0	52	0	0	0	0	0	0	0	0	0	0	34	0	0	0	0	0	0	0	0	0	0	0	0	0	0
0	0	0	0	0	0	0	0	0	0	0	0	0	0	0	0	0	0	0	0	0	0	0	0	0	0	0	0	0	0	0	0	0	0	0	0	0	0	0	0	0	0	0	0	0	0	0	0	0	0	0	0	0	0	0	0	0	0	0	0	0	0	0	0	0	0	0	0	0	0	216	0	0	0	0	0	0	222	0	0	0	0	0	0	0	0
0	0	0	0	0	0	0	0	0	0	0	0	0	0	0	0	0	0	0	0	0	0	0	0	0	0	0	0	0	0	0	0	0	0	0	0	0	0	0	0	0	0	0	0	0	0	0	281	0	0	0	0	0	0	0	0	0	0	0	0	0	0	0	0	0	0	0	0	0	0	0	0	0	0	0	0	0	0	0	0	228	0	0	0	0	0
0	0	0	0	0	0	0	0	0	0	0	0	0	0	0	0	0	0	0	0	0	0	0	0	0	0	0	0	0	0	0	0	0	0	0	0	0	0	0	0	0	0	0	0	0	0	0	0	0	0	0	0	0	0	0	0	0	0	0	0	0	0	0	0	0	0	0	0	0	0	15	0	0	0	0	0	14	0	0	0	0	0	0	0	0	0
0	0	0	0	0	0	0	0	0	0	0	0	0	0	0	0	0	0	0	0	0	0	0	0	0	0	0	0	0	0	0	0	0	0	0	0	0	0	0	0	0	0	226	0	0	0	0	0	0	0	0	0	0	0	0	0	0	0	0	0	0	0	0	0	0	0	0	169	0	0	0	0	0	0	0	0	0	0	0	0	0	0	0	0	0	0
0	0	0	0	0	0	0	0	0	0	0	0	0	0	0	0	0	0	0	0	0	0	0	0	0	0	0	0	0	0	0	0	0	0	0	0	0	0	0	0	0	0	0	0	0	0	0	0	0	0	0	0	0	87	0	0	0	0	0	0	0	0	0	0	0	0	0	0	0	0	68	39	0	0	88	0	0	0	0	0	0	0	0	0	0	0
0	0	0	0	0	0	0	0	0	0	0	0	129	0	0	0	0	0	0	0	0	0	0	0	0	0	0	0	0	0	0	0	0	0	0	0	0	0	0	0	0	0	0	0	0	0	0	0	0	0	0	0	0	0	0	0	0	0	0	0	0	0	0	0	0	0	0	0	0	0	0	188	0	0	0	0	0	0	0	0	0	0	0	0	0	0
0	0	0	0	0	0	0	180	0	0	0	0	0	0	0	0	0	0	0	0	0	0	0	0	0	0	0	0	0	0	0	0	0	0	0	0	0	0	0	65	0	51	0	0	0	0	0	0	0	0	0	0	0	0	0	0	0	0	0	0	0	0	0	203	0	0	0	0	0	0	0	0	0	0	0	0	0	0	0	0	0	0	0	0	0	0
0	0	0	0	0	0	0	0	0	0	0	0	0	0	0	0	0	0	0	0	0	0	0	0	0	0	0	0	0	0	0	0	0	0	0	0	0	0	0	0	0	0	0	0	0	0	0	0	0	0	0	0	0	0	0	0	0	0	0	0	0	0	0	0	0	0	0	181	0	0	0	0	0	0	0	0	0	0	0	0	0	22	0	0	0	0
0	0	0	0	0	0	0	0	0	0	216	0	0	0	0	0	0	0	0	0	0	0	0	0	0	0	0	0	0	0	0	0	0	0	0	0	0	0	0	0	0	0	0	0	0	0	0	0	0	0	0	0	0	0	0	0	0	0	0	0	0	0	0	0	0	0	0	0	0	0	0	0	0	195	0	0	0	0	0	0	0	0	0	0	0	0
0	0	0	0	0	0	0	0	79	0	0	0	0	0	0	0	0	0	0	0	0	0	0	0	0	0	0	0	0	0	0	0	0	75	0	0	0	0	0	0	0	0	0	0	0	0	0	0	76	0	0	0	0	0	0	0	0	0	0	0	0	0	0	0	0	0	0	0	0	0	0	0	0	0	0	0	0	0	0	0	0	0	0	0	0	0
0	0	0	0	0	0	0	0	0	0	0	0	0	0	0	0	0	0	0	0	0	0	0	0	0	0	0	0	0	0	0	0	241	0	0	0	0	0	0	0	0	0	0	0	0	0	0	0	0	0	0	0	0	0	0	0	0	0	0	0	0	0	0	238	246	209	0	0	0	0	173	0	0	0	0	0	0	0	0	0	0	0	0	0	0	0
0	0	0	0	0	0	0	0	0	0	0	0	0	0	0	0	0	122	0	0	0	0	0	0	0	0	0	0	0	0	0	0	0	0	0	0	0	0	0	0	0	0	0	0	0	0	0	0	0	0	0	0	0	0	0	0	0	0	0	0	0	0	0	0	0	0	0	0	0	0	0	0	0	0	0	0	0	0	0	0	0	0	122	0	0	0
0	0	0	0	0	0	0	185	0	0	0	0	0	0	0	0	0	0	0	0	0	0	0	0	0	0	0	0	0	0	0	0	0	0	0	0	0	0	0	0	0	0	0	0	0	0	0	0	0	0	0	0	0	0	0	0	0	0	0	0	0	0	0	0	0	0	0	0	0	0	0	0	0	0	0	0	144	0	0	0	0	103	0	0	0	0
0	0	0	0	28	0	0	0	0	0	0	0	0	0	0	0	0	0	0	0	0	0	0	0	0	0	0	0	0	0	0	0	0	0	0	0	0	0	0	24	0	0	0	0	0	0	0	0	0	0	0	0	0	0	0	0	0	0	0	0	0	0	0	0	0	0	0	0	0	0	0	0	0	0	0	0	0	0	0	0	0	0	0	0	0	0
0	0	0	0	0	0	0	0	0	0	0	0	0	0	0	0	0	0	0	0	0	0	0	0	0	0	0	0	0	0	0	0	0	0	0	0	229	0	132	0	0	0	0	0	0	0	0	0	0	0	0	0	0	0	0	0	0	0	0	0	0	0	0	0	0	0	0	0	0	0	0	0	0	0	0	0	0	0	0	0	0	0	0	0	0	0
0	0	0	0	0	0	0	0	0	0	0	0	0	0	0	0	0	0	0	0	0	0	0	0	0	0	0	0	0	0	0	242	0	0	0	0	0	0	0	191	0	0	0	0	0	0	0	366	0	0	0	0	0	0	0	0	0	0	0	0	0	0	0	0	0	0	0	0	0	0	0	0	0	0	0	0	0	0	0	0	0	0	0	0	0	0
0	0	0	0	0	0	0	0	0	0	0	164	0	0	0	0	0	0	0	0	0	0	0	0	0	0	0	0	0	80	0	0	0	0	0	0	0	0	0	0	0	0	0	115	0	0	0	0	0	0	0	0	0	0	0	0	0	0	0	0	0	0	0	0	0	0	0	0	0	0	0	0	0	0	0	0	0	0	0	0	0	0	0	0	0	0
0	0	0	0	0	73	0	0	0	0	0	0	0	0	0	0	0	0	0	0	0	0	0	0	0	0	0	0	0	0	0	0	0	0	0	0	0	0	0	0	0	212	0	0	0	0	0	0	0	0	0	0	0	0	0	0	0	0	0	0	0	0	0	0	0	0	0	170	0	0	0	0	0	0	0	0	0	0	0	0	0	0	0	0	0	0
0	0	0	0	0	0	0	0	0	0	0	0	0	0	0	0	0	0	0	102	0	0	0	0	0	0	0	0	384	0	0	0	0	0	0	0	50	0	0	0	0	0	0	0	0	0	106	0	0	0	0	0	0	0	0	0	0	0	0	0	0	0	0	0	0	0	0	0	0	0	0	0	0	0	0	0	0	0	0	0	0	0	0	0	0	0
0	0	0	0	0	0	0	0	0	0	0	0	0	0	0	0	0	0	0	0	0	0	0	0	0	0	0	0	0	0	0	0	0	0	0	0	0	0	0	0	0	0	0	0	0	0	0	0	0	0	0	0	0	0	0	0	0	0	0	0	0	0	0	233	0	0	0	0	0	0	270	0	0	0	0	0	0	0	0	0	0	0	0	0	0	0
0	0	214	0	0	0	0	0	0	0	0	0	0	0	0	0	0	0	0	0	0	0	0	0	0	0	0	0	0	0	0	0	0	0	0	0	0	0	0	136	0	0	0	0	0	0	0	0	0	0	0	0	0	0	0	0	0	0	0	0	199	0	0	0	0	0	0	0	0	0	0	0	0	0	0	0	0	0	0	0	0	0	0	0	0	0
0	0	0	0	0	0	0	0	0	0	0	0	0	0	0	0	0	0	0	0	0	0	0	0	0	0	0	0	0	0	0	0	0	0	0	0	0	0	0	0	0	0	0	0	0	0	0	0	0	0	0	0	0	0	0	0	0	0	0	0	0	0	0	0	242	0	0	21	0	0	0	0	0	0	0	0	0	0	0	0	0	0	0	0	0	26
0	0	0	0	0	0	0	0	0	0	0	0	0	0	0	0	0	0	0	0	0	0	0	0	0	0	0	0	0	0	0	310	0	0	0	0	0	0	0	0	0	0	0	0	0	0	0	0	0	0	0	0	0	0	0	0	0	0	0	0	0	0	0	0	0	0	0	244	0	0	0	0	0	0	0	0	0	0	0	0	0	0	0	0	0	0
0	0	0	0	0	0	0	0	0	0	137	0	0	0	0	0	0	0	0	0	0	0	0	0	0	0	0	0	0	0	0	0	0	0	0	0	0	0	0	0	0	53	0	0	0	0	0	0	0	0	0	0	0	0	0	0	0	0	0	0	0	0	0	0	0	0	0	0	0	0	0	0	0	0	0	0	0	0	0	0	0	0	0	0	0	0
0	0	281	0	0	0	0	0	204	0	0	0	0	0	0	0	0	0	0	0	0	0	0	0	0	0	0	0	0	0	0	0	0	0	0	0	0	0	0	249	0	311	0	0	0	0	0	0	0	0	0	0	0	0	0	0	0	0	0	0	0	0	0	0	0	0	0	0	0	0	0	0	0	0	0	0	0	0	0	0	0	0	0	0	0	0
0	0	0	0	0	0	0	0	0	0	0	0	0	0	0	0	0	0	0	0	0	0	0	0	0	0	0	0	0	0	0	0	0	0	0	0	0	34	0	0	0	0	0	0	0	0	0	0	0	0	0	0	0	0	0	0	0	0	0	0	0	0	0	0	0	0	0	0	377	0	0	0	0	0	0	0	0	0	0	0	0	0	0	0	0	0
0	0	0	0	0	0	0	0	0	0	0	0	0	0	0	0	217	0	0	0	0	0	0	0	0	0	0	0	0	0	0	0	0	0	0	0	0	0	0	164	0	0	0	0	0	0	0	0	0	0	0	0	0	0	0	0	0	0	0	0	0	0	0	0	0	0	0	0	0	0	0	0	0	0	0	0	0	0	0	0	0	0	0	0	0	0
0	0	0	0	0	0	0	0	0	0	101	0	0	0	0	0	0	0	0	0	0	0	0	0	0	0	0	0	0	0	0	0	0	0	0	0	0	0	0	0	0	0	0	0	0	0	0	0	0	0	0	0	0	0	0	0	0	0	0	0	135	0	0	0	0	0	0	0	0	0	0	0	0	0	0	0	0	0	0	0	0	0	0	0	0	0
0	0	0	0	0	0	0	0	0	0	0	0	0	0	0	186	0	0	0	0	0	0	0	0	0	0	0	0	0	0	0	0	0	0	0	0	0	0	0	0	0	0	0	0	0	0	0	0	0	0	0	0	0	0	0	0	0	0	0	0	218	0	0	0	0	0	0	0	0	0	0	0	0	0	0	0	0	0	0	240	0	0	0	0	0	0
0	0	0	0	0	0	0	0	0	0	0	0	0	0	0	0	0	0	0	0	0	0	0	0	0	0	0	0	0	0	0	0	0	0	0	0	0	0	0	0	0	0	0	0	0	0	0	0	0	0	0	187	0	0	0	0	0	0	0	0	0	0	0	0	0	0	0	0	0	0	0	85	0	0	0	0	0	0	0	0	0	0	0	0	0	0
0	0	0	0	0	0	0	0	0	0	0	0	0	0	0	0	0	0	0	0	0	0	0	0	0	0	0	0	401	0	0	0	0	0	0	0	0	0	0	0	0	207	0	0	0	0	0	0	0	0	0	0	0	0	0	0	0	0	0	0	0	0	0	0	0	0	0	0	0	0	0	0	0	0	0	0	0	0	0	0	0	0	0	0	0	0
0	0	0	0	0	0	0	0	0	0	0	0	0	0	0	0	0	0	0	0	0	0	0	0	0	0	0	0	0	0	0	0	0	0	0	0	0	0	0	0	0	0	0	0	0	0	0	0	0	0	0	0	0	0	0	0	0	0	226	193	0	0	0	0	0	0	0	0	0	0	0	0	0	0	0	0	0	0	0	0	0	0	0	0	0	0
0	0	0	0	0	0	0	0	0	0	0	0	0	0	0	0	0	0	0	0	0	211	0	0	0	0	0	0	0	0	0	0	0	0	0	0	0	0	0	0	0	0	0	0	0	0	0	0	0	0	0	0	0	0	0	0	0	0	0	0	0	0	0	0	0	0	0	225	0	0	0	0	0	0	0	0	0	0	0	0	0	0	0	0	0	0
0	0	0	0	0	0	0	0	0	0	245	0	0	0	0	0	0	0	0	0	0	0	0	246	0	0	0	0	378	0	0	0	0	0	0	88	0	0	0	0	0	0	0	0	0	0	0	0	0	0	0	0	0	0	0	0	312	0	0	0	0	0	0	0	0	0	0	0	0	0	0	0	0	0	0	0	0	0	0	0	93	0	0	0	0	0
0	0	0	0	0	0	0	0	0	0	0	0	0	0	0	0	0	0	0	0	0	0	0	0	0	0	0	0	407	0	0	0	0	0	0	0	0	0	0	0	0	0	0	0	0	0	0	225	0	0	0	0	0	0	0	0	255	0	0	0	0	0	0	0	0	0	0	0	0	0	0	0	0	0	0	0	0	0	0	0	0	0	0	0	0	0
0	0	0	0	0	0	0	0	0	0	0	0	0	0	0	0	0	0	0	0	0	0	0	0	0	0	0	0	0	0	0	0	0	0	0	0	0	0	0	0	0	0	237	0	181	0	0	0	0	0	0	0	0	0	0	0	0	0	0	0	0	0	0	0	0	0	0	0	0	0	0	0	0	0	0	0	0	0	0	0	0	0	0	0	0	0
0	0	0	0	0	0	0	0	0	0	0	0	0	0	0	0	0	0	0	0	0	0	0	0	0	0	0	0	244	0	0	0	0	0	0	0	0	0	0	0	0	0	0	0	0	0	0	0	0	0	0	0	0	0	0	0	0	0	0	0	0	0	0	41	0	0	0	0	0	0	0	0	0	0	0	0	0	0	0	0	0	0	0	0	46	0
0	0	0	0	0	0	0	0	0	0	0	0	0	0	0	0	0	0	0	0	0	0	0	0	0	0	0	201	0	0	0	0	0	0	0	0	0	0	152	0	0	257	0	0	0	0	0	0	0	0	0	0	0	0	0	0	0	0	0	0	0	0	0	0	0	0	91	0	0	0	0	0	0	0	0	0	0	0	0	0	0	0	0	0	0	0
0	0	198	0	0	0	0	0	0	0	0	0	0	0	0	0	0	0	0	0	0	0	0	0	0	0	0	0	0	0	0	0	0	0	0	0	0	0	0	0	0	0	0	0	0	0	0	0	0	0	0	0	0	0	0	0	0	0	0	0	205	0	0	0	0	0	0	0	0	0	0	0	0	0	0	0	0	0	0	0	0	0	0	0	0	0
0	0	0	0	0	0	0	0	0	0	0	0	0	0	0	0	0	0	0	0	0	0	0	0	0	0	0	0	0	0	0	0	0	0	0	0	0	0	0	0	0	0	0	0	0	0	0	0	0	0	0	0	0	0	0	0	0	203	0	188	0	0	0	0	0	0	0	0	0	0	0	0	0	0	0	0	0	0	0	0	0	0	0	0	0	0
0	0	0	0	0	0	0	0	0	0	0	0	0	0	0	0	0	0	0	0	0	0	0	0	0	0	0	0	0	0	0	0	0	0	0	0	0	85	0	0	0	0	0	0	0	0	0	0	0	275	0	0	0	0	0	0	0	0	0	0	0	0	0	0	0	0	0	0	0	0	0	0	0	0	0	0	0	0	0	0	0	0	0	0	0	0
0	0	0	0	0	0	0	0	229	0	0	0	0	0	0	0	0	0	0	0	0	0	0	0	0	0	0	0	0	0	0	0	0	0	0	0	0	0	0	0	0	0	0	0	0	0	0	0	0	0	0	0	0	0	0	0	0	0	0	0	0	0	0	0	0	0	0	0	0	0	0	0	293	0	0	0	0	0	0	0	0	0	0	0	0	0
0	0	0	0	0	0	213	0	0	221	0	0	0	0	0	0	0	0	0	0	0	224	0	0	0	0	0	0	0	0	0	0	0	0	0	0	0	0	0	0	0	0	0	0	0	0	0	0	0	0	0	0	0	224	0	0	0	0	0	0	0	0	0	0	0	0	0	0	0	0	0	0	0	0	0	0	0	0	0	0	0	0	0	0	0	0
0	0	0	0	0	0	0	0	0	0	0	0	0	207	0	0	0	187	0	0	0	0	0	0	0	0	0	0	0	0	0	0	0	0	0	0	0	0	0	0	0	139	0	0	0	0	0	0	0	0	0	201	0	0	0	0	264	0	0	0	0	0	0	0	0	0	0	0	0	0	0	0	0	0	0	0	0	0	0	0	0	0	0	0	0	0
0	0	0	0	0	0	0	0	0	0	255	0	0	0	0	0	0	0	0	0	0	0	0	0	0	0	0	0	0	0	0	0	0	0	0	0	0	0	0	0	0	0	0	0	0	0	0	0	0	0	0	0	0	0	0	0	0	0	0	0	0	0	0	0	0	0	0	0	0	183	0	0	0	0	0	0	0	0	0	0	0	0	0	0	0	0
0	0	0	0	0	0	0	0	0	0	0	0	0	0	0	0	0	0	0	0	0	0	0	0	0	0	0	0	196	0	0	0	0	0	0	0	0	0	0	0	0	0	0	0	0	0	0	0	0	0	0	0	0	0	0	0	0	0	0	0	0	0	0	0	0	0	0	0	0	0	0	0	0	0	0	0	0	0	0	238	0	0	0	0	0	0
0	0	0	0	202	0	0	0	0	0	0	0	0	0	0	0	0	0	0	0	0	0	0	0	0	0	0	0	0	0	0	0	0	0	0	0	0	0	0	0	0	0	0	0	0	0	0	0	0	0	0	0	0	0	0	0	0	0	0	0	0	0	0	0	0	0	0	0	0	0	0	0	0	0	0	0	0	0	0	0	0	0	133	0	0	0
0	0	0	0	0	0	0	0	0	0	0	0	0	0	0	0	0	0	0	0	0	0	0	0	0	0	0	0	279	0	0	0	0	0	0	0	0	0	0	0	0	0	0	0	0	0	0	0	0	0	0	0	356	0	0	0	0	0	0	0	0	0	0	0	0	0	0	0	0	0	0	0	0	0	0	0	0	0	0	0	0	0	0	0	0	0
0	0	0	0	0	0	0	0	0	0	0	0	0	0	0	0	0	0	0	0	0	0	0	0	0	0	0	0	0	0	0	0	0	0	0	0	0	0	0	0	0	0	0	0	0	0	0	0	0	0	0	0	0	0	0	0	0	0	0	0	0	0	0	0	0	0	40	0	88	0	0	0	0	0	0	0	0	0	259	0	0	0	0	0	0	0
0	0	0	0	0	232	0	0	0	0	0	0	0	0	0	0	0	0	0	0	0	0	0	0	0	0	0	0	0	0	0	0	237	0	0	0	0	0	0	0	0	0	0	0	0	0	0	0	0	0	0	0	0	0	0	0	0	0	0	0	0	0	0	260	0	0	0	0	0	0	0	0	0	0	0	0	0	0	0	0	0	0	0	0	0	0
0	0	217	0	0	0	0	0	0	0	0	0	0	0	0	0	0	0	0	0	0	0	0	0	0	0	0	0	0	0	0	232	0	0	0	0	0	0	0	0	0	0	0	0	0	0	0	0	0	0	0	0	0	0	0	0	0	0	0	0	0	0	0	0	0	0	0	0	0	0	0	0	0	0	0	0	0	0	0	0	0	0	0	0	0	0
0	0	0	0	0	0	0	0	0	0	0	0	0	0	0	0	0	0	0	0	0	266	0	0	273	0	0	0	0	0	0	0	0	0	0	0	0	0	0	0	0	0	0	0	0	0	0	0	0	0	0	0	0	0	0	0	0	0	0	0	0	0	0	0	0	0	0	0	0	0	0	0	0	0	0	0	0	0	0	0	0	0	0	0	0	0
0	0	0	0	0	206	98	0	0	0	0	0	0	0	0	0	0	0	0	0	0	0	0	0	0	0	0	0	0	0	0	0	0	0	0	0	0	0	0	0	0	0	0	0	0	0	0	0	0	0	0	0	0	0	0	0	0	0	0	0	0	0	0	0	0	0	0	0	0	0	0	0	0	0	102	0	0	0	0	0	0	0	0	0	0	0
0	0	0	0	0	0	0	0	0	0	0	0	0	0	0	0	0	0	0	0	0	0	0	0	0	0	0	0	0	0	0	0	0	154	0	0	0	0	0	0	0	0	0	0	0	0	0	0	0	0	0	0	0	0	0	0	0	0	0	0	0	0	0	0	0	0	0	0	0	0	0	0	0	0	0	0	0	0	0	0	0	0	0	0	191	0
0	0	0	0	0	0	0	0	0	0	0	0	0	0	0	0	0	0	0	0	0	0	0	0	0	0	0	0	0	0	0	0	0	0	0	0	0	0	0	0	0	0	0	0	0	0	0	233	0	0	0	0	0	0	0	0	0	91	0	0	0	0	0	0	0	0	0	0	0	0	0	0	0	0	0	0	0	0	0	0	0	0	0	0	0	0
0	0	0	0	0	0	0	0	0	0	0	144	0	0	0	0	0	0	0	0	0	0	0	0	0	0	0	192	0	0	0	0	0	0	0	0	0	0	0	0	0	0	0	0	0	0	0	0	0	0	0	0	0	0	0	0	0	0	0	0	209	0	0	0	0	0	0	0	0	0	0	0	0	0	0	0	0	0	0	0	0	0	0	0	0	0
0	0	0	202	0	0	0	0	0	0	0	0	0	0	0	0	0	0	0	0	0	0	9	0	0	0	0	0	0	0	0	0	0	0	0	0	0	0	0	0	0	0	0	0	0	0	0	0	0	0	0	0	0	0	0	0	0	0	0	0	0	0	0	0	0	0	0	0	0	0	0	0	0	0	0	0	0	0	0	0	0	0	0	0	0	0
0	0	0	0	0	0	0	0	0	0	0	0	0	0	0	0	0	0	0	0	0	58	0	0	0	0	0	0	0	0	0	0	0	0	0	256	0	0	0	0	0	0	0	0	0	0	0	0	0	0	0	0	0	0	0	0	0	0	0	0	0	0	0	0	0	0	0	0	0	0	0	0	0	0	0	0	0	0	0	0	0	0	0	0	0	0
0	0	0	0	0	0	0	0	0	0	0	0	0	210	0	0	0	0	0	0	0	220	0	0	0	0	0	0	0	0	0	0	0	0	0	0	0	0	0	0	0	0	0	0	0	0	0	0	0	0	0	0	0	0	0	0	0	0	0	0	0	0	0	0	0	0	0	0	0	0	0	0	0	0	0	0	0	0	0	0	0	0	92	0	0	0
0	0	0	173	0	0	0	0	0	0	0	211	0	0	0	0	0	0	0	0	0	0	0	0	0	0	0	0	0	0	0	0	0	0	0	0	0	0	0	0	0	0	0	0	0	0	0	0	0	0	0	0	0	0	0	0	0	0	0	0	0	0	0	0	0	0	0	0	0	0	0	0	0	0	0	0	0	0	0	0	0	0	0	0	0	0
0	0	0	0	0	0	0	0	0	0	0	0	0	0	0	0	0	0	0	98	0	202	0	0	0	0	0	0	0	0	0	0	0	0	0	0	0	0	0	0	0	0	0	0	0	0	0	0	0	0	0	0	0	0	0	0	0	0	0	0	0	0	0	0	0	0	0	0	0	0	0	0	0	0	0	0	0	0	0	0	0	0	0	0	0	0
0	0	0	0	0	0	0	0	0	0	0	0	0	0	0	0	0	0	0	0	0	0	0	0	0	0	0	0	0	0	0	283	0	0	0	0	0	0	0	0	0	0	0	0	0	0	0	0	0	0	0	0	355	0	0	0	0	0	0	0	0	0	0	0	0	0	0	0	0	0	0	0	0	0	0	0	0	0	0	0	0	0	0	0	0	0
0	0	0	0	0	231	0	0	0	0	0	0	0	0	0	0	0	0	0	0	0	0	0	0	0	0	0	0	0	0	0	0	232	0	0	0	0	0	0	0	0	0	0	0	0	0	0	0	0	0	0	0	0	0	0	0	0	0	0	0	0	0	0	0	0	0	0	0	0	0	0	0	0	0	0	0	0	0	0	0	0	0	0	0	0	0
0	0	0	171	0	0	0	0	0	0	0	0	0	0	0	0	0	0	0	0	0	0	0	0	0	0	0	0	0	0	0	0	0	0	0	0	130	0	0	0	0	0	0	0	0	0	0	0	0	0	0	0	0	0	0	0	0	0	0	0	0	0	0	0	0	0	0	0	0	0	0	0	0	0	0	0	0	0	0	0	0	0	0	0	0	0
0	0	0	0	0	0	0	0	0	0	0	0	0	0	0	0	0	0	0	0	37	0	0	0	0	0	0	0	0	0	0	0	0	0	0	0	0	59	0	0	0	0	0	0	0	0	0	0	0	0	0	0	0	0	0	0	0	0	0	0	0	0	0	0	0	0	0	0	0	0	0	0	0	0	0	0	0	0	0	0	0	0	0	0	0	0
0	0	0	0	0	0	0	0	0	0	0	0	0	0	0	0	0	0	0	0	0	0	0	0	0	0	0	0	0	0	0	0	0	0	0	0	0	0	0	0	0	0	0	0	0	0	0	0	0	0	0	0	0	0	0	0	0	0	0	0	0	0	0	0	0	0	0	0	0	0	272	0	0	0	0	0	0	0	0	0	0	0	0	0	79	0
0	0	0	0	0	0	0	0	0	0	0	0	0	0	0	0	0	0	0	0	0	0	0	0	0	0	0	0	0	0	0	0	0	0	0	0	0	0	0	0	0	0	0	0	0	0	0	0	0	0	0	0	0	0	0	0	0	0	0	0	189	0	0	0	0	0	0	0	0	0	0	296	0	0	0	0	0	0	0	0	0	0	0	0	0	0
0	0	0	0	0	0	0	0	0	0	233	0	0	0	0	0	0	0	0	0	0	0	0	0	0	0	0	0	0	0	0	0	0	0	0	0	0	0	0	0	0	0	0	0	0	0	0	0	0	0	0	0	0	0	0	0	0	0	0	0	202	0	0	0	0	0	0	0	0	0	0	0	0	0	0	0	0	0	0	0	0	0	0	0	0	0
0	0	0	0	0	0	0	0	0	0	0	0	0	0	0	0	0	0	0	0	0	0	0	0	0	0	0	0	0	0	0	0	0	0	0	0	0	0	0	0	0	0	0	0	0	0	0	0	0	0	0	0	0	0	204	0	0	0	0	0	0	0	0	0	0	0	0	0	0	0	0	0	329	0	0	0	0	0	0	0	0	0	0	0	0	0
0	0	0	0	0	0	0	0	0	0	0	0	0	0	0	0	0	0	0	0	0	0	0	0	0	0	0	0	341	0	0	0	0	0	0	0	0	0	0	0	0	0	0	0	0	0	0	0	0	0	0	0	0	0	0	0	311	0	0	0	0	0	0	0	0	0	0	0	0	0	0	0	0	0	0	0	0	0	0	0	0	0	0	0	0	0
0	0	0	0	0	0	0	0	0	0	0	0	0	0	0	0	0	0	0	0	0	0	0	0	0	0	0	0	0	0	0	0	0	0	0	0	0	0	0	0	0	178	0	0	0	0	0	0	0	0	0	0	0	0	0	0	0	0	0	0	0	0	0	0	0	0	0	198	0	0	0	0	0	0	0	0	0	0	0	0	0	0	0	0	0	0
0	0	0	0	0	192	0	0	0	0	0	0	276	0	0	0	0	0	0	0	0	0	0	0	0	0	0	0	0	0	0	0	0	0	0	0	0	0	0	0	0	0	0	0	0	0	0	0	0	0	0	0	0	0	0	0	0	0	0	0	0	0	0	0	0	0	0	0	0	0	0	280	0	0	0	0	0	0	0	0	0	0	0	0	0	0
0	0	0	0	0	0	0	0	0	0	0	0	0	0	0	0	0	0	0	0	0	0	0	0	0	0	0	0	0	0	0	0	0	0	0	0	0	0	0	0	0	0	0	0	0	0	0	391	0	0	0	0	0	0	0	0	0	0	0	0	213	0	0	0	0	0	0	0	0	0	0	0	0	0	0	0	0	0	0	0	0	0	0	0	0	0
0	0	0	0	0	0	0	0	0	0	0	0	0	90	0	0	0	0	0	0	0	0	0	0	0	0	0	0	0	0	0	0	0	0	0	0	0	0	0	0	0	0	0	0	0	0	0	0	0	0	0	0	0	0	0	0	333	0	0	0	0	0	0	0	0	0	0	0	0	0	0	0	0	0	0	0	0	0	0	0	0	0	0	0	0	0
0	0	0	0	0	0	0	0	0	0	0	0	0	0	0	0	0	0	0	0	0	0	0	0	0	0	0	0	0	0	0	249	0	0	0	0	0	0	0	0	0	0	0	0	0	0	0	322	0	0	0	0	0	0	0	0	0	0	0	0	0	0	0	0	0	0	0	0	0	0	0	0	0	0	0	0	0	0	0	0	0	0	0	0	0	0
0	0	0	0	0	0	0	0	0	0	0	0	136	0	0	0	0	0	0	0	0	0	0	0	0	0	0	0	0	0	0	0	0	0	0	0	0	0	0	0	0	0	0	0	0	0	0	0	0	0	0	0	0	0	0	0	0	0	0	0	220	0	0	0	0	0	0	0	0	0	0	0	0	0	0	0	0	0	0	0	0	0	0	0	0	0
0	0	0	0	0	0	0	0	0	0	0	0	0	0	0	0	0	0	0	0	0	0	0	0	0	0	0	0	0	0	0	0	0	0	0	0	0	0	0	0	0	0	0	0	0	0	0	0	0	0	0	0	0	0	208	0	334	0	0	0	0	0	0	0	0	0	0	0	0	0	0	0	0	175	0	0	0	0	0	0	0	0	0	0	0	0
0	0	0	0	0	0	0	0	0	0	0	0	0	0	0	0	0	0	0	0	0	0	0	0	0	0	0	0	0	0	0	0	0	0	0	0	0	0	0	0	0	279	0	0	0	0	0	0	0	0	0	0	0	0	0	0	0	0	0	0	0	0	0	0	0	0	0	0	0	0	263	0	0	0	0	0	0	0	0	0	0	0	0	0	0	0
0	0	0	0	0	0	0	0	0	0	254	0	0	0	0	0	0	0	0	0	0	0	0	0	0	0	0	0	0	0	0	0	0	0	0	0	0	0	0	0	0	0	0	0	0	0	0	0	0	0	218	0	0	0	0	0	0	0	0	0	0	0	0	0	0	0	0	0	0	0	0	0	0	0	0	0	0	0	0	0	0	0	0	0	0	0
0	0	15	0	0	0	0	0	0	0	0	0	0	0	0	0	0	0	0	0	0	0	0	0	0	16	0	0	0	0	0	0	0	0	0	0	0	0	0	0	0	0	0	0	0	0	0	0	0	0	0	0	0	0	0	0	0	0	0	0	0	0	0	0	0	0	0	0	0	0	0	0	0	0	0	0	0	0	0	0	0	0	0	0	0	0
0	0	0	0	0	0	0	0	0	0	0	0	0	0	0	0	0	0	0	0	0	0	0	0	0	0	0	0	0	0	0	0	0	0	0	0	0	0	0	0	0	0	0	0	0	0	0	0	174	0	0	0	0	0	0	0	0	0	0	0	0	0	0	15	0	0	0	0	0	0	0	0	0	0	0	0	0	0	0	0	0	0	0	0	0	0
0	0	0	0	0	0	0	0	0	0	214	0	0	0	0	0	0	0	0	0	0	0	0	0	0	0	0	0	0	0	0	0	0	0	0	0	0	0	0	0	0	0	0	227	0	0	0	0	0	0	0	0	0	0	0	0	0	0	0	0	0	0	0	0	0	0	0	0	0	0	0	0	0	0	0	0	0	0	0	0	0	0	0	0	0	0
0	0	0	0	0	0	0	0	0	0	0	0	0	0	0	0	0	0	0	0	0	0	0	0	0	0	0	0	0	0	0	0	0	0	0	0	0	284	0	0	0	0	0	0	0	0	0	0	0	0	0	0	0	0	0	0	0	0	0	0	0	0	0	0	0	0	0	0	0	0	0	0	0	0	0	0	0	0	0	0	0	188	0	0	0	0
0	0	0	0	0	0	0	0	0	0	0	0	0	0	0	0	0	0	0	0	0	0	0	0	0	0	0	0	0	0	0	238	0	0	0	0	0	0	0	204	0	0	0	0	0	0	0	0	0	0	0	0	0	0	0	0	0	0	0	177	0	0	0	0	0	0	0	0	0	0	0	0	0	0	0	0	0	0	0	0	0	0	0	0	0	0
0	0	0	0	0	0	0	0	0	0	0	0	0	0	0	0	0	0	0	0	0	0	0	0	0	0	0	0	0	0	0	0	0	0	0	0	0	0	0	0	0	0	0	0	0	0	0	0	0	0	0	0	0	0	0	0	0	0	0	0	0	0	0	0	0	0	0	0	0	192	0	0	0	0	0	289	0	0	0	0	0	0	0	0	242	0
0	0	0	0	0	0	0	0	0	0	0	0	0	0	0	0	0	0	0	0	0	0	0	0	0	0	0	0	0	0	0	0	0	0	0	0	0	0	0	0	0	0	0	0	0	0	0	0	217	0	0	0	0	0	0	0	0	0	0	0	0	0	0	0	0	0	0	0	0	0	0	0	0	0	0	0	0	0	0	0	188	0	0	0	0	0
0	0	0	0	0	0	0	0	0	0	0	0	194	0	0	0	0	0	0	0	0	0	0	0	0	0	0	0	0	0	0	0	0	0	0	0	0	0	248	0	0	0	0	0	0	0	0	0	0	0	0	0	0	0	0	0	0	0	0	0	0	0	0	0	0	0	0	0	0	0	0	0	0	0	0	0	0	0	0	0	0	0	0	0	0	0
0	0	0	0	0	0	0	0	0	0	0	0	0	0	0	0	0	0	0	0	0	0	0	0	0	0	0	0	0	0	0	0	0	0	0	0	0	0	0	0	0	0	0	0	0	0	0	0	0	0	0	0	0	0	0	0	0	0	0	0	0	0	0	0	0	0	0	0	0	0	0	126	0	0	0	0	0	0	0	0	0	185	0	0	0	0
0	0	0	0	0	0	0	0	0	0	43	0	0	0	0	0	0	0	0	0	0	0	0	0	0	0	0	0	0	0	0	0	0	0	0	0	0	0	0	0	0	0	0	0	0	0	0	0	0	0	0	0	0	0	0	0	0	0	0	0	0	0	0	0	0	0	0	0	0	0	0	0	0	0	0	0	218	0	0	0	0	0	0	0	0	0
0	0	0	0	0	0	0	0	0	0	0	145	0	0	0	0	0	0	0	0	0	0	0	0	0	0	0	0	0	0	0	0	0	0	0	0	0	0	0	0	0	0	0	0	0	0	0	0	0	0	0	0	0	0	0	0	0	0	0	0	0	0	0	0	0	0	0	0	0	0	0	215	0	0	0	0	0	0	0	0	0	0	0	0	0	0
0	0	0	0	0	0	0	0	0	0	0	0	0	0	0	0	0	0	0	0	0	0	0	0	0	0	0	0	393	0	0	0	0	0	0	0	0	0	141	0	0	0	0	0	0	0	0	0	0	0	0	0	0	0	0	0	0	0	0	0	0	0	0	0	0	0	0	0	0	0	0	0	0	0	0	214	0	0	0	0	0	0	0	0	0	0
189	0	0	0	0	0	0	0	0	0	0	0	0	0	0	0	0	0	0	0	0	0	0	0	0	0	0	0	0	0	0	0	0	0	0	0	0	0	0	0	0	0	0	0	0	0	0	0	0	0	0	0	0	0	0	0	0	0	224	0	0	0	0	0	0	0	0	0	0	0	0	0	0	0	0	0	0	0	0	0	0	0	0	0	0	0
0	0	0	0	0	0	0	0	0	0	0	0	0	0	0	0	0	0	0	0	0	0	0	0	0	0	0	0	0	0	0	288	0	0	0	0	0	0	0	0	0	0	0	0	0	0	0	244	0	0	0	0	0	0	0	0	0	0	0	0	0	0	0	0	0	0	0	0	0	0	0	0	0	0	0	0	0	0	0	0	0	0	0	0	0	0
0	0	0	0	0	0	0	0	0	0	0	0	147	0	0	0	0	0	0	0	0	0	0	0	0	0	0	0	0	0	0	0	0	0	0	0	0	0	0	213	0	0	0	0	0	0	0	0	0	0	0	0	0	0	0	0	0	0	0	0	0	0	0	0	0	0	0	0	0	0	0	0	0	0	0	0	0	0	0	0	0	0	0	0	0	0
0	0	0	0	0	0	0	0	0	0	0	0	0	0	0	0	0	0	0	0	0	0	0	0	0	0	0	0	0	0	0	0	0	0	0	0	0	0	0	0	0	0	0	0	0	0	0	0	0	0	0	0	0	0	0	0	0	0	0	0	208	0	0	0	0	0	0	215	0	0	0	0	0	0	0	0	0	0	0	0	0	0	0	0	0	0
0	0	0	0	0	0	0	0	0	0	0	0	0	0	0	0	0	0	0	0	0	0	0	0	0	0	0	0	0	0	0	0	0	0	0	0	0	0	0	0	0	0	0	0	0	0	0	0	0	0	0	0	0	0	0	0	0	0	0	219	0	0	0	0	0	0	0	0	0	0	0	0	0	105	0	0	0	0	0	0	0	0	0	0	0	0
0	0	0	0	0	0	0	0	0	0	0	0	0	0	0	0	0	0	0	0	0	0	0	0	0	0	0	0	16	0	0	0	0	0	0	0	0	0	0	0	0	0	0	0	0	0	19	0	0	0	0	0	0	0	0	0	0	0	0	0	0	0	0	0	0	0	0	0	0	0	0	0	16	0	0	15	0	0	0	0	0	0	0	0	0	0
0	0	0	0	0	0	0	0	0	0	0	0	0	0	0	0	0	0	0	0	0	0	0	0	0	0	0	0	0	0	0	0	0	0	0	0	0	0	0	271	0	288	0	0	0	220	0	0	0	0	0	0	0	0	0	0	0	0	0	0	0	0	0	0	0	0	0	0	0	0	0	0	0	0	0	0	0	0	0	0	0	0	0	0	0	0
0	0	0	0	0	0	0	0	0	0	0	0	0	0	0	0	0	0	0	0	0	0	0	0	0	0	0	0	0	253	0	0	0	0	0	0	0	0	0	0	0	0	0	0	0	0	0	438	0	0	0	0	0	0	0	0	0	0	0	0	0	0	0	0	0	0	0	0	0	0	0	0	0	0	0	0	0	0	0	0	0	0	0	0	0	0
0	0	0	0	0	0	0	0	0	0	0	0	0	0	0	0	0	0	0	0	0	0	0	0	0	0	0	0	0	0	0	0	0	0	0	0	0	254	0	0	0	0	0	0	0	0	0	0	0	0	0	0	0	0	0	0	0	0	0	0	0	0	0	0	0	0	0	0	0	198	0	0	0	0	0	280	0	0	0	0	0	0	0	0	0	0
0	0	0	0	0	0	0	0	0	0	0	0	0	0	0	0	0	0	0	0	0	0	0	0	0	0	0	0	0	0	0	0	0	0	0	0	0	0	0	166	0	0	0	0	0	0	0	0	0	0	0	0	253	0	0	0	0	0	0	0	0	0	0	0	0	0	0	0	0	0	0	0	0	0	0	0	0	0	0	0	0	0	0	0	0	0
0	0	0	0	0	0	0	0	0	0	0	0	0	0	0	0	0	0	0	0	0	78	0	0	0	0	0	0	0	0	0	0	0	0	0	0	0	0	0	0	0	0	0	0	0	0	0	0	0	0	0	0	0	0	0	0	0	0	0	0	0	0	0	0	0	0	0	0	0	0	0	271	0	0	0	0	0	0	0	0	0	0	0	0	0	0
0	0	0	0	0	0	0	0	0	0	0	0	0	0	0	0	0	0	0	0	0	0	0	0	228	0	0	0	0	0	0	0	0	0	0	0	0	0	0	0	0	0	0	0	0	0	0	0	0	0	0	0	0	0	0	0	0	0	0	0	0	0	0	0	0	0	0	0	0	0	0	0	0	0	0	0	0	0	0	0	0	69	0	0	0	0
0	0	0	0	0	0	0	0	0	0	0	0	0	0	0	0	0	0	0	0	0	0	0	0	0	0	0	0	0	0	0	0	0	0	197	0	0	0	0	0	0	0	0	0	0	0	0	0	0	0	0	0	0	0	182	0	0	0	0	0	0	0	0	159	0	0	0	0	0	0	0	0	0	0	0	0	0	0	0	0	0	0	0	0	0	0
0	0	0	0	0	0	0	0	0	0	0	0	261	0	0	0	0	0	0	0	0	0	0	0	0	0	0	0	0	0	0	0	0	0	0	0	0	0	0	200	0	0	0	0	0	0	0	0	0	0	0	0	0	0	0	0	0	0	0	0	0	0	0	0	0	0	0	0	0	0	0	0	0	0	0	0	0	0	0	0	0	0	0	0	0	0
0	0	0	0	0	0	0	0	0	0	0	0	0	0	0	0	0	0	0	0	0	0	0	0	0	0	0	0	0	0	0	0	0	0	0	0	0	0	0	0	0	0	0	0	0	0	0	0	0	0	0	0	0	0	0	0	0	0	0	0	0	0	0	0	0	0	0	0	0	0	0	0	368	0	0	0	47	0	0	0	0	0	0	0	0	0
0	0	0	0	0	0	0	0	0	0	0	0	0	0	0	0	0	0	0	0	0	0	0	0	0	0	0	0	406	0	0	0	0	0	0	0	0	0	0	0	0	0	0	0	0	0	0	0	0	0	0	0	0	0	0	0	0	0	0	0	0	0	0	0	0	0	0	0	0	0	0	0	0	0	0	0	0	0	220	0	0	0	0	0	0	0
0	0	0	0	236	0	0	0	0	0	0	0	0	0	0	0	0	0	0	0	0	0	0	0	0	0	0	0	0	0	0	0	0	0	0	0	191	0	0	0	0	0	0	0	0	0	0	0	0	0	0	0	0	0	0	0	0	0	0	0	0	0	0	0	0	0	0	0	0	0	0	0	0	0	0	0	0	0	0	273	0	0	0	0	0	0
0	0	0	0	0	0	0	0	238	0	0	0	0	0	0	0	53	0	0	0	0	0	0	0	0	0	0	0	0	0	0	0	0	0	0	0	0	0	0	0	0	0	0	0	0	0	0	0	0	0	0	0	0	0	0	0	0	0	0	0	0	0	0	0	0	0	0	0	0	0	0	0	0	0	0	0	0	0	0	0	0	0	0	0	0	0
0	0	0	0	0	0	0	0	0	0	253	0	0	0	0	0	0	0	0	0	0	0	0	0	0	0	0	0	0	0	0	0	0	0	0	0	0	0	0	0	0	0	0	0	0	0	0	0	0	0	0	0	0	0	0	0	0	0	0	0	0	0	101	0	220	0	0	0	0	0	0	0	0	0	0	0	0	0	0	0	0	0	0	0	0	0
0	0	0	0	0	0	0	0	0	0	0	0	0	0	0	0	0	0	0	0	0	0	0	0	0	0	0	0	0	0	0	0	0	0	0	0	0	0	0	0	0	0	0	0	0	0	0	0	0	0	0	0	0	0	0	0	0	0	0	0	0	0	0	0	0	0	0	0	286	0	0	0	0	0	0	0	0	0	0	0	250	0	0	0	0	0
0	182	0	0	0	0	0	0	0	0	0	0	0	0	0	0	0	0	0	0	0	0	0	0	0	0	0	0	0	195	0	0	0	0	0	0	0	0	0	0	0	0	0	0	0	0	0	0	0	0	0	0	0	0	0	0	0	0	0	0	0	0	0	0	0	0	0	0	0	0	0	0	0	0	0	0	0	0	0	0	0	0	0	0	0	0
0	0	0	0	0	0	0	0	0	0	0	0	0	0	0	0	0	0	0	0	0	0	0	0	0	0	0	0	0	0	0	0	0	0	0	0	0	0	0	0	0	0	0	0	0	0	0	0	0	0	0	0	0	0	0	0	0	0	0	0	0	0	0	0	0	0	0	12	0	0	0	0	0	0	0	0	0	0	0	0	0	0	0	0	15	0
0	0	0	0	53	0	0	0	0	0	0	0	0	0	0	0	0	0	0	125	0	0	0	0	0	0	0	0	0	0	0	0	0	0	0	0	0	0	0	0	0	0	0	0	0	0	0	0	0	0	0	0	0	0	0	0	0	0	0	0	0	0	0	0	0	0	0	0	0	0	0	0	0	0	0	0	0	0	0	0	0	0	0	0	0	0
0	0	0	0	0	0	0	0	192	0	0	0	0	0	0	0	0	0	0	0	0	0	0	0	0	0	0	0	0	0	0	0	0	0	0	0	0	0	0	0	0	280	0	0	0	0	0	0	0	0	0	0	0	0	0	0	0	0	0	0	0	0	0	0	0	0	0	0	0	0	0	0	0	0	0	0	0	0	0	0	0	0	0	0	122	0
0	0	0	0	0	0	0	0	0	0	0	0	0	0	0	0	0	0	0	0	0	0	0	0	0	0	0	0	0	0	0	0	0	0	0	0	0	0	0	0	0	0	0	0	0	0	0	0	0	0	0	0	0	0	0	0	0	0	0	0	0	0	0	0	0	0	0	0	0	197	0	0	243	0	0	0	0	0	0	0	0	0	0	0	0	0
0	0	26	0	0	25	0	0	0	0	0	0	0	0	0	0	0	0	0	0	0	0	0	0	0	0	0	0	0	0	0	0	0	0	0	0	0	0	0	0	0	0	0	0	0	0	0	0	0	0	0	0	0	0	0	0	0	0	0	0	0	0	0	0	0	0	0	0	0	0	0	0	0	0	0	0	0	0	0	0	0	0	0	0	0	0
0	0	0	0	0	0	0	0	0	0	0	0	0	0	0	0	0	0	0	0	0	0	0	0	0	0	0	0	0	0	0	0	0	0	0	0	0	0	0	206	0	0	0	0	0	0	0	0	0	0	0	0	0	0	0	0	0	0	0	0	178	0	0	0	0	0	0	0	0	0	0	0	0	0	0	0	0	0	0	0	0	0	0	0	0	0
0	0	0	0	0	0	0	0	0	0	0	0	0	0	0	0	0	0	0	0	0	0	0	0	0	0	0	0	0	0	0	0	0	0	0	0	0	0	184	0	0	0	0	0	0	0	0	0	0	0	0	0	0	0	0	0	0	0	0	0	0	0	0	0	0	0	0	0	0	0	0	0	0	0	0	209	0	0	0	0	0	0	0	0	0	0
0	0	0	0	0	0	0	0	0	0	0	0	0	0	0	0	0	0	0	0	0	0	0	0	0	0	0	0	0	0	0	0	0	0	0	0	0	0	0	0	0	0	0	0	0	0	0	0	0	0	0	0	0	0	0	0	0	0	0	0	0	0	0	0	0	0	0	187	0	0	0	0	0	0	0	0	0	0	0	0	0	256	0	0	0	0
0	0	0	0	0	0	0	0	0	0	0	0	0	0	0	0	0	0	0	0	0	0	0	0	0	0	0	0	0	0	0	0	0	0	0	0	0	0	0	171	0	0	0	0	0	0	0	0	0	0	0	0	0	0	0	0	0	0	0	0	0	0	0	0	0	0	0	0	264	0	0	0	0	0	0	0	0	0	0	0	0	0	0	0	0	0
0	0	0	0	0	0	0	0	0	0	0	0	0	0	0	0	0	0	0	0	0	0	0	210	0	0	0	0	0	0	0	0	0	0	0	0	0	0	0	0	0	0	0	0	0	0	0	0	0	0	0	0	0	0	0	0	0	0	0	0	0	0	0	0	0	0	0	0	0	0	0	0	0	148	0	0	0	0	0	0	0	0	0	0	0	0
0	0	0	0	0	0	0	0	0	0	0	0	0	262	0	0	0	0	0	0	0	0	0	0	0	0	0	0	0	0	0	0	0	0	0	0	0	0	0	0	0	0	0	0	0	0	408	0	0	0	0	0	0	0	0	0	0	0	0	0	0	0	0	0	0	0	0	0	0	0	0	0	0	0	0	0	0	0	0	0	0	0	0	0	0	0
0	0	0	0	0	0	0	0	0	0	0	0	0	0	0	0	0	0	0	0	0	0	0	0	0	0	0	0	0	0	0	0	0	0	0	0	267	0	0	0	0	0	0	0	0	0	0	0	0	0	0	0	0	0	0	0	0	0	0	0	0	0	0	0	249	0	0	0	0	0	0	0	0	0	0	0	0	0	0	0	0	0	0	0	0	0
0	233	0	0	0	0	0	0	0	0	0	0	0	0	0	0	0	0	0	0	0	0	0	0	0	0	0	0	0	0	0	0	0	0	0	0	0	0	0	0	0	0	0	0	0	0	0	0	0	0	0	0	0	0	219	0	0	0	0	0	0	0	0	0	0	0	0	0	0	0	0	0	0	0	0	0	0	0	0	0	0	0	0	0	0	0
0	0	0	0	0	0	0	0	0	0	0	0	155	0	0	0	0	0	0	0	0	0	0	0	0	0	0	0	0	0	0	0	0	0	0	0	0	0	0	0	0	0	0	0	0	0	0	0	0	0	0	0	0	0	0	0	0	0	225	0	0	0	0	0	0	0	0	0	0	0	0	0	0	0	0	0	0	0	0	0	0	0	0	0	0	0
0	0	0	0	0	0	0	0	0	189	0	0	0	0	0	0	0	0	0	0	0	0	0	0	0	0	227	0	0	0	0	0	0	0	0	0	0	0	0	0	0	0	0	0	0	0	0	0	0	0	0	0	0	0	0	0	0	0	0	0	0	0	0	0	0	0	0	0	0	0	0	0	0	0	0	0	0	0	0	0	0	0	0	0	0	0
0	0	0	0	0	0	0	0	0	0	0	0	0	0	0	0	0	0	0	0	0	0	224	0	0	0	0	0	0	0	0	0	0	0	0	202	0	0	0	0	0	0	0	0	0	0	0	0	0	0	0	0	0	0	0	0	0	0	0	0	0	0	0	0	0	0	0	0	0	0	0	0	0	0	0	0	0	0	0	0	0	0	0	0	0	0
0	0	0	0	0	0	0	0	0	0	0	0	0	0	0	0	0	0	0	0	0	0	0	0	0	0	0	0	0	0	0	0	0	0	0	0	0	0	0	217	0	0	0	0	0	0	0	0	0	0	0	0	0	0	0	0	0	0	0	0	0	0	0	0	0	0	0	0	0	0	0	0	0	0	0	0	0	0	0	0	249	0	0	0	0	0
0	0	0	0	0	0	0	0	0	0	0	0	0	0	0	0	0	0	0	0	0	0	0	0	0	0	0	0	0	0	0	0	222	0	0	0	0	0	0	0	0	0	0	0	0	0	0	0	0	0	0	0	0	0	0	0	0	0	0	0	0	0	0	0	0	0	0	0	0	228	0	0	0	0	0	0	0	0	0	0	0	0	0	0	0	0
0	0	0	0	0	0	0	0	0	0	0	0	0	0	0	0	0	0	0	0	0	0	0	0	0	0	0	0	0	0	0	0	0	0	0	0	0	0	0	0	0	0	0	0	0	0	0	0	0	0	0	0	0	0	179	0	0	0	222	0	0	0	0	0	0	0	0	0	0	0	0	0	0	0	0	0	0	0	0	0	0	0	0	0	0	0
0	0	0	0	0	0	0	0	0	0	0	0	0	0	0	0	0	0	0	0	0	0	0	0	0	0	0	0	390	0	0	0	0	0	0	0	0	0	0	0	0	285	0	0	0	0	0	0	0	0	0	0	0	0	0	0	0	0	0	0	0	0	0	0	0	0	0	0	0	0	0	0	0	0	0	0	0	0	0	0	0	0	0	0	0	0
0	173	0	0	0	0	0	0	0	0	0	0	0	0	0	0	0	0	0	0	0	0	0	0	0	0	0	0	0	0	0	0	0	0	0	0	0	0	0	0	0	0	0	0	0	0	0	0	0	0	0	0	0	0	0	0	0	0	0	0	0	0	0	0	0	0	0	0	0	0	0	0	0	0	0	262	0	0	0	0	0	0	0	0	0	0
0	0	0	0	0	0	0	0	0	0	0	227	0	0	0	0	0	0	0	0	0	0	0	0	0	0	0	0	0	0	0	0	0	0	0	0	0	0	0	0	0	0	0	0	0	0	0	0	0	0	0	0	0	0	0	0	0	0	0	0	0	0	0	0	0	0	0	163	0	0	0	0	0	0	0	0	0	0	0	0	0	0	0	0	0	0
0	0	0	0	0	0	0	0	0	0	174	0	0	0	0	0	0	0	0	0	0	0	0	0	0	0	0	0	0	0	0	0	0	0	0	0	0	0	0	0	0	0	0	0	0	0	0	0	0	0	0	0	0	0	0	0	0	0	0	0	0	0	0	0	0	0	0	0	0	0	0	0	0	0	0	0	205	0	0	0	0	0	0	0	0	0
0	0	0	0	0	0	0	0	0	0	0	0	0	0	0	0	0	0	0	0	0	0	0	0	0	0	0	0	0	0	0	0	0	0	0	0	0	0	0	0	0	0	0	0	0	0	0	0	0	0	0	0	0	0	0	0	0	0	0	0	227	0	0	0	0	0	0	0	0	0	0	0	0	0	0	0	0	0	0	0	0	178	0	0	0	0
0	0	0	0	0	0	0	0	0	0	0	0	0	0	0	0	0	0	0	240	0	0	0	0	0	0	0	0	0	0	0	0	0	0	0	0	0	0	0	0	0	0	0	0	0	0	0	0	0	0	0	0	0	0	0	0	272	0	0	0	0	0	0	0	0	0	0	0	0	0	0	0	0	0	0	0	0	0	0	0	0	0	0	0	0	0
0	0	0	0	0	0	0	0	0	0	0	0	0	0	0	0	0	0	0	0	0	0	0	0	0	0	0	0	0	0	0	0	0	0	0	0	0	0	0	0	0	0	0	0	0	0	0	367	0	0	0	0	0	0	0	0	0	0	0	192	0	0	0	0	0	0	0	0	0	0	0	0	0	0	0	0	0	0	0	0	0	0	0	0	0	0
0	0	0	0	0	0	0	0	0	0	0	0	0	0	0	0	0	0	0	0	0	0	0	0	0	0	0	0	0	0	0	0	0	0	0	0	0	0	0	0	0	0	0	0	0	0	0	0	0	0	0	0	0	0	0	0	0	0	0	0	147	0	0	0	0	0	0	0	0	0	0	0	0	0	0	0	0	0	0	0	0	0	220	0	0	0
0	0	0	0	0	235	0	0	0	0	0	0	0	0	0	0	0	0	0	0	0	0	0	0	0	0	0	0	0	0	0	0	0	0	0	0	0	0	0	0	0	0	0	0	0	0	0	360	0	0	0	0	0	0	0	0	0	0	0	0	0	0	0	0	0	0	0	0	0	0	0	0	0	0	0	0	0	0	0	0	0	0	0	0	0	0
0	0	0	0	0	217	0	0	0	0	0	0	0	0	0	0	0	0	0	0	0	0	0	0	0	0	0	0	0	0	0	0	0	0	0	0	0	0	0	0	0	0	0	0	0	0	0	0	0	0	0	0	0	0	0	0	0	0	0	0	0	0	0	0	0	0	0	0	351	0	0	0	0	0	0	0	0	0	0	0	0	0	0	0	0	0
0	0	0	0	0	0	0	0	0	0	0	0	0	0	0	0	0	0	0	0	0	0	0	0	0	0	0	0	0	0	0	0	0	0	0	0	0	0	0	0	0	0	0	0	0	0	0	0	0	0	0	0	0	0	0	0	0	0	0	0	0	0	0	0	0	0	0	0	0	0	0	0	0	0	73	0	0	0	0	0	0	0	207	0	0	0
0	0	0	0	0	0	0	0	0	0	0	0	0	0	0	0	0	0	0	0	0	0	0	0	0	0	0	0	0	0	0	0	0	0	0	0	0	0	0	0	0	3	0	0	0	0	0	0	0	0	0	0	0	0	0	0	0	0	0	0	0	0	0	0	0	0	0	0	0	0	0	0	0	0	0	244	0	0	0	0	0	0	0	0	0	0
0	0	0	0	0	0	0	0	0	0	0	0	0	0	0	0	0	0	0	0	0	0	0	0	0	0	0	0	0	0	0	0	0	0	0	0	0	0	0	179	0	0	0	0	0	0	0	0	0	0	0	0	0	0	0	0	0	0	0	0	0	0	0	0	0	0	0	0	0	0	0	0	0	0	0	0	0	0	0	241	0	0	0	0	0	0
0	0	0	0	0	0	0	0	0	0	0	0	0	0	0	0	0	0	0	0	0	0	0	0	0	0	0	0	0	0	0	0	0	0	0	0	0	0	0	0	0	0	0	0	0	0	0	0	0	0	0	0	0	0	0	0	215	0	0	0	0	0	0	0	0	0	0	0	0	0	0	0	0	159	0	0	0	0	0	0	0	0	0	0	0	0
